,Rk,Player,Nation,Pos,Squad,Age,Born,90s,Att,Live,Dead,FK,TB,Sw,Crs,TI,CK,In,Out,Str,Cmp,Off,Blocks,Matches
0,1,Dickson Abiama,ng NGA,FW,Greuther Fürth,22,1998,8.1,137,129,6,0,2,0,3,0,0,0,0,0,84,2,6,Matches
1,2,Ragnar Ache,de GER,"MF,FW",Eint Frankfurt,23,1998,2.9,64,61,2,0,0,1,6,2,0,0,0,0,37,1,4,Matches
2,3,Tyler Adams,us USA,MF,RB Leipzig,22,1999,15.0,918,882,32,16,1,0,2,14,0,0,0,0,794,4,15,Matches
3,4,Sargis Adamyan,am ARM,"FW,MF",Hoffenheim,28,1993,3.7,101,95,5,0,0,0,5,5,0,0,0,0,73,1,3,Matches
4,5,Amine Adli,fr FRA,"FW,MF",Leverkusen,21,2000,14.0,516,494,17,1,6,0,21,11,1,0,0,0,376,5,27,Matches
5,6,Naouirou Ahamada,fr FRA,"MF,DF",Stuttgart,19,2002,0.7,32,32,0,0,0,0,0,0,0,0,0,0,28,0,0,Matches
6,7,Manuel Akanji,ch SUI,DF,Dortmund,26,1995,25.1,2013,1944,66,59,1,26,3,7,0,0,0,0,1819,3,10,Matches
7,8,Kevin Akpoguma,ng NGA,"DF,FW",Hoffenheim,26,1995,17.0,917,742,172,13,0,7,31,159,0,0,0,0,691,3,24,Matches
8,9,Lucas Alario,ar ARG,FW,Leverkusen,28,1992,7.3,171,159,12,0,1,1,1,2,0,0,0,0,115,0,9,Matches
9,10,Nadiem Amiri,de GER,"MF,FW",Leverkusen,24,1996,4.1,222,209,12,2,0,2,8,3,6,1,5,0,183,1,5,Matches
10,11,Sebastian Andersson,se SWE,FW,Köln,30,1991,14.0,234,227,7,0,0,1,9,1,0,0,0,0,147,0,10,Matches
11,12,Andrés Andrade Cedeño,pa PAN,DF,Arminia,22,1998,11.6,535,441,93,5,1,1,21,88,0,0,0,0,350,1,18,Matches
12,13,Fredrik André Bjørkan,no NOR,DF,Hertha BSC,22,1998,3.9,166,131,35,3,1,0,5,32,0,0,0,0,133,0,5,Matches
13,14,Robert Andrich,de GER,MF,Leverkusen,26,1994,20.2,1011,987,18,16,8,1,6,2,0,0,0,0,811,6,9,Matches
14,15,Angeliño,es ESP,DF,RB Leipzig,24,1997,25.5,1516,1201,304,47,0,6,187,205,52,26,9,0,1082,11,20,Matches
15,16,Waldemar Anton,de GER,DF,Stuttgart,25,1996,28.8,1826,1744,80,45,1,20,11,32,0,0,0,0,1541,2,14,Matches
16,17,Christopher Antwi-Adjei,gh GHA,"FW,MF",Bochum,27,1994,12.6,264,233,30,1,3,0,29,28,1,0,0,0,161,1,21,Matches
17,18,Charles Aránguiz,cl CHI,MF,Leverkusen,32,1989,17.5,1094,1035,53,44,7,13,9,8,1,0,1,0,916,6,27,Matches
18,19,Maximilian Arnold,de GER,MF,Wolfsburg,27,1994,33.3,1869,1602,255,145,5,40,182,7,102,63,33,1,1453,12,21,Matches
19,20,Takuma Asano,jp JPN,"FW,MF",Bochum,26,1994,17.9,378,372,5,0,4,2,34,4,0,0,0,0,244,1,24,Matches
20,21,Santiago Ascacíbar,ar ARG,MF,Hertha BSC,24,1997,26.4,1168,1100,63,55,1,4,2,6,0,0,0,0,959,5,24,Matches
21,22,Fisnik Asllani,xk KVX,"MF,FW",Hoffenheim,18,2002,0.1,8,8,0,0,0,0,0,0,0,0,0,0,6,0,0,Matches
22,23,Simon Asta,de GER,DF,Greuther Fürth,20,2001,8.7,401,308,92,2,0,2,16,90,0,0,0,0,282,1,13,Matches
23,24,Taiwo Awoniyi,ng NGA,FW,Union Berlin,23,1997,24.2,474,458,12,0,5,0,10,2,0,0,0,0,313,4,17,Matches
24,25,Sardar Azmoun,ir IRN,"FW,MF",Leverkusen,26,1995,4.0,108,103,3,0,3,0,2,0,0,0,0,0,79,2,3,Matches
25,26,Mitchel Bakker,nl NED,DF,Leverkusen,21,2000,20.2,1228,1046,181,15,2,6,37,166,0,0,0,0,994,1,28,Matches
26,27,Ridle Baku,de GER,"DF,FW",Wolfsburg,23,1998,27.2,1338,1109,222,17,2,5,73,200,5,1,0,0,1011,7,31,Matches
27,28,Aymen Barkok,ma MAR,"MF,DF",Eint Frankfurt,23,1998,1.8,70,59,11,0,0,2,2,9,2,1,1,0,52,0,0,Matches
28,29,Leandro Barreiro Martins,lu LUX,MF,Mainz 05,21,2000,19.9,536,525,6,5,2,1,8,1,0,0,0,0,375,5,18,Matches
29,30,Jacob Barrett Laursen,dk DEN,DF,Arminia,26,1994,18.1,783,574,209,23,0,3,54,169,17,7,2,0,541,0,33,Matches
30,31,Abdourahmane Barry,fr FRA,DF,Greuther Fürth,21,2000,2.3,111,90,20,3,0,0,7,17,0,0,0,0,85,1,5,Matches
31,32,Maximilian Bauer,de GER,DF,Greuther Fürth,21,2000,18.8,897,849,45,42,0,3,1,2,0,0,0,0,723,3,8,Matches
32,33,Oliver Baumann,de GER,GK,Hoffenheim,31,1990,33.0,1523,1232,286,70,0,2,0,0,0,0,0,0,1225,5,2,Matches
33,34,Timo Baumgartl,de GER,DF,Union Berlin,25,1996,24.1,1205,1134,66,57,0,10,10,4,0,0,0,0,950,5,8,Matches
34,35,Julian Baumgartlinger,at AUT,"MF,FW",Leverkusen,33,1988,1.0,70,68,2,1,0,0,1,0,0,0,0,0,62,0,0,Matches
35,36,Christoph Baumgartner,at AUT,"MF,FW",Hoffenheim,21,1999,21.0,729,695,32,6,4,4,35,23,2,1,0,0,514,2,18,Matches
36,37,Noah Joel Sarenren Bazee,ng NGA,"MF,FW",Augsburg,24,1996,2.7,51,48,3,0,0,0,10,3,0,0,0,0,30,0,6,Matches
37,38,Ihlas Bebou,tg TOG,"FW,DF",Hoffenheim,27,1994,23.2,629,561,65,1,0,1,49,58,0,0,0,0,431,3,31,Matches
38,39,Sheraldo Becker,sr SUR,"FW,MF",Union Berlin,26,1995,19.5,605,597,6,1,3,2,123,2,1,0,0,0,374,2,28,Matches
39,40,Kevin Behrens,de GER,FW,Union Berlin,30,1991,5.5,195,194,0,0,0,0,2,0,0,0,0,0,125,1,3,Matches
40,41,Ishak Belfodil,dz ALG,FW,Hertha BSC,29,1992,18.2,471,432,36,1,1,0,12,2,0,0,0,0,327,3,16,Matches
41,42,Stefan Bell,de GER,DF,Mainz 05,29,1991,31.8,1545,1495,45,39,0,4,16,6,0,0,0,0,1180,5,21,Matches
42,43,Armel Bella Kotchap,de GER,DF,Bochum,19,2001,19.6,765,744,19,11,0,9,2,8,0,0,0,0,585,2,4,Matches
43,44,Karim Bellarabi,de GER,"FW,MF",Leverkusen,31,1990,7.6,268,257,11,0,2,1,25,8,3,0,2,0,200,0,10,Matches
44,45,Jude Bellingham,eng ENG,MF,Dortmund,18,2003,31.0,1517,1475,33,23,12,18,14,9,1,0,0,0,1256,9,25,Matches
45,46,George Bello,us USA,DF,Arminia,19,2002,4.8,171,134,37,0,1,0,11,35,2,0,2,0,130,0,0,Matches
46,47,László Bénes,sk SVK,MF,M'Gladbach,23,1997,2.7,187,160,25,14,0,0,15,1,10,6,1,0,138,2,1,Matches
47,48,Keanan Bennetts,eng ENG,"FW,DF",M'Gladbach,22,1999,0.6,25,23,2,0,0,0,2,2,0,0,0,0,17,0,1,Matches
48,49,Ramy Bensebaini,dz ALG,DF,M'Gladbach,26,1995,22.4,1322,1178,136,32,2,5,15,99,1,0,0,0,1063,8,27,Matches
49,50,Louis Beyer,de GER,DF,M'Gladbach,21,2000,15.4,955,917,37,17,0,5,8,20,0,0,0,0,833,1,6,Matches
50,51,Bartosz Bialek,pl POL,"FW,DF",Wolfsburg,19,2001,2.0,42,42,0,0,0,0,0,0,0,0,0,0,23,0,2,Matches
51,52,Ermin Bičakčić,ba BIH,DF,Hoffenheim,31,1990,0.1,3,3,0,0,0,0,0,0,0,0,0,0,3,0,0,Matches
52,53,Tom Bischof,de GER,MF,Hoffenheim,16,2005,0.2,5,5,0,0,0,0,1,0,0,0,0,0,2,0,0,Matches
53,54,Danny Blum,de GER,FW,Bochum,30,1991,3.8,181,154,26,11,0,3,31,4,11,6,5,0,112,1,5,Matches
54,55,Kevin-Prince Boateng,gh GHA,"MF,FW",Hertha BSC,34,1987,7.7,335,309,24,16,2,8,5,2,0,0,0,0,256,2,4,Matches
55,56,Herbert Bockhorn,de GER,DF,Bochum,26,1995,9.4,374,307,65,4,0,2,27,61,0,0,0,0,261,2,13,Matches
56,57,Jean-Paul Boëtius,nl NED,MF,Mainz 05,27,1994,20.0,937,855,71,42,4,10,50,5,24,14,9,0,695,11,14,Matches
57,58,Tarsis Bonga,de GER,"MF,FW",Bochum,24,1997,0.2,8,8,0,0,0,0,1,0,0,0,0,0,4,0,2,Matches
58,59,Solomon Bonnah,nl NED,DF,RB Leipzig,17,2003,0.1,3,3,0,0,0,0,0,0,0,0,0,0,3,0,0,Matches
59,60,Sebastiaan Bornauw,be BEL,DF,Wolfsburg,22,1999,22.3,1177,1136,36,31,0,4,0,3,0,0,0,0,1007,5,2,Matches
60,61,Rafael Borré,co COL,FW,Eint Frankfurt,25,1995,26.4,694,644,48,1,4,1,20,7,1,0,0,0,489,2,31,Matches
61,62,Dedryck Boyata,be BEL,DF,Hertha BSC,30,1990,21.1,805,784,19,19,0,2,0,0,0,0,0,0,675,2,4,Matches
62,63,Julian Brandt,de GER,"MF,FW",Dortmund,25,1996,23.1,1324,1202,117,17,7,5,128,11,89,38,40,0,1022,5,22,Matches
63,64,Iker Bravo,es ESP,FW,Leverkusen,16,2005,0.1,0,0,0,0,0,0,0,0,0,0,0,0,0,0,0,Matches
64,65,Fabian Bredlow,de GER,GK,Stuttgart,26,1995,4.0,129,89,40,3,0,0,0,0,0,0,0,0,116,0,0,Matches
65,66,Josip Brekalo,hr CRO,FW,Wolfsburg,23,1998,0.2,17,17,0,0,0,1,2,0,0,0,0,0,12,0,1,Matches
66,67,Brian Brobbey,nl NED,"FW,MF",RB Leipzig,19,2002,1.5,32,31,1,0,0,0,1,0,0,0,0,0,28,0,0,Matches
67,68,John Brooks,us USA,DF,Wolfsburg,28,1993,29.1,1736,1654,77,67,1,34,4,9,0,0,0,0,1443,5,13,Matches
68,69,Daniel Brosinski,de GER,DF,Mainz 05,33,1988,4.3,243,174,69,5,0,0,23,58,6,3,2,0,160,0,5,Matches
69,70,Cédric Brunner,ch SUI,DF,Arminia,27,1994,24.3,1126,838,284,22,1,4,70,251,11,3,3,0,731,4,23,Matches
70,71,Jacob Bruun Larsen,dk DEN,"FW,MF",Hoffenheim,22,1998,9.0,286,273,12,1,2,1,10,9,1,1,0,0,207,1,10,Matches
71,72,Sascha Burchert,de GER,GK,Greuther Fürth,31,1989,14.0,560,399,157,42,0,0,0,0,0,0,0,0,334,4,0,Matches
72,73,Delano Burgzorg,nl NED,MF,Mainz 05,22,1998,0.3,3,3,0,0,0,0,0,0,0,0,0,0,3,0,0,Matches
73,74,Jonathan Burkardt,de GER,"FW,MF",Mainz 05,21,2000,29.0,602,563,34,0,0,4,35,3,0,0,0,0,399,5,30,Matches
74,75,Roman Bürki,ch SUI,GK,Dortmund,30,1990,1.0,23,20,3,0,0,0,0,0,0,0,0,0,16,0,0,Matches
75,76,Jamie Bynoe-Gittens,eng ENG,FW,Dortmund,16,2004,1.5,43,40,2,1,2,0,0,1,0,0,0,0,29,1,0,Matches
76,77,Daniel Caligiuri,it ITA,"DF,MF",Augsburg,33,1988,22.3,931,668,253,63,1,8,109,145,41,19,20,1,629,10,29,Matches
77,78,Emre Can,de GER,"DF,MF",Dortmund,27,1994,18.8,1436,1367,65,29,1,9,7,35,0,0,0,0,1223,4,11,Matches
78,79,Koen Casteels,be BEL,GK,Wolfsburg,29,1992,28.0,1079,817,260,56,0,4,0,0,0,0,0,0,843,2,2,Matches
79,80,Gonzalo Castro,de GER,"MF,FW",Arminia,34,1987,4.8,169,136,31,13,2,2,21,0,11,5,6,0,112,2,7,Matches
80,81,Julian Chabot,de GER,DF,Köln,23,1998,2.3,158,149,9,7,0,1,0,1,0,0,0,0,124,0,0,Matches
81,82,Timothy Chandler,us USA,DF,Eint Frankfurt,31,1990,13.5,562,420,140,3,0,4,30,136,1,1,0,0,352,2,23,Matches
82,83,Justin Che,us USA,"FW,DF",Hoffenheim,17,2003,0.5,27,20,7,1,0,1,2,6,0,0,0,0,22,0,2,Matches
83,84,Max Christiansen,de GER,MF,Greuther Fürth,24,1996,22.8,935,917,16,14,0,2,3,2,0,0,0,0,739,2,17,Matches
84,85,Kingsley Coman,fr FRA,"FW,DF",Bayern Munich,25,1996,15.1,707,675,29,2,4,4,79,20,7,4,0,0,547,3,14,Matches
85,86,Lucas Copado,de GER,FW,Bayern Munich,17,2004,0.2,4,4,0,0,0,0,0,0,0,0,0,0,3,0,0,Matches
86,87,Sergio Córdova,ve VEN,"FW,MF",Augsburg,23,1997,3.6,51,46,5,0,0,1,3,3,0,0,0,0,34,0,0,Matches
87,88,Danny da Costa,de GER,"DF,MF",Eint Frankfurt,28,1993,8.1,319,247,71,1,0,0,22,70,0,0,0,0,213,1,10,Matches
88,89,Tanguy Coulibaly,fr FRA,"FW,MF",Stuttgart,20,2001,12.0,326,282,43,1,2,1,14,38,0,0,0,0,239,1,10,Matches
89,90,Mickaël Cuisance,fr FRA,MF,Bayern Munich,21,1999,0.1,11,11,0,0,1,0,0,0,0,0,0,0,10,0,0,Matches
90,91,Matheus Cunha,br BRA,FW,Hertha BSC,22,1999,0.7,13,9,4,0,0,0,0,0,0,0,0,0,11,0,1,Matches
91,92,Rafael Czichos,de GER,DF,Köln,31,1990,15.6,1080,1030,48,46,2,7,3,1,0,0,0,0,879,2,15,Matches
92,93,Lennart-Marten Czyborra,de GER,DF,Arminia,22,1999,1.5,54,34,20,2,0,0,5,18,0,0,0,0,26,0,1,Matches
93,94,Moanes Dabbur,il ISR,"FW,MF",Hoffenheim,29,1992,14.6,497,460,37,0,8,2,4,3,0,0,0,0,365,0,23,Matches
94,95,Finn Dahmen,de GER,GK,Mainz 05,23,1998,2.0,79,55,24,4,0,0,0,0,0,0,0,0,66,0,0,Matches
95,96,Mahmoud Dahoud,de GER,MF,Dortmund,25,1996,18.4,1063,1031,28,13,15,12,29,2,13,5,5,0,833,4,24,Matches
96,97,Márton Dárdai,de GER,DF,Hertha BSC,19,2002,8.4,375,338,34,21,0,4,8,6,7,3,4,0,265,3,2,Matches
97,98,Vladimír Darida,cz CZE,MF,Hertha BSC,30,1990,19.8,946,847,94,37,2,9,64,14,29,9,18,0,680,5,35,Matches
98,99,Alphonso Davies,ca CAN,DF,Bayern Munich,20,2000,19.3,1322,1147,175,24,4,7,41,151,0,0,0,0,1106,0,24,Matches
99,100,Saulo Decarli,ch SUI,DF,Bochum,29,1992,0.1,6,6,0,0,0,0,0,0,0,0,0,0,6,0,0,Matches
100,101,Thomas Delaney,dk DEN,MF,Dortmund,29,1991,0.2,11,11,0,0,0,0,0,0,0,0,0,0,8,0,0,Matches
101,102,Kerem Demirbay,de GER,MF,Leverkusen,28,1993,22.8,1413,1207,201,71,6,21,152,10,116,56,45,1,1070,5,21,Matches
102,103,Ermedin Demirović,ba BIH,FW,Freiburg,23,1998,9.7,171,164,5,0,0,0,6,2,0,0,0,0,104,2,12,Matches
103,104,Mike van der Hoorn,nl NED,DF,Arminia,28,1992,0.2,2,2,0,0,0,0,0,0,0,0,0,0,2,0,0,Matches
104,105,Moussa Diaby,fr FRA,"FW,MF",Leverkusen,22,1999,30.7,1015,966,42,4,12,7,82,24,14,9,2,0,738,7,32,Matches
105,106,Daniel Didavi,de GER,"MF,FW",Stuttgart,31,1990,3.1,110,101,9,3,0,0,9,4,1,1,0,0,72,0,9,Matches
106,107,Javairô Dilrosun,nl NED,FW,Hertha BSC,23,1998,1.5,33,33,0,0,0,1,1,0,0,0,0,0,26,0,2,Matches
107,108,Lee Dongjun,kr KOR,"MF,FW",Hertha BSC,24,1997,1.3,17,17,0,0,0,0,2,0,0,0,0,0,12,0,1,Matches
108,109,Niklas Dorsch,de GER,MF,Augsburg,23,1998,25.8,1097,1008,85,64,2,34,20,2,17,5,11,0,905,4,15,Matches
109,110,Ondrej Duda,sk SVK,"MF,FW",Köln,26,1994,17.9,678,617,53,11,2,10,27,6,18,5,8,0,491,8,14,Matches
110,111,Jeremy Dudziak,tn TUN,"MF,FW",Greuther Fürth,25,1995,12.6,341,291,47,13,5,0,34,1,17,13,2,0,222,3,13,Matches
111,112,Erik Durm,de GER,DF,Eint Frankfurt,29,1992,5.3,278,211,66,2,0,1,14,64,0,0,0,0,183,1,10,Matches
112,113,Maximilian Eggestein,de GER,MF,Freiburg,24,1996,24.4,942,918,19,13,4,6,11,4,2,0,0,0,690,5,27,Matches
113,114,Lilian Egloff,de GER,"MF,DF",Stuttgart,18,2002,0.3,9,9,0,0,0,0,0,0,0,0,0,0,6,0,0,Matches
114,115,Kingsley Ehizibue,nl NED,DF,Köln,26,1995,7.6,364,287,76,4,0,1,17,72,0,0,0,0,248,1,12,Matches
115,116,Julian Eitschberger,de GER,DF,Hertha BSC,17,2004,0.5,32,29,3,1,0,0,0,2,0,0,0,0,20,0,0,Matches
116,117,Jurgen Ekkelenkamp,nl NED,"MF,FW",Hertha BSC,21,2000,8.0,241,230,9,1,1,3,3,5,2,0,0,0,165,2,15,Matches
117,118,Nico Elvedi,ch SUI,DF,M'Gladbach,24,1996,27.0,1754,1666,87,76,0,4,0,5,0,0,0,0,1615,1,11,Matches
118,119,Breel Embolo,ch SUI,"FW,MF",M'Gladbach,24,1997,24.1,569,530,36,1,11,2,2,1,0,0,0,0,412,3,19,Matches
119,120,Keita Endo,jp JPN,MF,Union Berlin,23,1997,0.6,27,27,0,0,0,0,3,0,0,0,0,0,16,0,2,Matches
120,121,Wataru Endo,jp JPN,MF,Stuttgart,28,1993,32.2,1579,1548,22,17,8,8,7,5,0,0,0,0,1264,9,35,Matches
121,122,Michael Esser,de GER,GK,Bochum,33,1987,3.0,135,101,33,3,0,0,0,0,0,0,0,0,81,1,0,Matches
122,123,Wahidullah Faghir,dk DEN,FW,Stuttgart,18,2003,1.4,32,31,1,1,0,0,0,0,0,0,0,0,21,0,1,Matches
123,124,Ömer Faruk Beyaz,tr TUR,"DF,MF",Stuttgart,17,2003,0.8,36,36,0,0,0,0,2,0,0,0,0,0,27,0,1,Matches
124,125,Adrian Fein,de GER,MF,Greuther Fürth,22,1999,0.4,9,8,1,0,0,0,0,1,0,0,0,0,6,0,0,Matches
125,126,Ohis Felix Uduokhai,de GER,DF,Augsburg,23,1997,8.7,420,394,25,13,0,4,4,12,0,0,0,0,324,1,6,Matches
126,127,Edimilson Fernandes,ch SUI,"MF,FW",Arminia,25,1996,3.1,128,120,8,2,0,1,14,3,3,0,1,0,95,0,4,Matches
127,128,Alfreð Finnbogason,is ISL,FW,Augsburg,32,1989,3.2,68,67,1,1,1,0,2,0,0,0,0,0,42,0,4,Matches
128,129,Mark Flekken,nl NED,GK,Freiburg,28,1993,32.0,1333,989,339,95,0,8,0,0,0,0,0,0,915,5,0,Matches
129,130,Emil Forsberg,se SWE,MF,RB Leipzig,29,1991,19.0,766,713,50,22,11,4,38,4,20,8,12,0,624,3,11,Matches
130,131,Philipp Förster,de GER,"MF,FW",Stuttgart,26,1995,10.7,444,427,15,2,1,1,8,9,3,0,0,0,377,2,11,Matches
131,132,Timothy Fosu-Mensah,nl NED,DF,Leverkusen,23,1998,1.6,94,70,24,2,0,0,4,22,0,0,0,0,73,0,1,Matches
132,133,Raphael Framberger,de GER,DF,Augsburg,25,1995,9.4,445,345,96,4,1,1,36,92,0,0,0,0,297,4,13,Matches
133,134,Marvin Friedrich,de GER,DF,M'Gladbach,25,1995,6.7,477,460,16,11,0,3,0,4,0,0,0,0,424,1,4,Matches
134,135,Marvin Friedrich,de GER,DF,Union Berlin,25,1995,13.0,630,611,18,16,0,5,5,2,0,0,0,0,464,1,11,Matches
135,136,Jeremie Frimpong,nl NED,DF,Leverkusen,20,2000,22.8,1211,972,235,18,0,1,58,217,0,0,0,0,970,4,37,Matches
136,137,Christian Früchtl,de GER,GK,Bayern Munich,21,2000,0.1,4,3,1,1,0,0,0,0,0,0,0,0,4,0,0,Matches
137,138,Chris Führich,de GER,"FW,MF",Stuttgart,23,1998,19.0,698,610,84,28,4,4,61,26,23,4,17,0,553,4,15,Matches
138,139,Marius Funk,de GER,GK,Greuther Fürth,25,1996,8.0,361,262,96,26,0,1,0,0,0,0,0,0,225,3,1,Matches
139,140,Stephan Fürstner,de GER,MF,Mainz 05,33,1987,0.1,4,4,0,0,0,0,0,0,0,0,0,0,1,0,0,Matches
140,141,Mijat Gaćinović,rs SRB,"FW,MF",Hoffenheim,26,1995,1.2,53,46,7,0,0,1,0,7,0,0,0,0,39,0,5,Matches
141,142,Cristian Gamboa,cr CRC,DF,Bochum,31,1989,19.1,984,768,209,18,1,9,32,191,0,0,0,0,694,7,16,Matches
142,143,Silvère Ganvoula M'Boussy,cg CGO,FW,Bochum,25,1996,1.7,59,53,6,0,0,0,0,0,0,0,0,0,34,0,2,Matches
143,144,Linus Gechter,de GER,DF,Hertha BSC,17,2004,8.0,382,368,11,9,0,5,2,2,0,0,0,0,301,3,6,Matches
144,145,Dennis Geiger,de GER,MF,Hoffenheim,23,1998,15.3,785,698,80,34,4,7,42,1,45,28,3,0,645,7,18,Matches
145,146,Yannick Gerhardt,de GER,"MF,DF",Wolfsburg,27,1994,17.5,808,743,62,6,4,4,32,46,3,3,0,0,592,3,24,Matches
146,147,Hamadi Al Ghaddioui,ma MAR,FW,Stuttgart,30,1990,5.5,112,99,13,0,0,0,1,0,0,0,0,0,76,0,6,Matches
147,148,Niko Gießelmann,de GER,"DF,FW",Union Berlin,29,1991,23.1,1123,807,313,23,1,6,106,254,36,14,17,0,770,3,31,Matches
148,149,Rafał Gikiewicz,pl POL,GK,Augsburg,33,1987,34.0,1245,829,409,121,1,0,0,1,0,0,0,0,831,7,0,Matches
149,150,Daniel Ginczek,de GER,"MF,FW",Wolfsburg,30,1991,0.1,4,4,0,0,1,0,0,0,0,0,0,0,1,0,1,Matches
150,151,Matthias Ginter,de GER,DF,M'Gladbach,27,1994,26.2,1773,1694,64,50,3,23,20,14,0,0,0,0,1460,15,22,Matches
151,152,Serge Gnabry,de GER,"FW,DF",Bayern Munich,26,1995,24.3,1356,1263,86,11,15,3,79,53,20,7,9,0,1063,7,29,Matches
152,153,Leon Goretzka,de GER,MF,Bayern Munich,26,1995,15.5,854,834,15,3,5,7,9,7,1,0,0,0,708,5,16,Matches
153,154,Jeffrey Gouweleeuw,nl NED,DF,Augsburg,30,1991,28.6,1210,1131,64,60,2,25,6,4,0,0,0,0,861,15,9,Matches
154,155,Jens Grahl,de GER,GK,Eint Frankfurt,32,1988,1.0,29,18,11,0,0,0,0,0,0,0,0,0,24,0,0,Matches
155,156,Julian Green,us USA,MF,Greuther Fürth,26,1995,11.7,433,360,72,39,0,8,57,2,29,17,11,0,322,1,11,Matches
156,157,Michael Gregoritsch,at AUT,"FW,MF",Augsburg,27,1994,15.5,415,385,28,2,2,1,10,8,0,0,0,0,244,2,7,Matches
157,158,Sebastian Griesbeck,de GER,"DF,MF",Greuther Fürth,30,1990,27.1,878,845,31,31,1,5,1,0,0,0,0,0,689,2,19,Matches
158,159,Sebastian Griesbeck,de GER,MF,Union Berlin,30,1990,0.1,1,1,0,0,0,0,0,0,0,0,0,0,1,0,0,Matches
159,160,Vincenzo Grifo,it ITA,"MF,FW",Freiburg,28,1993,30.8,1428,1217,203,95,7,8,169,11,85,58,23,1,1043,8,27,Matches
160,161,Lennart Grill,de GER,GK,Leverkusen,22,1999,1.0,47,32,15,5,0,0,0,0,0,0,0,0,34,0,0,Matches
161,162,Florian Grillitsch,at AUT,"DF,MF",Hoffenheim,25,1995,16.6,1062,977,82,75,1,8,11,3,0,0,0,0,940,3,16,Matches
162,163,Carlos Gruezo,ec ECU,MF,Augsburg,26,1995,10.8,319,315,3,1,1,4,4,2,0,0,0,0,244,1,8,Matches
163,164,Raphaël Guerreiro,pt POR,DF,Dortmund,27,1993,19.9,1525,1324,196,39,2,2,39,140,17,4,8,1,1294,5,22,Matches
164,165,Josuha Guilavogui,fr FRA,"MF,DF",Wolfsburg,30,1990,10.5,517,508,8,8,0,4,0,0,0,0,0,0,424,1,3,Matches
165,166,Péter Gulácsi,hu HUN,GK,RB Leipzig,31,1990,33.0,1176,901,273,75,0,2,0,0,0,0,0,0,950,2,0,Matches
166,167,Manuel Gulde,de GER,DF,Freiburg,30,1991,13.6,585,554,28,28,0,1,3,0,0,0,0,0,483,3,5,Matches
167,168,Robert Gumny,pl POL,DF,Augsburg,23,1998,25.2,965,797,165,14,0,8,28,151,0,0,0,0,720,3,24,Matches
168,169,Christian Günter,de GER,"DF,MF",Freiburg,28,1993,34.0,1667,1218,444,39,0,14,211,314,91,56,20,0,1142,5,52,Matches
169,170,Lasse Günther,de GER,DF,Augsburg,18,2003,1.8,69,58,11,0,0,0,3,11,0,0,0,0,48,0,4,Matches
170,171,Joško Gvardiol,hr CRO,DF,RB Leipzig,19,2002,26.8,2121,1992,118,54,10,13,8,54,0,0,0,0,1769,11,37,Matches
171,172,Erling Haaland,no NOR,FW,Dortmund,21,2000,21.2,476,416,55,0,3,0,8,3,0,0,0,0,331,5,17,Matches
172,173,Janik Haberer,de GER,MF,Freiburg,27,1994,9.1,323,319,4,3,0,2,4,1,0,0,0,0,244,0,15,Matches
173,174,Alexander Hack,de GER,DF,Mainz 05,27,1993,23.0,1135,1064,68,60,1,8,5,8,0,0,0,0,895,3,16,Matches
174,175,Robin Hack,de GER,"FW,MF",Arminia,22,1998,15.2,494,447,43,11,2,3,34,11,13,6,3,0,349,4,23,Matches
175,176,André Hahn,de GER,"MF,FW",Augsburg,30,1990,23.3,448,438,8,0,0,3,41,4,0,0,0,0,232,2,25,Matches
176,177,Amadou Haidara,ml MLI,MF,RB Leipzig,23,1998,14.7,788,767,18,9,2,3,6,5,0,0,0,0,655,3,16,Matches
177,178,Marcel Halstenberg,de GER,DF,RB Leipzig,29,1991,5.6,414,391,23,7,0,2,6,14,2,0,1,0,361,0,4,Matches
178,179,Genki Haraguchi,jp JPN,MF,Union Berlin,30,1991,19.5,546,539,4,4,1,1,12,0,0,0,0,0,395,3,16,Matches
179,180,Luis Hartwig,de GER,FW,Bochum,18,2002,0.0,2,2,0,0,0,0,0,0,0,0,0,0,1,0,0,Matches
180,181,Makoto Hasebe,jp JPN,DF,Eint Frankfurt,37,1984,13.2,939,910,27,25,1,3,2,2,0,0,0,0,810,2,5,Matches
181,182,Thorgan Hazard,be BEL,"FW,DF",Dortmund,28,1993,14.9,835,716,115,14,1,13,71,65,36,14,18,0,613,4,25,Matches
182,183,Jonas Hector,de GER,DF,Köln,31,1990,28.4,1632,1356,272,39,2,10,71,233,0,0,0,0,1225,4,34,Matches
183,184,Hwang Hee-chan,kr KOR,FW,RB Leipzig,25,1996,0.5,8,8,0,0,0,0,0,0,0,0,0,0,7,0,0,Matches
184,185,Dominique Heintz,de GER,DF,Union Berlin,27,1993,5.2,260,249,10,8,0,2,1,2,0,0,0,0,205,1,6,Matches
185,186,Dominique Heintz,de GER,DF,Freiburg,27,1993,0.3,21,20,1,1,0,0,0,0,0,0,0,0,20,0,0,Matches
186,187,Benjamin Henrichs,de GER,DF,RB Leipzig,24,1997,12.7,716,619,95,3,2,0,24,92,0,0,0,0,569,2,15,Matches
187,188,Lucas Hernández,fr FRA,DF,Bayern Munich,25,1996,22.6,1995,1888,105,38,0,25,9,67,0,0,0,0,1783,2,12,Matches
188,189,Patrick Herrmann,de GER,"DF,FW",M'Gladbach,30,1991,8.4,370,293,76,15,2,0,63,39,22,11,10,0,254,1,10,Matches
189,190,Piero Hincapié,ec ECU,DF,Leverkusen,19,2002,19.5,1198,1060,137,14,2,1,20,104,0,0,0,0,971,1,29,Matches
190,191,Martin Hinteregger,at AUT,DF,Eint Frankfurt,28,1992,24.7,1403,1333,69,54,5,11,0,14,0,0,0,0,1079,1,12,Matches
191,192,Marwin Hitz,ch SUI,GK,Dortmund,33,1987,4.5,177,139,38,8,0,0,0,0,0,0,0,0,155,0,1,Matches
192,193,Nicolas Höfler,de GER,MF,Freiburg,31,1990,28.9,1189,1147,38,18,2,5,7,0,0,0,0,0,986,4,19,Matches
193,194,Jonas Hofmann,de GER,"MF,FW",M'Gladbach,29,1992,23.1,1265,1059,198,78,6,5,138,26,91,28,49,3,961,8,36,Matches
194,195,Lucas Höler,de GER,FW,Freiburg,27,1994,28.7,912,870,39,0,7,6,23,3,0,0,0,0,614,3,38,Matches
195,196,Gerrit Holtmann,ph PHI,"FW,MF",Bochum,26,1995,20.4,356,345,8,1,4,1,60,6,0,0,0,0,238,3,8,Matches
196,197,Justin Hoogma,nl NED,DF,Greuther Fürth,23,1998,3.0,180,172,8,4,0,0,0,4,0,0,0,0,144,0,2,Matches
197,198,Jannes Horn,de GER,DF,Köln,24,1997,5.3,305,233,72,6,1,0,28,66,0,0,0,0,217,0,14,Matches
198,199,Timo Horn,de GER,GK,Köln,28,1993,13.0,519,408,111,30,0,0,0,0,0,0,0,0,408,0,0,Matches
199,200,Lukáš Hrádecký,fi FIN,GK,Leverkusen,31,1989,32.0,1260,990,269,60,0,2,0,0,0,0,0,0,969,1,1,Matches
200,201,Branimir Hrgota,se SWE,FW,Greuther Fürth,28,1993,30.9,748,671,71,12,5,2,65,10,15,8,6,0,524,6,30,Matches
201,202,Ajdin Hrustic,au AUS,MF,Eint Frankfurt,25,1996,10.7,606,574,31,14,1,7,26,1,11,4,6,0,482,1,12,Matches
202,203,Timo Hübers,de GER,DF,Köln,25,1996,19.3,1259,1172,86,64,0,8,0,3,0,0,0,0,1044,1,7,Matches
203,204,Benjamin Hübner,de GER,DF,Hoffenheim,32,1989,4.2,273,260,12,12,0,0,0,0,0,0,0,0,230,1,3,Matches
204,205,Mats Hummels,de GER,DF,Dortmund,32,1988,19.6,1530,1480,47,40,5,8,1,5,0,0,0,0,1333,3,12,Matches
205,206,Iago,br BRA,DF,Augsburg,24,1997,24.2,1184,923,253,15,1,9,92,238,0,0,0,0,795,8,37,Matches
206,207,Stefan Ilsanker,at AUT,"DF,MF",Eint Frankfurt,32,1989,3.0,112,107,5,3,0,3,0,2,0,0,0,0,90,0,1,Matches
207,208,Burak İnce,tr TUR,FW,Arminia,17,2004,1.5,36,30,6,1,0,1,3,2,1,1,0,0,31,0,0,Matches
208,209,Marcus Ingvartsen,dk DEN,MF,Union Berlin,25,1996,1.4,31,30,1,0,0,0,1,1,0,0,0,0,21,0,0,Matches
209,210,Marcus Ingvartsen,dk DEN,"FW,MF",Mainz 05,25,1996,7.6,217,202,15,5,2,1,12,0,3,2,0,0,148,0,7,Matches
210,211,Hiroki Ito,jp JPN,DF,Stuttgart,22,1999,26.1,1834,1737,90,34,2,22,21,54,1,1,0,0,1486,7,8,Matches
211,212,Cedric Itten,ch SUI,FW,Greuther Fürth,24,1996,7.1,141,134,7,0,0,1,5,0,0,0,0,0,81,0,9,Matches
212,213,Gian-Luca Itter,de GER,DF,Greuther Fürth,22,1999,16.2,814,651,157,18,0,2,49,123,16,14,2,0,588,6,9,Matches
213,214,Lee Jae-sung,kr KOR,"MF,FW",Mainz 05,28,1992,16.0,647,626,16,4,3,4,28,6,4,4,0,0,466,5,21,Matches
214,215,Paul Jaeckel,de GER,DF,Union Berlin,23,1998,22.7,1142,1103,37,29,0,12,4,8,0,0,0,0,905,2,15,Matches
215,216,Kristijan Jakić,hr CRO,MF,Eint Frankfurt,24,1997,20.9,834,809,20,17,9,4,8,3,0,0,0,0,618,5,19,Matches
216,217,Tony Jantschke,de GER,DF,M'Gladbach,31,1990,2.5,121,117,4,4,0,0,1,0,0,0,0,0,88,0,0,Matches
217,218,Dennis Jastrzembski,pl POL,"DF,FW",Hertha BSC,21,2000,2.5,111,80,31,0,0,1,8,27,4,2,1,0,65,0,4,Matches
218,219,Fredrik Jensen,fi FIN,"MF,FW",Augsburg,23,1997,4.6,117,111,6,0,1,0,18,1,5,2,2,0,63,0,8,Matches
219,220,Marco John,de GER,DF,Hoffenheim,19,2002,0.5,16,13,3,0,0,0,0,3,0,0,0,0,15,0,0,Matches
220,221,Stevan Jovetić,me MNE,"FW,MF",Hertha BSC,31,1989,11.3,380,358,17,6,6,5,9,0,2,1,0,0,246,5,15,Matches
221,222,Gideon Jung,de GER,DF,Greuther Fürth,26,1994,1.6,63,59,4,4,0,1,0,0,0,0,0,0,49,0,0,Matches
222,223,Anton Kade,de GER,"FW,MF",Hertha BSC,17,2004,0.9,30,21,9,0,0,0,2,9,0,0,0,0,19,0,1,Matches
223,224,Pavel Kadeřábek,cz CZE,"DF,MF",Hoffenheim,29,1992,13.3,690,559,126,5,0,1,47,121,0,0,0,0,501,5,15,Matches
224,225,Florian Kainz,at AUT,"MF,FW",Köln,28,1992,25.8,1075,904,159,56,4,16,238,28,75,42,26,0,636,12,44,Matches
225,226,Sasa Kalajdzic,at AUT,FW,Stuttgart,24,1997,13.6,370,334,36,0,2,4,2,2,0,0,0,0,256,0,11,Matches
226,227,Felix Kalu Nmecha,de GER,"MF,FW",Wolfsburg,20,2000,3.6,124,121,2,1,1,2,3,1,0,0,0,0,88,1,5,Matches
227,228,Daichi Kamada,jp JPN,MF,Eint Frankfurt,24,1996,23.8,869,824,41,0,4,5,27,7,12,7,3,1,672,4,18,Matches
228,229,Kevin Kampl,si SVN,MF,RB Leipzig,30,1990,21.1,1508,1437,69,59,3,2,8,4,0,0,0,0,1372,2,18,Matches
229,230,Stefanos Kapino,gr GRE,GK,Arminia,27,1994,1.0,31,20,11,1,0,0,0,0,0,0,0,0,20,0,0,Matches
230,231,Atakan Karazor,de GER,MF,Stuttgart,24,1996,21.1,1016,971,42,41,1,3,3,0,0,0,0,0,830,3,15,Matches
231,232,Silas Katompa,cd COD,"FW,MF",Stuttgart,22,1998,3.1,62,60,2,0,1,0,7,2,0,0,0,0,40,0,1,Matches
232,233,Noah Katterbach,de GER,DF,Köln,20,2001,0.2,12,8,4,0,0,0,1,4,0,0,0,0,6,0,1,Matches
233,234,Yannik Keitel,de GER,MF,Freiburg,21,2000,5.6,186,179,4,4,1,1,2,0,0,0,0,0,126,3,4,Matches
234,235,Marc-Oliver Kempf,de GER,DF,Hertha BSC,26,1995,11.7,438,406,30,30,0,5,2,0,0,0,0,0,317,2,5,Matches
235,236,Marc-Oliver Kempf,de GER,DF,Stuttgart,26,1995,9.3,584,560,23,17,2,8,2,6,0,0,0,0,476,1,9,Matches
236,237,Rani Khedira,de GER,MF,Union Berlin,27,1994,30.6,947,927,15,8,1,1,23,4,0,0,0,0,685,5,24,Matches
237,238,Luca Kilian,de GER,FW,Mainz 05,21,1999,0.0,1,1,0,0,1,0,0,0,0,0,0,0,0,0,0,Matches
238,239,Luca Kilian,de GER,DF,Köln,21,1999,25.3,1390,1330,59,44,0,13,4,10,0,0,0,0,1166,1,10,Matches
239,240,Joshua Kimmich,de GER,MF,Bayern Munich,26,1995,27.5,2595,2260,318,126,20,16,181,39,153,80,56,2,2177,17,28,Matches
240,241,Philipp Klement,de GER,MF,Stuttgart,28,1992,3.8,266,233,32,9,2,2,12,6,16,6,4,0,215,1,6,Matches
241,242,Mateo Klimowicz,de GER,"MF,FW",Stuttgart,21,2000,6.7,193,186,6,0,2,4,2,4,1,0,0,0,140,1,11,Matches
242,243,Fabian Klos,de GER,FW,Arminia,33,1987,15.8,467,437,24,1,0,4,11,8,0,0,0,0,232,6,12,Matches
243,244,Lukas Klostermann,de GER,DF,RB Leipzig,25,1996,18.3,1100,1027,72,19,3,1,3,52,0,0,0,0,944,1,16,Matches
244,245,Lukas Klünter,de GER,DF,Hertha BSC,25,1996,2.2,96,73,22,5,0,0,4,17,0,0,0,0,67,1,2,Matches
245,246,Ansgar Knauff,de GER,"FW,MF",Dortmund,19,2002,1.3,36,36,0,0,0,0,0,0,0,0,0,0,18,0,1,Matches
246,247,Ansgar Knauff,de GER,"DF,MF",Eint Frankfurt,19,2002,8.4,341,266,71,0,1,1,21,70,1,0,0,0,213,4,14,Matches
247,248,Robin Knoche,de GER,DF,Union Berlin,29,1992,33.0,1725,1682,37,32,2,2,0,5,0,0,0,0,1353,6,12,Matches
248,249,Gregor Kobel,ch SUI,GK,Dortmund,23,1997,28.5,1024,784,237,52,0,0,0,0,0,0,0,0,840,3,0,Matches
249,250,Dominik Kohr,de GER,MF,Mainz 05,27,1994,17.9,840,808,28,27,2,5,2,1,0,0,0,0,621,4,16,Matches
250,251,Kouadio Koné,fr FRA,MF,M'Gladbach,20,2001,24.3,1180,1150,29,27,4,5,2,1,0,0,0,0,1007,1,20,Matches
251,252,Odilon Kossonou,ci CIV,DF,Leverkusen,20,2001,19.9,1182,1074,105,19,0,9,5,86,0,0,0,0,977,3,15,Matches
252,253,Filip Kostić,rs SRB,"DF,FW",Eint Frankfurt,28,1992,28.0,1621,1207,409,69,2,21,369,221,119,47,64,1,1007,5,61,Matches
253,254,Andrej Kramarić,hr CRO,"FW,MF",Hoffenheim,30,1991,30.1,1064,964,94,13,8,9,62,29,13,2,3,0,829,6,26,Matches
254,255,Christoph Kramer,de GER,MF,M'Gladbach,30,1991,8.3,473,446,26,22,1,2,4,4,0,0,0,0,372,1,10,Matches
255,256,Florian Krüger,de GER,"FW,MF",Arminia,22,1999,12.5,299,281,16,0,1,3,20,9,0,0,0,0,199,2,16,Matches
256,257,Max Kruse,de GER,"MF,FW",Wolfsburg,33,1988,12.5,506,473,30,6,6,9,27,9,0,0,0,0,362,3,12,Matches
257,258,Max Kruse,de GER,"FW,MF",Union Berlin,33,1988,14.1,496,422,73,25,8,5,48,8,20,8,7,0,349,1,9,Matches
258,259,Lukas Kübler,de GER,"DF,MF",Freiburg,28,1992,25.9,1238,996,237,9,0,5,49,228,0,0,0,0,898,5,24,Matches
259,260,Fabian Kunze,de GER,MF,Arminia,23,1998,14.0,498,486,11,9,0,2,10,2,0,0,0,0,371,1,11,Matches
260,261,Maxence Lacroix,fr FRA,DF,Wolfsburg,21,2000,27.7,1538,1459,72,68,2,12,7,4,0,0,0,0,1240,7,22,Matches
261,262,Konrad Laimer,at AUT,MF,RB Leipzig,24,1997,13.8,714,681,30,24,6,4,14,6,0,0,0,0,564,3,23,Matches
262,263,Stefan Lainer,at AUT,DF,M'Gladbach,28,1992,16.3,770,610,155,3,0,3,27,152,0,0,0,0,564,5,24,Matches
263,264,Vassilis Lambropoulos,gr GRE,DF,Bochum,31,1990,13.0,443,433,8,6,0,7,2,2,0,0,0,0,358,2,4,Matches
264,265,Sam Lammers,nl NED,"FW,MF",Eint Frankfurt,24,1997,5.7,135,126,7,0,0,0,0,1,0,0,0,0,83,2,6,Matches
265,266,Bryan Lasme,fr FRA,FW,Arminia,22,1998,9.7,182,178,4,0,0,0,16,0,0,0,0,0,107,0,7,Matches
266,267,Maxim Leitsch,de GER,DF,Bochum,23,1998,17.1,835,818,13,8,0,6,5,5,0,0,0,0,685,4,5,Matches
267,268,Tim Lemperle,de GER,"FW,MF",Köln,19,2002,1.7,61,55,4,0,0,0,1,1,0,0,0,0,39,2,3,Matches
268,269,Christopher Lenz,de GER,DF,Eint Frankfurt,26,1994,7.4,521,401,120,12,1,1,43,87,21,12,6,0,374,0,12,Matches
269,270,Robert Lewandowski,pl POL,FW,Bayern Munich,32,1988,32.7,767,733,29,7,10,4,26,1,0,0,0,0,575,5,26,Matches
270,271,Jamie Leweling,de GER,"FW,MF",Greuther Fürth,20,2001,21.8,415,379,34,2,0,4,40,15,0,0,0,0,255,2,20,Matches
271,272,Philipp Lienhart,at AUT,DF,Freiburg,25,1996,31.9,1757,1693,61,54,1,20,8,7,0,0,0,0,1491,3,11,Matches
272,273,Andreas Linde,se SWE,GK,Greuther Fürth,28,1993,12.0,501,383,112,25,0,0,0,0,0,0,0,0,324,6,1,Matches
273,274,Jesper Lindstrøm,dk DEN,"MF,FW",Eint Frankfurt,21,2000,22.0,587,542,45,10,1,4,54,8,24,6,11,0,413,0,18,Matches
274,275,Dejan Ljubicic,at AUT,"MF,FW",Köln,23,1997,21.9,717,705,8,5,1,6,59,2,0,0,0,0,495,4,33,Matches
275,276,Jürgen Locadia,nl NED,"FW,MF",Bochum,27,1993,4.9,123,109,13,0,1,3,0,2,0,0,0,0,93,1,4,Matches
276,277,Anthony Losilla,fr FRA,MF,Bochum,35,1986,32.6,1291,1255,31,29,0,19,10,2,0,0,0,0,984,5,11,Matches
277,278,Marcel Lotka,pl POL,GK,Hertha BSC,20,2001,9.8,336,220,115,42,0,0,0,0,0,0,0,0,201,1,0,Matches
278,279,Eduard Löwen,de GER,MF,Bochum,24,1997,15.7,684,544,132,67,1,10,109,6,56,24,24,0,440,8,21,Matches
279,280,Anderson Lucoqui,ao ANG,DF,Mainz 05,24,1997,8.3,246,210,36,0,0,0,10,36,0,0,0,0,147,0,6,Matches
280,281,Dodi Lukebakio,be BEL,FW,Hertha BSC,23,1997,2.0,37,34,3,0,0,0,1,1,1,1,0,0,24,0,3,Matches
281,282,Dodi Lukebakio,be BEL,"FW,MF",Wolfsburg,23,1997,9.8,301,289,10,2,1,2,18,5,0,0,0,0,227,2,5,Matches
282,283,Andrey Lunyov,ru RUS,GK,Leverkusen,29,1991,1.0,49,43,6,0,0,0,0,0,0,0,0,0,43,0,0,Matches
283,284,Andreas Luthe,de GER,GK,Union Berlin,34,1987,27.0,1005,716,285,68,0,0,0,0,0,0,0,0,660,4,3,Matches
284,285,Matej Maglica,hr CRO,MF,Stuttgart,22,1998,0.1,1,1,0,0,0,0,0,0,0,0,0,0,0,0,0,Matches
285,286,Arne Maier,de GER,MF,Augsburg,22,1999,20.7,849,735,111,28,3,15,97,2,64,28,35,0,609,3,20,Matches
286,287,Donyell Malen,nl NED,FW,Dortmund,22,1999,18.7,542,511,29,1,2,2,27,7,3,0,1,0,394,2,13,Matches
287,288,Lennard Maloney,us USA,DF,Dortmund,21,1999,0.1,16,15,1,0,0,0,1,1,0,0,0,0,13,0,0,Matches
288,289,Orel Mangala,be BEL,MF,Stuttgart,23,1998,20.6,793,779,12,8,3,5,9,1,0,0,0,0,655,2,22,Matches
289,290,Myziane Maolida,fr FRA,"FW,MF",Hertha BSC,22,1999,8.6,229,227,2,0,1,1,7,0,0,0,0,0,155,0,11,Matches
290,291,Omar Marmoush,eg EGY,FW,Wolfsburg,22,1999,0.3,9,8,1,0,0,0,0,1,0,0,0,0,6,0,0,Matches
291,292,Omar Marmoush,eg EGY,FW,Stuttgart,22,1999,17.5,451,384,64,13,3,2,44,12,27,2,19,1,309,3,19,Matches
292,293,Aarón Martín,es ESP,DF,Mainz 05,24,1997,25.5,1126,872,249,27,1,4,180,126,96,53,35,0,768,5,24,Matches
293,294,Josep Martinez,es ESP,GK,RB Leipzig,23,1998,1.0,21,13,8,1,0,0,0,0,0,0,0,0,18,0,0,Matches
294,295,Erhan Mašović,rs SRB,DF,Bochum,22,1998,17.2,676,658,16,14,0,1,0,2,0,0,0,0,522,2,5,Matches
295,296,Roberto Massimo,de GER,"DF,FW",Stuttgart,20,2000,9.7,295,245,50,1,0,0,17,45,0,0,0,0,222,0,13,Matches
296,297,Konstantinos Mavropanos,gr GRE,DF,Stuttgart,23,1997,30.1,1859,1627,224,69,1,69,7,155,0,0,0,0,1493,8,23,Matches
297,298,Eric Maxim Choupo-Moting,cm CMR,"FW,MF",Bayern Munich,32,1989,4.2,139,137,2,0,2,0,3,0,0,0,0,0,102,0,5,Matches
298,299,Kevin Mbabu,ch SUI,DF,Wolfsburg,26,1995,15.5,883,694,188,7,0,4,67,181,0,0,0,0,599,1,33,Matches
299,300,Nathan de Medina,be BEL,DF,Arminia,23,1997,8.6,314,252,60,5,0,1,5,55,0,0,0,0,219,2,12,Matches
300,301,Admir Mehmedi,ch SUI,DF,Wolfsburg,30,1991,0.0,5,5,0,0,0,0,0,0,0,0,0,0,3,0,0,Matches
301,302,Jorge Meré,es ESP,DF,Köln,24,1997,5.4,305,293,11,9,0,3,1,0,0,0,0,0,255,1,1,Matches
302,303,Thomas Meunier,be BEL,DF,Dortmund,29,1991,15.6,1155,1005,143,8,2,6,45,135,0,0,0,0,897,7,24,Matches
303,304,Marco Meyerhöfer,de GER,DF,Greuther Fürth,25,1995,25.3,1200,898,297,18,0,0,43,279,0,0,0,0,878,5,41,Matches
304,305,Sven Michel,de GER,FW,Union Berlin,31,1990,3.8,115,109,6,1,1,0,8,2,0,0,0,0,66,0,8,Matches
305,306,Enzo Millot,fr FRA,MF,Stuttgart,19,2002,0.6,31,31,0,0,0,0,3,0,0,0,0,0,24,0,3,Matches
306,307,Maximilian Mittelstädt,de GER,"DF,FW",Hertha BSC,24,1997,16.6,780,623,152,23,0,5,85,109,20,13,7,0,526,5,26,Matches
307,308,Anthony Modeste,fr FRA,FW,Köln,33,1988,29.0,450,412,38,0,0,5,12,1,0,0,0,0,289,0,14,Matches
308,309,Kevin Möhwald,de GER,MF,Union Berlin,28,1993,3.9,187,183,4,0,1,0,7,1,0,0,0,0,145,0,5,Matches
309,310,Clinton Mola,eng ENG,DF,Stuttgart,20,2001,1.3,124,119,5,0,0,1,1,5,0,0,0,0,110,0,0,Matches
310,311,Jan Morávek,cz CZE,MF,Augsburg,31,1989,5.2,190,186,3,2,1,2,2,1,0,0,0,0,132,1,4,Matches
311,312,Ilaix Moriba,gn GUI,MF,RB Leipzig,18,2003,0.4,21,20,1,1,0,1,0,0,0,0,0,0,17,0,0,Matches
312,313,Youssoufa Moukoko,de GER,"FW,MF",Dortmund,16,2004,2.5,34,30,4,0,0,0,0,0,0,0,0,0,30,0,0,Matches
313,314,Nordi Mukiele,fr FRA,"DF,FW",RB Leipzig,23,1997,20.5,1147,981,164,22,0,5,34,142,0,0,0,0,851,2,31,Matches
314,315,Florian Müller,de GER,GK,Stuttgart,23,1997,30.0,1014,725,288,48,0,2,0,0,0,0,0,0,853,1,0,Matches
315,316,Thomas Müller,de GER,MF,Bayern Munich,31,1989,28.4,1516,1406,100,10,17,8,89,44,12,4,5,1,1117,10,29,Matches
316,317,Torben Müsel,de GER,MF,M'Gladbach,22,1999,0.1,1,1,0,0,0,0,0,0,0,0,0,0,1,0,0,Matches
317,318,Jamal Musiala,de GER,"MF,FW",Bayern Munich,18,2003,16.3,710,692,13,1,4,2,5,9,0,0,0,0,595,5,13,Matches
318,319,Obite N'Dicka,fr FRA,DF,Eint Frankfurt,21,1999,31.7,1892,1832,54,34,1,10,12,20,0,0,0,0,1581,6,17,Matches
319,320,Nikolas Nartey,dk DEN,"MF,DF",Stuttgart,21,2000,4.5,197,179,18,2,2,0,6,14,0,0,0,0,144,0,3,Matches
320,321,Paul Nebel,de GER,"MF,FW",Mainz 05,18,2002,2.5,97,89,8,5,0,0,10,0,3,1,2,0,60,0,7,Matches
321,322,David Nemeth,at AUT,DF,Mainz 05,20,2001,3.5,174,168,6,5,0,0,0,1,0,0,0,0,146,0,1,Matches
322,323,Luca Netz,de GER,"DF,FW",M'Gladbach,18,2003,15.5,578,436,140,12,1,2,35,105,23,13,5,0,436,2,17,Matches
323,324,Manuel Neuer,de GER,GK,Bayern Munich,35,1986,27.9,1255,1043,208,42,0,2,0,0,0,0,0,0,1097,4,1,Matches
324,325,Florian Neuhaus,de GER,MF,M'Gladbach,24,1997,23.6,1134,1090,37,34,11,14,14,2,1,1,0,0,898,7,16,Matches
325,326,Jessic Ngankam,de GER,FW,Greuther Fürth,21,2000,3.8,45,38,5,0,0,0,0,0,0,0,0,0,25,2,1,Matches
326,327,Moussa Niakhate,fr FRA,DF,Mainz 05,25,1996,28.5,1611,1322,287,57,1,9,16,230,0,0,0,0,1206,2,19,Matches
327,328,Tanguy Nianzou,fr FRA,DF,Bayern Munich,19,2002,6.5,539,533,6,4,0,1,1,2,0,0,0,0,492,0,6,Matches
328,329,Florian Niederlechner,de GER,FW,Augsburg,30,1990,12.9,217,189,27,0,3,0,5,2,0,0,0,0,153,1,6,Matches
329,330,Håvard Nielsen,no NOR,"MF,FW",Greuther Fürth,28,1993,15.2,342,335,4,1,1,0,3,0,0,0,0,0,224,3,14,Matches
330,331,Joakim Nilsson,se SWE,DF,Arminia,27,1994,30.4,1220,1163,55,46,0,9,3,8,0,0,0,0,978,2,7,Matches
331,332,Christopher Nkunku,fr FRA,"FW,MF",RB Leipzig,23,1997,30.3,1037,979,56,15,12,4,64,11,29,14,6,0,813,2,25,Matches
332,333,Lukas Nmecha,de GER,"FW,MF",Wolfsburg,22,1998,18.1,395,372,21,0,2,4,21,1,0,0,0,0,258,2,11,Matches
333,334,Håvard Nordtveit,no NOR,DF,Hoffenheim,31,1990,3.4,258,240,17,11,1,3,1,6,0,0,0,0,206,1,4,Matches
334,335,Connor Noß,ie IRL,MF,M'Gladbach,20,2001,0.6,14,13,1,0,0,0,0,0,0,0,0,0,11,0,1,Matches
335,336,Hugo Novoa,es ESP,"MF,FW",RB Leipzig,18,2003,1.5,48,44,3,1,0,0,2,2,0,0,0,0,29,1,3,Matches
336,337,Soma Novothny,hu HUN,"FW,MF",Bochum,27,1994,0.9,18,18,0,0,0,0,0,0,0,0,0,0,12,0,0,Matches
337,338,Kasim Nuhu,gh GHA,DF,Hoffenheim,26,1995,0.1,9,8,0,0,0,0,0,0,0,0,0,0,6,1,0,Matches
338,339,Hans Nunoo Sarpei,gh GHA,"DF,MF",Greuther Fürth,22,1998,7.1,325,310,13,12,0,2,0,1,0,0,0,0,262,2,3,Matches
339,340,Bastian Oczipka,de GER,DF,Union Berlin,32,1989,10.4,561,415,145,18,0,0,61,108,19,6,11,0,402,1,22,Matches
340,341,Masaya Okugawa,jp JPN,"MF,FW",Arminia,25,1996,28.1,483,463,15,0,3,1,14,4,0,0,0,0,292,5,32,Matches
341,342,Mathias Olesen,lu LUX,"MF,FW",Köln,20,2001,0.2,14,13,0,0,0,0,0,0,0,0,0,0,10,1,0,Matches
342,343,Dani Olmo,es ESP,"MF,FW",RB Leipzig,23,1998,8.3,353,344,8,2,6,1,9,0,3,1,2,0,273,1,12,Matches
343,344,Karim Onisiwo,at AUT,FW,Mainz 05,29,1992,26.2,567,523,41,0,1,0,50,3,0,0,0,0,333,3,33,Matches
344,345,Willi Orban,hu HUN,DF,RB Leipzig,28,1992,29.4,2045,1984,57,49,1,1,3,3,0,0,0,0,1820,4,13,Matches
345,346,Stefan Ortega,de GER,GK,Arminia,28,1992,33.0,1768,1312,453,136,2,8,0,0,0,0,0,0,1245,3,1,Matches
346,347,Patrick Osterhage,de GER,MF,Bochum,21,2000,6.7,198,189,9,4,0,0,9,1,4,1,3,0,149,0,6,Matches
347,348,Tomáš Ostrák,cz CZE,"MF,FW",Köln,21,2000,0.3,15,14,1,0,0,0,3,0,1,0,1,0,10,0,2,Matches
348,349,Paulo Otávio,br BRA,"DF,MF",Wolfsburg,26,1994,4.0,202,156,46,2,0,2,25,44,0,0,0,0,144,0,7,Matches
349,350,Reece Oxford,eng ENG,DF,Augsburg,22,1998,29.9,1173,1149,19,9,2,25,0,8,0,0,0,0,931,5,7,Matches
350,351,Salih Özcan,tr TUR,MF,Köln,23,1998,25.7,1360,1267,87,74,3,6,18,12,0,0,0,0,1128,6,15,Matches
351,352,Levin Öztunalı,de GER,MF,Union Berlin,25,1996,6.4,173,171,0,0,1,3,12,0,0,0,0,0,117,2,7,Matches
352,353,Gonçalo Paciência,pt POR,FW,Eint Frankfurt,26,1994,5.7,152,143,9,0,0,4,7,2,0,0,0,0,99,0,5,Matches
353,354,Exequiel Palacios,ar ARG,MF,Leverkusen,22,1998,12.2,796,763,27,18,7,5,8,5,3,2,0,0,677,6,7,Matches
354,355,Miloš Pantović,rs SRB,"MF,FW",Bochum,25,1996,17.0,510,447,60,17,2,2,60,7,29,10,14,0,324,3,11,Matches
355,356,Antonios Papadopoulos,de GER,"DF,MF",Dortmund,21,1999,0.2,11,11,0,0,0,0,0,0,0,0,0,0,9,0,0,Matches
356,357,Matondo-Merveille Papela,de GER,MF,Mainz 05,20,2001,0.9,24,24,0,0,0,0,0,0,0,0,0,0,17,0,1,Matches
357,358,Kevin Paredes,us USA,"FW,DF",Wolfsburg,18,2003,0.2,8,8,0,0,0,0,1,0,0,0,0,0,6,0,0,Matches
358,359,Felix Passlack,de GER,DF,Dortmund,23,1998,5.2,364,306,58,0,0,1,13,58,0,0,0,0,291,0,6,Matches
359,360,Paulinho,br BRA,"FW,MF",Leverkusen,21,2000,13.5,505,484,18,2,2,1,20,3,11,7,0,0,401,3,19,Matches
360,361,Benjamin Pavard,fr FRA,DF,Bayern Munich,25,1996,23.1,2114,1936,175,31,2,11,39,144,0,0,0,0,1838,3,23,Matches
361,362,Mads Pedersen,dk DEN,"MF,DF",Augsburg,24,1996,15.5,460,364,95,10,2,2,48,69,16,2,13,0,292,1,22,Matches
362,363,Peter Pekarík,sk SVK,DF,Hertha BSC,34,1986,24.8,1198,925,265,17,0,3,59,248,0,0,0,0,921,8,30,Matches
363,364,Philipp Pentke,de GER,GK,Hoffenheim,36,1985,1.0,39,32,7,0,0,1,0,0,0,0,0,0,31,0,0,Matches
364,365,Ricardo Pepi,us USA,"FW,MF",Augsburg,18,2003,5.3,101,93,7,0,1,0,2,2,0,0,0,0,67,1,3,Matches
365,366,Pavao Pervan,at AUT,GK,Wolfsburg,33,1987,6.0,207,149,58,9,0,0,0,0,0,0,0,0,159,0,0,Matches
366,367,Nils Petersen,de GER,FW,Freiburg,32,1988,6.4,137,131,5,0,0,0,3,0,0,0,0,0,83,1,5,Matches
367,368,Jens Petter Hauge,no NOR,"MF,FW",Eint Frankfurt,21,1999,11.6,426,411,14,3,6,4,5,9,1,0,0,0,305,1,17,Matches
368,369,Immanuel Pherai,nl NED,MF,Dortmund,20,2001,0.0,0,0,0,0,0,0,0,0,0,0,0,0,0,0,0,Matches
369,370,Maximilian Philipp,de GER,MF,Wolfsburg,27,1994,10.7,332,291,40,5,2,2,35,4,24,23,0,0,248,1,7,Matches
370,371,Krzysztof Piątek,pl POL,FW,Hertha BSC,26,1995,3.9,82,76,4,0,0,1,3,0,0,0,0,0,50,2,2,Matches
371,372,Amos Pieper,de GER,DF,Arminia,23,1998,26.4,1158,1108,46,35,0,10,3,7,0,0,0,0,902,4,6,Matches
372,373,Marvin Plattenhardt,de GER,DF,Hertha BSC,29,1992,18.2,941,624,317,68,0,2,123,187,62,31,27,0,650,0,23,Matches
373,374,Alassane Pléa,fr FRA,"MF,FW",M'Gladbach,28,1993,23.0,791,742,43,9,21,7,31,5,4,2,1,0,575,6,33,Matches
374,375,Joel Pohjanpalo,fi FIN,FW,Leverkusen,26,1994,0.1,3,3,0,0,0,0,0,0,0,0,0,0,1,0,0,Matches
375,376,Sebastian Polter,de GER,FW,Bochum,30,1991,26.0,501,457,41,0,3,0,7,0,0,0,0,0,269,3,18,Matches
376,377,Marin Pongračić,hr CRO,DF,Dortmund,23,1997,9.2,635,622,12,10,0,3,0,1,0,0,0,0,545,1,4,Matches
377,378,Stefan Posch,at AUT,DF,Hoffenheim,24,1997,24.4,1416,1329,77,43,1,8,11,32,0,0,0,0,1134,10,21,Matches
378,379,Yussuf Poulsen,dk DEN,"FW,MF",RB Leipzig,27,1994,12.0,324,307,17,0,5,2,9,6,0,0,0,0,212,0,23,Matches
379,380,Manuel Prietl,at AUT,MF,Arminia,29,1991,23.6,665,661,3,2,1,2,7,1,0,0,0,0,518,1,11,Matches
380,381,Grischa Prömel,de GER,MF,Union Berlin,26,1995,26.9,949,895,50,14,1,4,6,5,0,0,0,0,713,4,31,Matches
381,382,Nick Proschwitz,de GER,FW,Hoffenheim,34,1986,0.3,4,4,0,0,0,0,0,0,0,0,0,0,3,0,0,Matches
382,383,Afimico Pululu,fr FRA,"FW,MF",Greuther Fürth,22,1999,0.8,22,17,5,1,0,0,1,1,0,0,0,0,15,0,1,Matches
383,384,Sidney Raebiger,de GER,MF,RB Leipzig,16,2005,0.0,2,2,0,0,0,0,0,0,0,0,0,0,2,0,0,Matches
384,385,Diant Ramaj,de GER,GK,Eint Frankfurt,19,2001,1.0,41,31,10,6,0,0,0,0,0,0,0,0,30,0,0,Matches
385,386,Guilherme Ramos,pt POR,DF,Arminia,23,1997,10.1,458,417,39,9,1,2,5,30,0,0,0,0,305,2,6,Matches
386,387,Tobias Raschl,de GER,MF,Greuther Fürth,21,2000,6.6,265,259,6,5,2,0,1,1,0,0,0,0,215,0,7,Matches
387,388,David Raum,de GER,"DF,FW",Hoffenheim,23,1998,30.6,2003,1550,448,45,1,9,311,294,109,50,40,0,1463,5,50,Matches
388,389,Reinier,br BRA,"FW,MF",Dortmund,19,2002,1.8,83,81,1,0,0,0,0,1,0,0,0,0,62,1,3,Matches
389,390,Panagiotis Retsos,gr GRE,"DF,FW",Leverkusen,22,1998,0.4,12,11,1,1,0,0,0,0,0,0,0,0,10,0,0,Matches
390,391,Marco Reus,de GER,"MF,FW",Dortmund,32,1989,27.8,1242,1172,62,39,12,4,40,4,8,4,1,0,1003,8,28,Matches
391,392,Elvis Rexhbeçaj,de GER,MF,Bochum,23,1997,28.2,821,760,54,24,4,6,41,5,15,7,2,0,537,7,25,Matches
392,393,Gio Reyna,us USA,MF,Dortmund,18,2002,4.9,248,215,32,15,0,1,20,3,14,9,3,0,197,1,6,Matches
393,394,Chris Richards,us USA,DF,Hoffenheim,21,2000,14.5,984,956,28,22,1,2,0,4,0,0,0,0,829,0,7,Matches
394,395,Chris Richards,us USA,DF,Bayern Munich,21,2000,0.0,3,3,0,0,0,0,0,0,0,0,0,0,3,0,0,Matches
395,396,Omar Richards,eng ENG,DF,Bayern Munich,23,1998,4.9,361,300,61,12,0,1,8,49,0,0,0,0,312,0,9,Matches
396,397,Marco Richter,de GER,"FW,MF",Hertha BSC,23,1997,18.9,527,485,40,13,4,6,57,14,12,3,8,0,345,2,22,Matches
397,398,Manuel Riemann,de GER,GK,Bochum,32,1988,31.0,1653,1257,387,141,0,29,0,0,0,0,0,0,1030,9,0,Matches
398,399,Marc Roca,es ESP,MF,Bayern Munich,24,1996,4.2,289,280,9,4,4,2,5,1,4,0,4,0,252,0,4,Matches
399,400,Cimo Röcker,de GER,DF,Hertha BSC,27,1994,0.2,16,16,0,0,0,0,0,0,0,0,0,0,11,0,0,Matches
400,401,Sebastian Rode,de GER,MF,Eint Frankfurt,30,1990,8.4,414,401,12,9,1,1,3,3,0,0,0,0,336,1,7,Matches
401,402,Romario Rösch,de GER,MF,Mainz 05,22,1999,0.0,0,0,0,0,0,0,0,0,0,0,0,0,0,0,0,Matches
402,403,Tom Rothe,de GER,DF,Dortmund,16,2004,1.0,54,43,11,2,0,0,5,9,0,0,0,0,40,0,4,Matches
403,404,Jérôme Roussillon,fr FRA,DF,Wolfsburg,28,1993,19.7,918,749,162,7,0,4,50,155,0,0,0,0,675,7,19,Matches
404,405,Sebastian Rudy,de GER,MF,Hoffenheim,31,1990,8.6,405,378,23,8,0,0,15,7,8,1,3,0,305,4,6,Matches
405,406,Georginio Rutter,fr FRA,"FW,MF",Hoffenheim,19,2002,17.9,319,309,8,1,1,4,20,2,0,0,0,0,198,2,19,Matches
406,407,Julian Ryerson,no NOR,DF,Union Berlin,23,1997,15.9,650,522,126,5,0,1,51,120,1,0,0,0,482,2,20,Matches
407,408,Frederik Rønnow,dk DEN,GK,Union Berlin,28,1992,7.0,257,197,59,16,0,0,0,0,0,0,0,0,168,1,1,Matches
408,409,Marcel Sabitzer,at AUT,"MF,DF",Bayern Munich,27,1994,10.1,712,664,44,10,2,5,16,33,0,0,0,0,576,4,20,Matches
409,410,Marcel Sabitzer,at AUT,"MF,FW",RB Leipzig,27,1994,0.5,49,45,4,1,0,0,1,3,0,0,0,0,40,0,0,Matches
410,411,Roland Sallai,hu HUN,"MF,FW",Freiburg,24,1997,17.2,490,475,12,1,3,2,58,10,1,1,0,0,316,3,31,Matches
411,412,Diadie Samassékou,ml MLI,MF,Hoffenheim,25,1996,18.4,720,706,12,9,1,3,7,1,0,0,0,0,572,2,20,Matches
412,413,Leroy Sané,de GER,"FW,MF",Bayern Munich,25,1996,22.0,996,954,39,9,6,4,38,10,16,7,3,2,821,3,15,Matches
413,414,Mohamed Sankoh,nl NED,FW,Stuttgart,17,2003,0.0,0,0,0,0,0,0,0,0,0,0,0,0,0,0,0,Matches
414,415,Baptiste Santamaria,fr FRA,MF,Freiburg,26,1995,0.2,3,3,0,0,0,0,0,0,0,0,0,0,1,0,0,Matches
415,416,Bouna Sarr,sn SEN,DF,Bayern Munich,29,1992,0.7,40,35,5,0,0,0,3,5,0,0,0,0,28,0,3,Matches
416,417,Joe Scally,us USA,DF,M'Gladbach,18,2002,21.2,1010,790,219,12,3,2,35,207,0,0,0,0,795,1,20,Matches
417,418,Kevin Schade,de GER,"MF,FW",Freiburg,19,2001,9.2,187,178,9,0,0,0,13,9,0,0,0,0,102,0,3,Matches
418,419,András Schäfer,hu HUN,MF,Union Berlin,22,1999,2.7,88,86,1,0,0,0,1,1,0,0,0,0,66,1,5,Matches
419,420,Louis Schaub,at AUT,"MF,FW",Köln,26,1994,7.3,320,296,21,7,0,4,34,3,11,7,2,0,205,3,18,Matches
420,421,Patrik Schick,cz CZE,FW,Leverkusen,25,1996,23.1,413,388,24,1,0,1,3,1,0,0,0,0,282,1,11,Matches
421,422,Kingsley Schindler,de GER,"DF,FW",Köln,28,1993,3.9,196,154,41,1,0,1,24,39,0,0,0,0,103,1,8,Matches
422,423,Xaver Schlager,at AUT,MF,Wolfsburg,23,1997,11.6,422,417,4,3,4,4,6,1,0,0,0,0,319,1,13,Matches
423,424,Keven Schlotterbeck,de GER,"DF,FW",Freiburg,24,1997,3.5,120,113,6,6,0,0,0,0,0,0,0,0,100,1,0,Matches
424,425,Nico Schlotterbeck,de GER,DF,Freiburg,21,1999,30.9,1750,1679,66,47,4,35,9,10,0,0,0,0,1403,5,23,Matches
425,426,Jonathan Schmid,fr FRA,DF,Freiburg,31,1990,6.5,330,270,59,5,0,3,16,52,2,1,1,0,258,1,8,Matches
426,427,Benno Schmitz,de GER,DF,Köln,26,1994,26.9,1645,1305,333,9,0,2,93,324,0,0,0,0,1126,7,43,Matches
427,428,Alessandro Schöpf,at AUT,MF,Arminia,27,1994,26.6,1067,1008,57,23,1,5,58,3,25,13,10,1,821,2,27,Matches
428,429,Nico Schulz,de GER,DF,Dortmund,28,1993,9.3,655,548,106,6,0,1,13,100,0,0,0,0,544,1,16,Matches
429,430,Marvin Schwäbe,de GER,GK,Köln,26,1995,21.0,1001,804,194,50,0,2,0,0,0,0,0,0,829,3,1,Matches
430,431,Alexander Schwolow,de GER,GK,Hertha BSC,29,1992,24.2,829,557,268,64,0,2,0,0,0,0,0,0,598,4,0,Matches
431,432,Paul Seguin,de GER,MF,Greuther Fürth,26,1995,23.4,1124,1060,60,45,4,8,41,0,9,1,8,0,857,4,28,Matches
432,433,Davie Selke,de GER,FW,Hertha BSC,26,1995,11.2,227,209,17,0,1,0,6,0,0,0,0,0,134,1,4,Matches
433,434,Lion Semić,de GER,DF,Dortmund,17,2003,0.0,0,0,0,0,0,0,0,0,0,0,0,0,0,0,0,Matches
434,435,Suat Serdar,de GER,"MF,FW",Hertha BSC,24,1997,24.6,587,560,22,11,5,9,6,3,1,1,0,0,412,5,24,Matches
435,436,Janni Serra,de GER,FW,Arminia,23,1998,12.4,261,247,11,1,0,1,1,4,0,0,0,0,160,3,9,Matches
436,437,Zidan Sertdemir,dk DEN,"MF,FW",Leverkusen,16,2005,0.2,7,4,3,0,0,0,3,0,3,3,0,0,5,0,0,Matches
437,438,Nils Seufert,de GER,MF,Greuther Fürth,24,1997,1.1,31,31,0,0,0,0,0,0,0,0,0,0,21,0,1,Matches
438,439,Kiliann Sildillia,fr FRA,"DF,MF",Freiburg,19,2002,1.9,96,77,19,2,0,0,5,17,0,0,0,0,59,0,6,Matches
439,440,André Silva,pt POR,FW,RB Leipzig,25,1995,23.1,568,520,44,1,4,1,7,6,0,0,0,0,412,4,17,Matches
440,441,Mohamed Simakan,fr FRA,DF,RB Leipzig,21,2000,22.3,1402,1350,46,37,0,6,6,5,0,0,0,0,1205,6,4,Matches
441,442,Daley Sinkgraven,nl NED,DF,Leverkusen,26,1995,3.9,204,166,37,2,0,0,7,34,1,1,0,0,164,1,2,Matches
442,443,Tobias Sippel,de GER,GK,M'Gladbach,33,1988,1.0,47,38,9,3,0,0,0,0,0,0,0,0,39,0,0,Matches
443,444,Hugo Siquet,be BEL,DF,Freiburg,19,2002,0.2,16,13,3,0,0,0,1,3,0,0,0,0,13,0,0,Matches
444,445,Ellyes Skhiri,tn TUN,MF,Köln,26,1995,20.2,958,913,43,39,2,9,6,4,0,0,0,0,805,2,11,Matches
445,446,Robert Skov,dk DEN,"FW,DF",Hoffenheim,25,1996,4.1,165,137,26,5,1,3,18,10,8,4,3,0,120,2,1,Matches
446,447,Danilo Soares,br BRA,DF,Bochum,29,1991,28.5,1661,1285,368,46,2,1,66,321,1,0,0,0,1237,8,42,Matches
447,448,Yann Sommer,ch SUI,GK,M'Gladbach,32,1988,33.0,1468,1140,323,99,0,4,0,0,0,0,0,0,1112,5,0,Matches
448,449,Borna Sosa,hr CRO,"DF,FW",Stuttgart,23,1998,27.8,1779,1385,388,77,3,11,239,244,67,14,50,0,1294,6,35,Matches
449,450,Djibril Sow,ch SUI,MF,Eint Frankfurt,24,1997,26.8,1231,1208,19,14,5,5,9,5,0,0,0,0,1012,4,27,Matches
450,451,Jerry St. Juste,nl NED,DF,Mainz 05,24,1996,6.7,296,280,16,15,0,1,6,0,0,0,0,0,228,0,6,Matches
451,452,Anton Stach,de GER,MF,Mainz 05,22,1998,20.7,955,902,49,22,3,4,53,1,26,15,10,0,671,4,28,Matches
452,453,Kostas Stafylidis,gr GRE,"DF,MF",Bochum,27,1993,15.4,714,547,166,25,1,13,64,129,12,7,5,0,500,1,13,Matches
453,454,Josip Stanišić,hr CRO,DF,Bayern Munich,21,2000,7.2,587,522,65,4,0,4,10,60,1,0,1,0,508,0,10,Matches
454,455,Niklas Stark,de GER,DF,Hertha BSC,26,1995,22.6,1009,954,51,48,1,6,0,3,0,0,0,0,829,4,7,Matches
455,456,Renato Steffen,ch SUI,"FW,MF",Wolfsburg,29,1991,10.7,429,378,44,0,1,5,25,37,2,1,1,0,317,7,11,Matches
456,457,Pascal Stenzel,de GER,DF,Stuttgart,25,1996,10.0,690,568,122,27,0,24,18,93,2,1,1,0,564,0,8,Matches
457,458,Angelo Stiller,de GER,MF,Hoffenheim,20,2001,18.8,968,949,16,6,1,1,17,5,4,3,0,0,798,3,15,Matches
458,459,Lars Stindl,de GER,"MF,FW",M'Gladbach,32,1988,18.1,817,789,26,8,7,0,14,4,3,0,2,0,665,2,19,Matches
459,460,Kevin Stöger,at AUT,MF,Mainz 05,27,1993,4.7,329,294,35,13,1,1,31,7,15,8,6,0,244,0,4,Matches
460,461,Tobias Strobl,de GER,"MF,DF",Augsburg,31,1990,3.6,94,91,3,3,0,2,2,0,0,0,0,0,65,0,3,Matches
461,462,Niklas Süle,de GER,DF,Bayern Munich,25,1995,20.4,1767,1701,62,36,1,22,6,24,1,0,0,0,1586,4,10,Matches
462,463,Ádám Szalai,hu HUN,FW,Mainz 05,33,1987,2.9,77,74,1,0,0,0,0,1,0,0,0,0,40,2,4,Matches
463,464,Dominik Szoboszlai,hu HUN,"MF,FW",RB Leipzig,20,2000,17.1,965,849,112,38,4,5,91,16,56,23,24,0,742,4,12,Matches
464,465,Jonathan Tah,de GER,DF,Leverkusen,25,1996,32.0,1913,1861,51,31,5,6,2,4,0,0,0,0,1685,1,8,Matches
465,466,Edmond Tapsoba,bf BFA,DF,Leverkusen,22,1999,20.2,1433,1353,77,35,1,8,0,2,0,0,0,0,1265,3,12,Matches
466,467,Niklas Tauer,de GER,"DF,MF",Mainz 05,20,2001,5.4,199,187,12,2,0,0,1,10,0,0,0,0,146,0,3,Matches
467,468,Robert Tesche,de GER,MF,Bochum,34,1987,3.9,179,174,3,3,0,2,2,0,0,0,0,0,150,2,2,Matches
468,469,Cedric Teuchert,de GER,"MF,FW",Union Berlin,24,1997,1.2,28,26,1,0,1,0,1,0,0,0,0,0,19,1,1,Matches
469,470,Jan Thielmann,de GER,"MF,FW",Köln,19,2002,13.2,404,388,13,2,2,3,57,11,0,0,0,0,232,3,35,Matches
470,471,Erik Thommy,de GER,"FW,MF",Stuttgart,26,1994,3.0,117,105,12,4,0,1,23,1,7,0,7,0,87,0,6,Matches
471,472,Marcus Thuram,fr FRA,FW,M'Gladbach,23,1997,10.9,241,222,18,0,2,1,7,1,0,0,0,0,169,1,9,Matches
472,473,Alexis Tibidi,fr FRA,"MF,FW",Stuttgart,17,2003,4.3,122,119,3,1,1,0,3,1,0,0,0,0,90,0,5,Matches
473,474,Steffen Tigges,de GER,"FW,MF",Dortmund,23,1998,1.2,40,39,1,0,0,0,1,0,0,0,0,0,22,0,2,Matches
474,475,Malik Tillman,us USA,"FW,MF",Bayern Munich,19,2002,1.2,41,40,1,0,1,0,0,1,0,0,0,0,32,0,1,Matches
475,476,Timothy Tillman,de GER,MF,Greuther Fürth,22,1999,22.3,713,621,87,27,3,4,67,2,42,30,7,4,506,5,34,Matches
476,477,Umut Tohumcu,de GER,MF,Hoffenheim,16,2004,0.1,0,0,0,0,0,0,0,0,0,0,0,0,0,0,0,Matches
477,478,Corentin Tolisso,fr FRA,MF,Bayern Munich,26,1994,7.8,550,537,12,10,7,5,6,2,0,0,0,0,477,1,7,Matches
478,479,Tiago Tomás,pt POR,FW,Stuttgart,19,2002,11.9,223,209,12,1,1,0,18,3,0,0,0,0,146,2,5,Matches
479,480,Jordan Torunarigha,de GER,DF,Hertha BSC,23,1997,5.4,239,227,12,8,0,4,1,1,0,0,0,0,194,0,2,Matches
480,481,Almamy Touré,ml MLI,"DF,MF",Eint Frankfurt,25,1996,5.6,229,187,42,3,0,1,12,39,0,0,0,0,162,0,9,Matches
481,482,Lucas Tousart,fr FRA,MF,Hertha BSC,24,1997,21.8,725,701,17,11,4,7,16,3,1,0,1,0,515,7,22,Matches
482,483,Kevin Trapp,de GER,GK,Eint Frankfurt,31,1990,32.0,1257,925,326,76,0,3,0,0,0,0,0,0,823,6,0,Matches
483,484,Christopher Trimmel,at AUT,"DF,FW",Union Berlin,34,1987,22.1,1142,818,312,41,3,4,146,210,61,21,36,2,759,12,29,Matches
484,485,Philipp Tschauner,de GER,GK,RB Leipzig,35,1985,0.0,5,4,1,1,0,0,0,0,0,0,0,0,4,0,0,Matches
485,486,Tuta,br BRA,DF,Eint Frankfurt,22,1999,24.3,1397,1319,74,31,2,9,5,43,0,0,0,0,1089,4,19,Matches
486,487,Anthony Ujah,ng NGA,"FW,MF",Union Berlin,30,1990,0.4,10,10,0,0,0,0,1,0,0,0,0,0,5,0,0,Matches
487,488,Sven Ulreich,de GER,GK,Bayern Munich,32,1988,6.0,235,184,51,13,0,0,0,0,0,0,0,0,200,0,0,Matches
488,489,Dayot Upamecano,fr FRA,DF,Bayern Munich,22,1998,24.6,2277,2226,48,36,3,16,2,12,0,0,0,0,2048,3,11,Matches
489,490,Benjamin Uphoff,de GER,GK,Freiburg,27,1993,2.0,90,69,21,1,0,1,0,0,0,0,0,0,59,0,0,Matches
490,491,Mark Uth,de GER,"MF,FW",Köln,29,1991,22.5,759,618,136,33,7,16,123,11,76,45,20,0,520,5,29,Matches
491,492,Ruben Vargas,ch SUI,"MF,FW",Augsburg,22,1998,22.0,583,551,28,4,3,11,42,19,1,0,1,0,399,4,22,Matches
492,493,Sebastian Vasiliadis,gr GRE,MF,Arminia,23,1997,13.3,341,330,9,4,0,1,5,4,0,0,0,0,219,2,13,Matches
493,494,Mickey van de Ven,nl NED,DF,Wolfsburg,20,2001,2.1,82,71,11,3,0,0,3,8,0,0,0,0,65,0,2,Matches
494,495,Vincent Vermeij,nl NED,MF,Freiburg,26,1994,0.0,3,3,0,0,0,0,0,0,0,0,0,0,2,0,0,Matches
495,496,Gabriel Vidovic,hr CRO,"FW,MF",Bayern Munich,17,2003,0.4,21,20,1,0,0,0,0,1,0,0,0,0,16,0,0,Matches
496,497,Nick Viergever,nl NED,DF,Greuther Fürth,31,1989,23.7,1091,990,96,75,0,4,1,5,0,0,0,0,874,5,8,Matches
497,498,Andreas Voglsammer,de GER,"FW,MF",Union Berlin,29,1992,9.8,246,237,7,0,2,1,21,3,0,0,0,0,145,2,11,Matches
498,499,Kevin Vogt,de GER,DF,Hoffenheim,29,1991,28.5,2183,2099,81,64,1,13,4,10,0,0,0,0,1920,3,11,Matches
499,500,Aster Vranckx,be BEL,MF,Wolfsburg,18,2002,12.7,441,420,19,8,3,5,24,2,9,9,0,0,335,2,14,Matches
500,501,Luca Waldschmidt,de GER,"MF,FW",Wolfsburg,25,1996,8.0,242,231,10,2,0,1,7,1,2,0,0,0,189,1,9,Matches
501,502,Paul Wanner,de GER,"FW,MF",Bayern Munich,15,2005,0.4,13,12,1,0,0,0,1,1,0,0,0,0,11,0,0,Matches
502,503,Wout Weghorst,nl NED,FW,Wolfsburg,28,1992,17.3,432,412,18,1,2,1,2,2,0,0,0,0,303,2,9,Matches
503,504,Noah Weißhaupt,de GER,"MF,FW",Freiburg,19,2001,1.1,46,46,0,0,0,0,4,0,0,0,0,0,35,0,2,Matches
504,505,Silvan Widmer,ch SUI,DF,Mainz 05,28,1993,32.4,1502,1165,334,17,1,1,62,315,1,1,0,0,1060,3,22,Matches
505,506,Jetro Willems,nl NED,DF,Greuther Fürth,27,1994,17.8,887,673,213,21,1,5,40,182,10,9,1,0,626,1,23,Matches
506,507,Patrick Wimmer,at AUT,"FW,MF",Arminia,20,2001,22.8,799,644,147,34,9,5,96,31,64,32,21,0,427,8,46,Matches
507,508,Jonas Wind,dk DEN,"FW,MF",Wolfsburg,22,1999,13.1,376,366,8,1,7,0,5,0,0,0,0,0,244,2,10,Matches
508,509,Marten Winkler,de GER,MF,Hertha BSC,18,2002,0.3,8,8,0,0,0,0,1,0,0,0,0,0,4,0,0,Matches
509,510,Frederik Winther,dk DEN,DF,Augsburg,20,2001,3.6,161,157,4,1,0,3,1,3,0,0,0,0,120,0,2,Matches
510,511,Florian Wirtz,de GER,"MF,FW",Leverkusen,18,2003,20.6,895,788,100,18,16,3,63,14,35,17,16,0,664,7,15,Matches
511,512,Axel Witsel,be BEL,"MF,DF",Dortmund,32,1989,21.6,1305,1253,52,48,1,3,0,4,0,0,0,0,1217,0,9,Matches
512,513,Hannes Wolf,at AUT,"FW,MF",M'Gladbach,22,1999,3.4,112,104,8,1,2,0,2,7,0,0,0,0,82,0,5,Matches
513,514,Marius Wolf,de GER,"DF,FW",Dortmund,26,1995,14.7,723,636,83,8,1,4,25,74,1,0,0,0,554,4,25,Matches
514,515,Luca Wollschläger,de GER,"FW,MF",Hertha BSC,18,2003,0.2,6,6,0,0,0,0,0,0,0,0,0,0,5,0,0,Matches
515,516,Jeong Woo-yeong,kr KOR,"FW,MF",Freiburg,21,1999,19.8,632,629,2,0,4,3,31,1,0,0,0,0,454,1,16,Matches
516,517,Joscha Wosz,de GER,DF,RB Leipzig,19,2002,0.1,4,4,0,0,0,0,0,0,0,0,0,0,3,0,0,Matches
517,518,Dan-Axel Zagadou,fr FRA,DF,Dortmund,22,1999,10.6,912,886,24,15,0,3,1,6,0,0,0,0,802,2,4,Matches
518,519,Denis Zakaria,ch SUI,"MF,DF",M'Gladbach,24,1996,15.5,819,792,25,20,0,2,5,3,0,0,0,0,732,2,10,Matches
519,520,Deyovaisio Zeefuik,nl NED,DF,Hertha BSC,23,1998,6.3,262,201,60,7,0,1,11,53,0,0,0,0,196,1,3,Matches
520,521,Robin Zentner,de GER,GK,Mainz 05,26,1994,32.0,1008,705,297,61,0,3,0,0,0,0,0,0,698,6,0,Matches
521,522,Andi Zeqiri,ch SUI,"FW,MF",Augsburg,22,1999,11.3,173,163,10,0,0,1,7,1,1,0,0,0,114,0,9,Matches
522,523,Simon Zoller,de GER,FW,Bochum,30,1991,6.6,157,141,14,0,0,0,10,8,0,0,0,0,116,2,1,Matches
