,Rk,Player,Nation,Pos,Squad,Age,Born,90s,CrdY,CrdR,2CrdY,Fls,Fld,Off,Crs,Int,TklW,PKwon,PKcon,OG,Recov,Won,Lost,Won%,Matches
0,1,Dickson Abiama,ng NGA,FW,Greuther Fürth,22,1998,8.1,3,0,0,17,11,15,3,4,7,0,0,0,28,19,30,38.8,Matches
1,2,Ragnar Ache,de GER,"MF,FW",Eint Frankfurt,23,1998,2.9,0,0,0,5,8,6,6,0,0,0,0,0,7,18,10,64.3,Matches
2,3,Tyler Adams,us USA,MF,RB Leipzig,22,1999,15.0,5,0,0,19,15,0,2,16,7,0,0,0,85,20,10,66.7,Matches
3,4,Sargis Adamyan,am ARM,"FW,MF",Hoffenheim,28,1993,3.7,0,0,0,5,8,4,5,1,6,0,0,0,24,3,14,17.6,Matches
4,5,Amine Adli,fr FRA,"FW,MF",Leverkusen,21,2000,14.0,3,0,0,27,28,8,21,11,14,0,0,0,62,12,29,29.3,Matches
5,6,Naouirou Ahamada,fr FRA,"MF,DF",Stuttgart,19,2002,0.7,0,0,0,2,1,0,0,0,0,0,0,0,4,1,3,25.0,Matches
6,7,Manuel Akanji,ch SUI,DF,Dortmund,26,1995,25.1,3,0,0,19,24,1,3,35,23,0,0,1,164,51,35,59.3,Matches
7,8,Kevin Akpoguma,ng NGA,"DF,FW",Hoffenheim,26,1995,17.0,5,0,0,25,23,4,31,20,19,0,1,0,100,17,20,45.9,Matches
8,9,Lucas Alario,ar ARG,FW,Leverkusen,28,1992,7.3,2,0,0,8,8,7,1,1,5,1,0,0,13,19,23,45.2,Matches
9,10,Nadiem Amiri,de GER,"MF,FW",Leverkusen,24,1996,4.1,0,0,0,2,11,0,8,5,4,0,0,0,30,1,3,25.0,Matches
10,11,Sebastian Andersson,se SWE,FW,Köln,30,1991,14.0,3,0,0,23,18,5,9,3,7,0,0,0,32,53,60,46.9,Matches
11,12,Andrés Andrade Cedeño,pa PAN,DF,Arminia,22,1998,11.6,4,0,0,14,2,1,21,19,16,0,1,0,80,28,27,50.9,Matches
12,13,Fredrik André Bjørkan,no NOR,DF,Hertha BSC,22,1998,3.9,1,0,0,3,3,0,5,6,10,0,0,0,29,1,5,16.7,Matches
13,14,Robert Andrich,de GER,MF,Leverkusen,26,1994,20.2,5,1,0,40,15,2,6,31,17,0,0,0,126,30,24,55.6,Matches
14,15,Angeliño,es ESP,DF,RB Leipzig,24,1997,25.5,3,0,0,15,35,4,187,29,21,0,0,0,155,11,21,34.4,Matches
15,16,Waldemar Anton,de GER,DF,Stuttgart,25,1996,28.8,6,1,0,29,16,1,11,32,26,0,0,0,208,62,52,54.4,Matches
16,17,Christopher Antwi-Adjei,gh GHA,"FW,MF",Bochum,27,1994,12.6,2,0,0,15,29,11,29,1,18,1,0,0,53,12,42,22.2,Matches
17,18,Charles Aránguiz,cl CHI,MF,Leverkusen,32,1989,17.5,2,0,0,26,13,0,9,33,25,0,0,0,129,7,16,30.4,Matches
18,19,Maximilian Arnold,de GER,MF,Wolfsburg,27,1994,33.3,4,0,0,47,57,1,182,37,20,0,1,0,243,33,28,54.1,Matches
19,20,Takuma Asano,jp JPN,"FW,MF",Bochum,26,1994,17.9,1,0,0,17,27,18,34,7,6,0,0,0,86,15,42,26.3,Matches
20,21,Santiago Ascacíbar,ar ARG,MF,Hertha BSC,24,1997,26.4,5,0,0,35,31,2,2,41,54,0,0,0,192,33,39,45.8,Matches
21,22,Fisnik Asllani,xk KVX,"MF,FW",Hoffenheim,18,2002,0.1,0,0,0,0,0,0,0,0,0,0,0,0,0,0,0,,Matches
22,23,Simon Asta,de GER,DF,Greuther Fürth,20,2001,8.7,1,0,0,13,9,2,16,8,6,0,0,1,50,4,5,44.4,Matches
23,24,Taiwo Awoniyi,ng NGA,FW,Union Berlin,23,1997,24.2,1,0,0,25,23,21,10,2,7,1,0,1,82,54,101,34.8,Matches
24,25,Sardar Azmoun,ir IRN,"FW,MF",Leverkusen,26,1995,4.0,0,0,0,8,4,0,2,0,1,0,0,0,9,7,10,41.2,Matches
25,26,Mitchel Bakker,nl NED,DF,Leverkusen,21,2000,20.2,6,0,0,15,19,0,37,23,22,0,1,0,147,13,13,50.0,Matches
26,27,Ridle Baku,de GER,"DF,FW",Wolfsburg,23,1998,27.2,4,0,0,28,37,9,73,21,37,0,0,0,166,28,35,44.4,Matches
27,28,Aymen Barkok,ma MAR,"MF,DF",Eint Frankfurt,23,1998,1.8,0,0,0,4,1,0,2,5,2,0,0,0,11,6,3,66.7,Matches
28,29,Leandro Barreiro Martins,lu LUX,MF,Mainz 05,21,2000,19.9,3,0,0,41,27,0,8,32,32,2,0,0,109,25,27,48.1,Matches
29,30,Jacob Barrett Laursen,dk DEN,DF,Arminia,26,1994,18.1,1,0,0,12,6,1,54,28,12,0,0,1,99,18,26,40.9,Matches
30,31,Abdourahmane Barry,fr FRA,DF,Greuther Fürth,21,2000,2.3,2,0,0,9,3,0,7,4,4,0,0,0,18,4,1,80.0,Matches
31,32,Maximilian Bauer,de GER,DF,Greuther Fürth,21,2000,18.8,5,0,0,26,10,1,1,29,15,0,1,1,90,49,36,57.6,Matches
32,33,Oliver Baumann,de GER,GK,Hoffenheim,31,1990,33.0,1,0,0,0,3,0,0,0,0,0,0,0,86,9,0,100.0,Matches
33,34,Timo Baumgartl,de GER,DF,Union Berlin,25,1996,24.1,5,0,0,24,13,0,10,37,28,0,0,2,127,53,43,55.2,Matches
34,35,Julian Baumgartlinger,at AUT,"MF,FW",Leverkusen,33,1988,1.0,1,0,0,2,0,0,1,2,1,0,0,0,8,1,1,50.0,Matches
35,36,Christoph Baumgartner,at AUT,"MF,FW",Hoffenheim,21,1999,21.0,5,0,0,37,32,1,35,8,15,0,0,0,103,37,49,43.0,Matches
36,37,Noah Joel Sarenren Bazee,ng NGA,"MF,FW",Augsburg,24,1996,2.7,1,0,0,6,3,0,10,1,2,0,0,0,12,8,14,36.4,Matches
37,38,Ihlas Bebou,tg TOG,"FW,DF",Hoffenheim,27,1994,23.2,0,0,0,26,21,11,49,12,14,0,0,0,78,37,77,32.5,Matches
38,39,Sheraldo Becker,sr SUR,"FW,MF",Union Berlin,26,1995,19.5,4,0,0,26,25,10,123,2,6,0,0,0,96,11,39,22.0,Matches
39,40,Kevin Behrens,de GER,FW,Union Berlin,30,1991,5.5,1,0,0,15,5,1,2,3,2,1,0,0,25,45,40,52.9,Matches
40,41,Ishak Belfodil,dz ALG,FW,Hertha BSC,29,1992,18.2,1,0,0,19,11,27,12,5,6,1,0,0,43,38,43,46.9,Matches
41,42,Stefan Bell,de GER,DF,Mainz 05,29,1991,31.8,9,0,0,52,7,6,16,41,23,0,1,1,205,107,58,64.8,Matches
42,43,Armel Bella Kotchap,de GER,DF,Bochum,19,2001,19.6,5,0,0,26,27,3,2,43,20,0,0,2,128,37,17,68.5,Matches
43,44,Karim Bellarabi,de GER,"FW,MF",Leverkusen,31,1990,7.6,2,0,0,20,7,1,25,9,4,2,0,0,38,0,1,0.0,Matches
44,45,Jude Bellingham,eng ENG,MF,Dortmund,18,2003,31.0,9,0,0,39,91,5,14,42,34,0,0,0,178,28,42,40.0,Matches
45,46,George Bello,us USA,DF,Arminia,19,2002,4.8,0,0,0,4,6,1,11,6,7,0,0,1,26,0,8,0.0,Matches
46,47,László Bénes,sk SVK,MF,M'Gladbach,23,1997,2.7,0,0,0,1,9,0,15,2,3,0,0,0,17,5,1,83.3,Matches
47,48,Keanan Bennetts,eng ENG,"FW,DF",M'Gladbach,22,1999,0.6,1,0,0,2,0,0,2,0,0,0,0,0,4,2,0,100.0,Matches
48,49,Ramy Bensebaini,dz ALG,DF,M'Gladbach,26,1995,22.4,6,0,0,34,42,4,15,39,29,0,1,0,155,58,33,63.7,Matches
49,50,Louis Beyer,de GER,DF,M'Gladbach,21,2000,15.4,5,0,0,16,21,0,8,15,27,0,1,0,96,27,23,54.0,Matches
50,51,Bartosz Bialek,pl POL,"FW,DF",Wolfsburg,19,2001,2.0,1,0,0,6,2,0,0,0,0,0,0,0,4,5,8,38.5,Matches
51,52,Ermin Bičakčić,ba BIH,DF,Hoffenheim,31,1990,0.1,0,0,0,0,0,0,0,0,0,0,0,0,0,0,0,,Matches
52,53,Tom Bischof,de GER,MF,Hoffenheim,16,2005,0.2,0,0,0,1,0,0,1,0,0,0,0,0,0,0,0,,Matches
53,54,Danny Blum,de GER,FW,Bochum,30,1991,3.8,0,0,0,3,3,0,31,2,1,0,0,0,23,14,11,56.0,Matches
54,55,Kevin-Prince Boateng,gh GHA,"MF,FW",Hertha BSC,34,1987,7.7,8,0,0,21,21,1,5,6,5,0,0,0,44,26,17,60.5,Matches
55,56,Herbert Bockhorn,de GER,DF,Bochum,26,1995,9.4,1,0,0,7,21,0,27,14,14,0,0,0,74,11,15,42.3,Matches
56,57,Jean-Paul Boëtius,nl NED,MF,Mainz 05,27,1994,20.0,3,0,0,20,40,1,50,25,23,0,0,0,126,7,23,23.3,Matches
57,58,Tarsis Bonga,de GER,"MF,FW",Bochum,24,1997,0.2,0,0,0,0,0,0,1,0,0,0,0,0,3,1,1,50.0,Matches
58,59,Solomon Bonnah,nl NED,DF,RB Leipzig,17,2003,0.1,0,0,0,0,0,0,0,1,0,0,0,0,0,0,0,,Matches
59,60,Sebastiaan Bornauw,be BEL,DF,Wolfsburg,22,1999,22.3,4,0,0,22,5,2,0,42,19,0,1,0,107,63,47,57.3,Matches
60,61,Rafael Borré,co COL,FW,Eint Frankfurt,25,1995,26.4,5,0,0,40,26,17,20,5,22,0,0,0,89,46,124,27.1,Matches
61,62,Dedryck Boyata,be BEL,DF,Hertha BSC,30,1990,21.1,1,1,0,11,6,3,0,17,13,1,0,0,93,52,32,61.9,Matches
62,63,Julian Brandt,de GER,"MF,FW",Dortmund,25,1996,23.1,3,0,0,12,16,2,128,24,19,0,0,0,129,15,24,38.5,Matches
63,64,Iker Bravo,es ESP,FW,Leverkusen,16,2005,0.1,0,0,0,0,0,0,0,0,1,0,0,0,0,0,0,,Matches
64,65,Fabian Bredlow,de GER,GK,Stuttgart,26,1995,4.0,0,0,0,0,2,0,0,0,0,0,0,0,5,1,1,50.0,Matches
65,66,Josip Brekalo,hr CRO,FW,Wolfsburg,23,1998,0.2,0,0,0,0,0,0,2,0,0,0,0,0,4,0,0,,Matches
66,67,Brian Brobbey,nl NED,"FW,MF",RB Leipzig,19,2002,1.5,0,0,0,3,2,0,1,0,0,0,0,0,7,4,4,50.0,Matches
67,68,John Brooks,us USA,DF,Wolfsburg,28,1993,29.1,2,0,0,9,16,1,4,41,25,0,1,0,188,67,37,64.4,Matches
68,69,Daniel Brosinski,de GER,DF,Mainz 05,33,1988,4.3,0,0,0,1,3,0,23,3,1,0,0,0,27,6,3,66.7,Matches
69,70,Cédric Brunner,ch SUI,DF,Arminia,27,1994,24.3,6,0,0,35,24,0,70,43,35,0,1,0,157,45,37,54.9,Matches
70,71,Jacob Bruun Larsen,dk DEN,"FW,MF",Hoffenheim,22,1998,9.0,1,0,0,6,3,6,10,5,1,0,0,0,35,9,16,36.0,Matches
71,72,Sascha Burchert,de GER,GK,Greuther Fürth,31,1989,14.0,0,0,0,0,2,0,0,0,1,0,0,0,13,2,0,100.0,Matches
72,73,Delano Burgzorg,nl NED,MF,Mainz 05,22,1998,0.3,0,0,0,1,0,1,0,0,1,0,0,0,0,0,2,0.0,Matches
73,74,Jonathan Burkardt,de GER,"FW,MF",Mainz 05,21,2000,29.0,0,0,0,24,42,10,35,8,8,0,0,0,106,36,81,30.8,Matches
74,75,Roman Bürki,ch SUI,GK,Dortmund,30,1990,1.0,0,0,0,0,0,0,0,0,0,0,0,0,6,0,0,,Matches
75,76,Jamie Bynoe-Gittens,eng ENG,FW,Dortmund,16,2004,1.5,0,0,0,2,6,0,0,1,2,0,0,0,5,2,2,50.0,Matches
76,77,Daniel Caligiuri,it ITA,"DF,MF",Augsburg,33,1988,22.3,4,0,0,32,43,0,109,18,30,1,0,0,173,30,26,53.6,Matches
77,78,Emre Can,de GER,"DF,MF",Dortmund,27,1994,18.8,5,0,0,32,21,1,7,36,22,0,0,0,166,31,15,67.4,Matches
78,79,Koen Casteels,be BEL,GK,Wolfsburg,29,1992,28.0,1,0,0,0,2,0,0,0,0,0,0,0,41,9,0,100.0,Matches
79,80,Gonzalo Castro,de GER,"MF,FW",Arminia,34,1987,4.8,0,0,0,7,4,2,21,3,3,0,0,0,26,3,2,60.0,Matches
80,81,Julian Chabot,de GER,DF,Köln,23,1998,2.3,1,0,0,5,7,0,0,3,3,0,0,0,14,9,10,47.4,Matches
81,82,Timothy Chandler,us USA,DF,Eint Frankfurt,31,1990,13.5,4,0,0,17,7,4,30,19,12,0,0,0,56,14,22,38.9,Matches
82,83,Justin Che,us USA,"FW,DF",Hoffenheim,17,2003,0.5,0,0,0,0,0,0,2,1,0,0,0,0,1,0,1,0.0,Matches
83,84,Max Christiansen,de GER,MF,Greuther Fürth,24,1996,22.8,5,0,0,20,19,1,3,68,25,0,0,0,179,41,39,51.3,Matches
84,85,Kingsley Coman,fr FRA,"FW,DF",Bayern Munich,25,1996,15.1,1,1,0,9,22,5,79,8,8,0,0,0,78,9,14,39.1,Matches
85,86,Lucas Copado,de GER,FW,Bayern Munich,17,2004,0.2,0,0,0,0,0,0,0,0,0,0,0,0,3,0,0,,Matches
86,87,Sergio Córdova,ve VEN,"FW,MF",Augsburg,23,1997,3.6,2,0,0,5,11,5,3,0,3,0,0,0,11,14,22,38.9,Matches
87,88,Danny da Costa,de GER,"DF,MF",Eint Frankfurt,28,1993,8.1,2,0,0,8,2,0,22,11,4,0,1,0,48,14,6,70.0,Matches
88,89,Tanguy Coulibaly,fr FRA,"FW,MF",Stuttgart,20,2001,12.0,8,0,0,24,14,6,14,4,15,0,0,0,57,8,14,36.4,Matches
89,90,Mickaël Cuisance,fr FRA,MF,Bayern Munich,21,1999,0.1,0,0,0,0,0,0,0,0,1,0,0,0,2,0,0,,Matches
90,91,Matheus Cunha,br BRA,FW,Hertha BSC,22,1999,0.7,0,0,0,1,3,0,0,0,0,0,0,0,1,0,1,0.0,Matches
91,92,Rafael Czichos,de GER,DF,Köln,31,1990,15.6,4,0,0,16,11,0,3,19,18,0,0,1,103,43,37,53.8,Matches
92,93,Lennart-Marten Czyborra,de GER,DF,Arminia,22,1999,1.5,1,0,0,5,0,0,5,3,0,0,0,0,5,0,1,0.0,Matches
93,94,Moanes Dabbur,il ISR,"FW,MF",Hoffenheim,29,1992,14.6,5,0,0,29,19,2,4,5,9,0,0,0,65,18,25,41.9,Matches
94,95,Finn Dahmen,de GER,GK,Mainz 05,23,1998,2.0,0,0,0,0,0,0,0,0,0,0,0,0,2,0,0,,Matches
95,96,Mahmoud Dahoud,de GER,MF,Dortmund,25,1996,18.4,7,1,1,23,13,0,29,17,19,0,0,0,142,11,15,42.3,Matches
96,97,Márton Dárdai,de GER,DF,Hertha BSC,19,2002,8.4,2,0,0,10,6,0,8,20,4,0,0,0,33,12,11,52.2,Matches
97,98,Vladimír Darida,cz CZE,MF,Hertha BSC,30,1990,19.8,6,0,0,22,33,4,64,20,18,0,0,0,137,15,31,32.6,Matches
98,99,Alphonso Davies,ca CAN,DF,Bayern Munich,20,2000,19.3,3,0,0,15,27,3,41,23,17,0,0,0,144,11,17,39.3,Matches
99,100,Saulo Decarli,ch SUI,DF,Bochum,29,1992,0.1,0,0,0,0,0,0,0,0,0,0,0,0,0,0,1,0.0,Matches
100,101,Thomas Delaney,dk DEN,MF,Dortmund,29,1991,0.2,0,0,0,0,0,0,0,0,0,0,0,0,1,0,0,,Matches
101,102,Kerem Demirbay,de GER,MF,Leverkusen,28,1993,22.8,10,0,0,34,29,3,152,33,31,0,0,0,158,11,19,36.7,Matches
102,103,Ermedin Demirović,ba BIH,FW,Freiburg,23,1998,9.7,4,0,0,27,6,12,6,1,6,0,0,0,33,17,45,27.4,Matches
103,104,Mike van der Hoorn,nl NED,DF,Arminia,28,1992,0.2,0,0,0,0,1,0,0,1,0,0,0,0,1,0,0,,Matches
104,105,Moussa Diaby,fr FRA,"FW,MF",Leverkusen,22,1999,30.7,10,1,1,38,25,17,82,8,11,0,0,0,119,6,20,23.1,Matches
105,106,Daniel Didavi,de GER,"MF,FW",Stuttgart,31,1990,3.1,1,0,0,3,7,2,9,1,2,0,0,0,15,4,2,66.7,Matches
106,107,Javairô Dilrosun,nl NED,FW,Hertha BSC,23,1998,1.5,0,0,0,3,2,0,1,0,1,0,0,0,14,0,2,0.0,Matches
107,108,Lee Dongjun,kr KOR,"MF,FW",Hertha BSC,24,1997,1.3,0,0,0,3,3,1,2,2,1,0,0,0,3,0,2,0.0,Matches
108,109,Niklas Dorsch,de GER,MF,Augsburg,23,1998,25.8,8,0,0,53,48,0,20,35,47,0,0,0,240,16,17,48.5,Matches
109,110,Ondrej Duda,sk SVK,"MF,FW",Köln,26,1994,17.9,5,0,0,41,34,0,27,17,16,0,0,0,129,16,21,43.2,Matches
110,111,Jeremy Dudziak,tn TUN,"MF,FW",Greuther Fürth,25,1995,12.6,1,0,0,11,24,3,34,10,6,2,0,0,55,9,19,32.1,Matches
111,112,Erik Durm,de GER,DF,Eint Frankfurt,29,1992,5.3,1,0,0,2,7,0,14,10,7,0,0,0,25,3,8,27.3,Matches
112,113,Maximilian Eggestein,de GER,MF,Freiburg,24,1996,24.4,2,0,0,32,26,1,11,30,28,0,0,0,145,46,51,47.4,Matches
113,114,Lilian Egloff,de GER,"MF,DF",Stuttgart,18,2002,0.3,0,0,0,2,0,0,0,0,0,0,0,0,2,1,2,33.3,Matches
114,115,Kingsley Ehizibue,nl NED,DF,Köln,26,1995,7.6,2,0,0,15,16,0,17,9,18,0,0,0,45,13,5,72.2,Matches
115,116,Julian Eitschberger,de GER,DF,Hertha BSC,17,2004,0.5,0,0,0,0,2,0,0,2,0,0,0,0,4,0,1,0.0,Matches
116,117,Jurgen Ekkelenkamp,nl NED,"MF,FW",Hertha BSC,21,2000,8.0,1,0,0,11,5,0,3,4,3,0,0,0,48,9,17,34.6,Matches
117,118,Nico Elvedi,ch SUI,DF,M'Gladbach,24,1996,27.0,3,1,0,21,21,0,0,34,24,0,0,0,158,72,38,65.5,Matches
118,119,Breel Embolo,ch SUI,"FW,MF",M'Gladbach,24,1997,24.1,3,0,0,41,71,20,2,6,11,2,0,0,60,36,65,35.6,Matches
119,120,Keita Endo,jp JPN,MF,Union Berlin,23,1997,0.6,0,0,0,0,2,1,3,0,1,0,0,0,4,0,2,0.0,Matches
120,121,Wataru Endo,jp JPN,MF,Stuttgart,28,1993,32.2,4,0,0,30,61,1,7,30,41,0,0,0,226,75,38,66.4,Matches
121,122,Michael Esser,de GER,GK,Bochum,33,1987,3.0,0,0,0,0,0,0,0,0,0,0,0,0,4,1,0,100.0,Matches
122,123,Wahidullah Faghir,dk DEN,FW,Stuttgart,18,2003,1.4,0,0,0,0,3,2,0,0,0,0,0,0,2,4,4,50.0,Matches
123,124,Ömer Faruk Beyaz,tr TUR,"DF,MF",Stuttgart,17,2003,0.8,0,0,0,0,0,0,2,2,3,0,0,0,5,0,1,0.0,Matches
124,125,Adrian Fein,de GER,MF,Greuther Fürth,22,1999,0.4,0,0,0,1,0,0,0,2,0,0,0,0,2,0,0,,Matches
125,126,Ohis Felix Uduokhai,de GER,DF,Augsburg,23,1997,8.7,1,0,0,6,7,0,4,9,6,0,0,0,42,23,12,65.7,Matches
126,127,Edimilson Fernandes,ch SUI,"MF,FW",Arminia,25,1996,3.1,0,0,0,3,1,0,14,2,0,0,0,0,23,5,3,62.5,Matches
127,128,Alfreð Finnbogason,is ISL,FW,Augsburg,32,1989,3.2,0,0,0,3,1,1,2,2,1,0,0,0,9,4,4,50.0,Matches
128,129,Mark Flekken,nl NED,GK,Freiburg,28,1993,32.0,0,0,0,0,1,0,0,2,0,0,0,0,70,4,0,100.0,Matches
129,130,Emil Forsberg,se SWE,MF,RB Leipzig,29,1991,19.0,2,0,0,11,22,4,38,2,12,0,0,0,58,9,18,33.3,Matches
130,131,Philipp Förster,de GER,"MF,FW",Stuttgart,26,1995,10.7,4,0,0,15,9,2,8,3,13,0,0,0,58,10,11,47.6,Matches
131,132,Timothy Fosu-Mensah,nl NED,DF,Leverkusen,23,1998,1.6,0,0,0,1,0,0,4,2,3,0,0,0,14,2,3,40.0,Matches
132,133,Raphael Framberger,de GER,DF,Augsburg,25,1995,9.4,3,0,0,17,8,0,36,9,19,0,1,0,44,9,12,42.9,Matches
133,134,Marvin Friedrich,de GER,DF,M'Gladbach,25,1995,6.7,1,0,0,4,2,1,0,5,8,0,1,0,38,19,8,70.4,Matches
134,135,Marvin Friedrich,de GER,DF,Union Berlin,25,1995,13.0,4,1,1,12,2,0,5,23,5,0,0,1,79,39,32,54.9,Matches
135,136,Jeremie Frimpong,nl NED,DF,Leverkusen,20,2000,22.8,6,0,0,17,45,1,58,17,18,0,1,1,120,19,18,51.4,Matches
136,137,Christian Früchtl,de GER,GK,Bayern Munich,21,2000,0.1,0,0,0,0,0,0,0,0,0,0,0,0,1,0,0,,Matches
137,138,Chris Führich,de GER,"FW,MF",Stuttgart,23,1998,19.0,3,0,0,9,19,2,61,8,16,0,0,0,107,3,12,20.0,Matches
138,139,Marius Funk,de GER,GK,Greuther Fürth,25,1996,8.0,0,0,0,1,1,0,0,0,0,0,1,0,19,3,0,100.0,Matches
139,140,Stephan Fürstner,de GER,MF,Mainz 05,33,1987,0.1,0,0,0,0,0,0,0,0,0,0,0,0,1,0,0,,Matches
140,141,Mijat Gaćinović,rs SRB,"FW,MF",Hoffenheim,26,1995,1.2,1,0,0,4,1,0,0,1,3,0,0,0,3,3,3,50.0,Matches
141,142,Cristian Gamboa,cr CRC,DF,Bochum,31,1989,19.1,6,0,0,21,11,2,32,32,36,0,0,0,153,20,9,69.0,Matches
142,143,Silvère Ganvoula M'Boussy,cg CGO,FW,Bochum,25,1996,1.7,0,0,0,2,1,6,0,0,0,0,0,0,5,22,8,73.3,Matches
143,144,Linus Gechter,de GER,DF,Hertha BSC,17,2004,8.0,0,0,0,6,0,0,2,11,8,0,1,0,44,8,14,36.4,Matches
144,145,Dennis Geiger,de GER,MF,Hoffenheim,23,1998,15.3,6,0,0,39,19,0,42,14,23,0,1,0,102,0,6,0.0,Matches
145,146,Yannick Gerhardt,de GER,"MF,DF",Wolfsburg,27,1994,17.5,2,0,0,18,24,2,32,25,20,0,0,0,115,26,25,51.0,Matches
146,147,Hamadi Al Ghaddioui,ma MAR,FW,Stuttgart,30,1990,5.5,2,0,0,13,6,3,1,0,4,0,0,0,10,16,19,45.7,Matches
147,148,Niko Gießelmann,de GER,"DF,FW",Union Berlin,29,1991,23.1,3,0,0,23,33,1,106,18,17,0,0,0,81,24,29,45.3,Matches
148,149,Rafał Gikiewicz,pl POL,GK,Augsburg,33,1987,34.0,0,0,0,0,6,0,0,3,0,0,0,0,46,11,0,100.0,Matches
149,150,Daniel Ginczek,de GER,"MF,FW",Wolfsburg,30,1991,0.1,0,0,0,0,0,0,0,0,0,0,0,0,1,0,0,,Matches
150,151,Matthias Ginter,de GER,DF,M'Gladbach,27,1994,26.2,2,0,0,9,29,2,20,34,22,0,0,0,138,77,45,63.1,Matches
151,152,Serge Gnabry,de GER,"FW,DF",Bayern Munich,26,1995,24.3,0,0,0,11,21,15,79,14,31,0,0,0,146,7,27,20.6,Matches
152,153,Leon Goretzka,de GER,MF,Bayern Munich,26,1995,15.5,0,0,0,15,10,1,9,17,15,0,0,0,108,31,15,67.4,Matches
153,154,Jeffrey Gouweleeuw,nl NED,DF,Augsburg,30,1991,28.6,9,0,0,32,8,0,6,49,27,0,2,0,189,43,47,47.8,Matches
154,155,Jens Grahl,de GER,GK,Eint Frankfurt,32,1988,1.0,0,0,0,0,0,0,0,0,0,0,0,0,2,0,0,,Matches
155,156,Julian Green,us USA,MF,Greuther Fürth,26,1995,11.7,2,0,0,13,38,0,57,7,5,0,0,0,64,5,18,21.7,Matches
156,157,Michael Gregoritsch,at AUT,"FW,MF",Augsburg,27,1994,15.5,3,0,0,17,13,5,10,6,8,0,0,0,58,79,48,62.2,Matches
157,158,Sebastian Griesbeck,de GER,"DF,MF",Greuther Fürth,30,1990,27.1,7,0,0,32,16,0,1,43,31,0,1,2,148,56,43,56.6,Matches
158,159,Sebastian Griesbeck,de GER,MF,Union Berlin,30,1990,0.1,0,0,0,0,0,0,0,0,1,0,0,0,1,0,0,,Matches
159,160,Vincenzo Grifo,it ITA,"MF,FW",Freiburg,28,1993,30.8,0,0,0,11,27,1,169,13,15,0,0,0,160,17,19,47.2,Matches
160,161,Lennart Grill,de GER,GK,Leverkusen,22,1999,1.0,0,0,0,0,0,0,0,0,0,0,0,0,1,0,0,,Matches
161,162,Florian Grillitsch,at AUT,"DF,MF",Hoffenheim,25,1995,16.6,7,0,0,12,24,0,11,29,19,0,1,0,125,23,26,46.9,Matches
162,163,Carlos Gruezo,ec ECU,MF,Augsburg,26,1995,10.8,7,0,0,28,4,0,4,9,11,0,0,0,70,10,14,41.7,Matches
163,164,Raphaël Guerreiro,pt POR,DF,Dortmund,27,1993,19.9,1,0,0,12,8,1,39,25,19,0,0,0,130,5,6,45.5,Matches
164,165,Josuha Guilavogui,fr FRA,"MF,DF",Wolfsburg,30,1990,10.5,4,0,0,20,6,2,0,25,14,0,0,0,106,41,14,74.5,Matches
165,166,Péter Gulácsi,hu HUN,GK,RB Leipzig,31,1990,33.0,1,0,0,0,2,0,0,1,0,0,0,0,54,6,0,100.0,Matches
166,167,Manuel Gulde,de GER,DF,Freiburg,30,1991,13.6,2,0,0,17,9,0,3,17,10,0,0,0,60,25,15,62.5,Matches
167,168,Robert Gumny,pl POL,DF,Augsburg,23,1998,25.2,3,0,0,27,27,0,28,28,29,0,0,0,130,36,24,60.0,Matches
168,169,Christian Günter,de GER,"DF,MF",Freiburg,28,1993,34.0,2,0,0,37,14,4,211,17,20,1,0,0,184,11,22,33.3,Matches
169,170,Lasse Günther,de GER,DF,Augsburg,18,2003,1.8,1,0,0,3,1,0,3,2,5,0,0,0,8,0,3,0.0,Matches
170,171,Joško Gvardiol,hr CRO,DF,RB Leipzig,19,2002,26.8,7,0,0,41,34,1,8,51,31,0,0,1,230,53,35,60.2,Matches
171,172,Erling Haaland,no NOR,FW,Dortmund,21,2000,21.2,3,0,0,17,14,14,8,1,1,0,0,0,40,38,27,58.5,Matches
172,173,Janik Haberer,de GER,MF,Freiburg,27,1994,9.1,1,0,0,20,10,1,4,16,8,0,0,0,51,16,22,42.1,Matches
173,174,Alexander Hack,de GER,DF,Mainz 05,27,1993,23.0,6,1,0,28,34,2,5,51,26,0,1,0,172,67,47,58.8,Matches
174,175,Robin Hack,de GER,"FW,MF",Arminia,22,1998,15.2,2,0,0,17,21,4,34,5,8,0,0,0,73,8,20,28.6,Matches
175,176,André Hahn,de GER,"MF,FW",Augsburg,30,1990,23.3,5,0,0,56,18,17,41,15,20,1,0,0,73,58,71,45.0,Matches
176,177,Amadou Haidara,ml MLI,MF,RB Leipzig,23,1998,14.7,2,0,0,20,13,0,6,16,14,0,0,0,102,20,19,51.3,Matches
177,178,Marcel Halstenberg,de GER,DF,RB Leipzig,29,1991,5.6,0,0,0,4,4,1,6,7,7,0,0,0,35,8,2,80.0,Matches
178,179,Genki Haraguchi,jp JPN,MF,Union Berlin,30,1991,19.5,2,0,0,27,30,1,12,26,20,0,0,0,99,15,24,38.5,Matches
179,180,Luis Hartwig,de GER,FW,Bochum,18,2002,0.0,0,0,0,0,0,0,0,0,0,0,0,0,0,1,1,50.0,Matches
180,181,Makoto Hasebe,jp JPN,DF,Eint Frankfurt,37,1984,13.2,1,0,0,13,13,0,2,22,12,0,0,0,125,20,28,41.7,Matches
181,182,Thorgan Hazard,be BEL,"FW,DF",Dortmund,28,1993,14.9,2,0,0,22,19,11,71,6,13,0,0,0,77,23,21,52.3,Matches
182,183,Jonas Hector,de GER,DF,Köln,31,1990,28.4,3,0,0,28,53,1,71,50,39,0,0,0,213,49,27,64.5,Matches
183,184,Hwang Hee-chan,kr KOR,FW,RB Leipzig,25,1996,0.5,0,0,0,0,2,0,0,1,0,0,0,0,0,1,1,50.0,Matches
184,185,Dominique Heintz,de GER,DF,Union Berlin,27,1993,5.2,0,0,0,6,2,1,1,7,5,0,0,0,25,7,12,36.8,Matches
185,186,Dominique Heintz,de GER,DF,Freiburg,27,1993,0.3,0,0,0,0,0,0,0,1,0,0,0,0,1,1,1,50.0,Matches
186,187,Benjamin Henrichs,de GER,DF,RB Leipzig,24,1997,12.7,3,0,0,13,14,1,24,19,21,0,1,0,77,6,9,40.0,Matches
187,188,Lucas Hernández,fr FRA,DF,Bayern Munich,25,1996,22.6,7,0,0,22,36,0,9,28,31,0,0,0,179,40,24,62.5,Matches
188,189,Patrick Herrmann,de GER,"DF,FW",M'Gladbach,30,1991,8.4,1,0,0,7,8,4,63,6,7,0,0,0,42,4,7,36.4,Matches
189,190,Piero Hincapié,ec ECU,DF,Leverkusen,19,2002,19.5,5,0,0,23,15,3,20,33,23,0,0,0,130,56,40,58.3,Matches
190,191,Martin Hinteregger,at AUT,DF,Eint Frankfurt,28,1992,24.7,6,0,0,28,31,0,0,42,28,0,1,0,199,60,55,52.2,Matches
191,192,Marwin Hitz,ch SUI,GK,Dortmund,33,1987,4.5,0,0,0,0,0,0,0,0,0,0,0,0,12,0,1,0.0,Matches
192,193,Nicolas Höfler,de GER,MF,Freiburg,31,1990,28.9,5,0,0,47,40,0,7,46,42,1,1,0,199,64,48,57.1,Matches
193,194,Jonas Hofmann,de GER,"MF,FW",M'Gladbach,29,1992,23.1,1,0,0,23,20,7,138,12,20,0,0,0,112,4,15,21.1,Matches
194,195,Lucas Höler,de GER,FW,Freiburg,27,1994,28.7,2,0,0,36,61,14,23,17,25,1,0,0,106,126,107,54.1,Matches
195,196,Gerrit Holtmann,ph PHI,"FW,MF",Bochum,26,1995,20.4,0,0,0,22,13,5,60,8,9,0,0,0,76,5,33,13.2,Matches
196,197,Justin Hoogma,nl NED,DF,Greuther Fürth,23,1998,3.0,1,0,0,4,0,0,0,4,5,0,0,0,11,10,3,76.9,Matches
197,198,Jannes Horn,de GER,DF,Köln,24,1997,5.3,2,0,0,4,8,0,28,3,4,0,0,0,33,8,7,53.3,Matches
198,199,Timo Horn,de GER,GK,Köln,28,1993,13.0,0,0,0,0,1,0,0,0,0,0,0,0,20,3,0,100.0,Matches
199,200,Lukáš Hrádecký,fi FIN,GK,Leverkusen,31,1989,32.0,1,0,0,0,2,0,0,0,1,0,0,0,55,8,0,100.0,Matches
200,201,Branimir Hrgota,se SWE,FW,Greuther Fürth,28,1993,30.9,4,0,0,56,64,12,65,11,29,0,0,0,137,16,66,19.5,Matches
201,202,Ajdin Hrustic,au AUS,MF,Eint Frankfurt,25,1996,10.7,2,0,0,14,7,0,26,10,11,0,0,0,66,7,3,70.0,Matches
202,203,Timo Hübers,de GER,DF,Köln,25,1996,19.3,7,0,0,26,24,0,0,52,27,0,0,1,153,51,38,57.3,Matches
203,204,Benjamin Hübner,de GER,DF,Hoffenheim,32,1989,4.2,2,0,0,8,2,0,0,9,5,0,0,0,18,14,8,63.6,Matches
204,205,Mats Hummels,de GER,DF,Dortmund,32,1988,19.6,4,0,0,16,12,1,1,32,22,0,2,0,128,64,34,65.3,Matches
205,206,Iago,br BRA,DF,Augsburg,24,1997,24.2,3,0,0,18,16,4,92,27,29,0,0,1,135,24,24,50.0,Matches
206,207,Stefan Ilsanker,at AUT,"DF,MF",Eint Frankfurt,32,1989,3.0,1,0,0,5,1,1,0,6,8,0,0,0,28,6,1,85.7,Matches
207,208,Burak İnce,tr TUR,FW,Arminia,17,2004,1.5,0,0,0,2,4,1,3,0,1,0,0,0,6,0,1,0.0,Matches
208,209,Marcus Ingvartsen,dk DEN,MF,Union Berlin,25,1996,1.4,0,0,0,2,1,0,1,2,0,0,0,0,9,3,2,60.0,Matches
209,210,Marcus Ingvartsen,dk DEN,"FW,MF",Mainz 05,25,1996,7.6,2,0,0,16,14,4,12,6,2,1,0,0,27,17,31,35.4,Matches
210,211,Hiroki Ito,jp JPN,DF,Stuttgart,22,1999,26.1,2,0,0,21,9,0,21,53,31,0,0,1,170,40,37,51.9,Matches
211,212,Cedric Itten,ch SUI,FW,Greuther Fürth,24,1996,7.1,1,0,0,19,6,3,5,2,2,0,0,0,10,31,48,39.2,Matches
212,213,Gian-Luca Itter,de GER,DF,Greuther Fürth,22,1999,16.2,3,0,0,18,5,0,49,13,26,0,0,0,92,17,21,44.7,Matches
213,214,Lee Jae-sung,kr KOR,"MF,FW",Mainz 05,28,1992,16.0,3,0,0,19,13,2,28,18,12,0,0,0,92,35,35,50.0,Matches
214,215,Paul Jaeckel,de GER,DF,Union Berlin,23,1998,22.7,5,0,0,28,13,0,4,57,29,0,1,0,150,47,52,47.5,Matches
215,216,Kristijan Jakić,hr CRO,MF,Eint Frankfurt,24,1997,20.9,6,0,0,31,19,1,8,21,22,0,0,0,165,34,37,47.9,Matches
216,217,Tony Jantschke,de GER,DF,M'Gladbach,31,1990,2.5,0,0,0,0,3,0,1,5,5,0,0,0,5,6,3,66.7,Matches
217,218,Dennis Jastrzembski,pl POL,"DF,FW",Hertha BSC,21,2000,2.5,1,0,0,3,3,0,8,5,1,0,0,0,15,4,1,80.0,Matches
218,219,Fredrik Jensen,fi FIN,"MF,FW",Augsburg,23,1997,4.6,0,0,0,2,3,0,18,2,4,0,0,0,10,7,14,33.3,Matches
219,220,Marco John,de GER,DF,Hoffenheim,19,2002,0.5,0,0,0,0,0,0,0,1,0,0,0,0,2,0,1,0.0,Matches
220,221,Stevan Jovetić,me MNE,"FW,MF",Hertha BSC,31,1989,11.3,3,0,0,8,17,7,9,1,2,0,0,0,38,20,20,50.0,Matches
221,222,Gideon Jung,de GER,DF,Greuther Fürth,26,1994,1.6,0,0,0,0,4,0,0,2,1,0,0,0,6,0,4,0.0,Matches
222,223,Anton Kade,de GER,"FW,MF",Hertha BSC,17,2004,0.9,0,0,0,2,2,0,2,3,2,0,0,0,4,2,1,66.7,Matches
223,224,Pavel Kadeřábek,cz CZE,"DF,MF",Hoffenheim,29,1992,13.3,5,0,0,16,8,2,47,13,10,0,0,0,58,40,28,58.8,Matches
224,225,Florian Kainz,at AUT,"MF,FW",Köln,28,1992,25.8,3,1,1,36,45,1,238,32,26,0,0,0,181,10,18,35.7,Matches
225,226,Sasa Kalajdzic,at AUT,FW,Stuttgart,24,1997,13.6,2,0,0,11,18,2,2,2,6,0,0,0,37,62,37,62.6,Matches
226,227,Felix Kalu Nmecha,de GER,"MF,FW",Wolfsburg,20,2000,3.6,2,0,0,7,9,0,3,7,1,0,0,0,12,11,8,57.9,Matches
227,228,Daichi Kamada,jp JPN,MF,Eint Frankfurt,24,1996,23.8,0,0,0,23,25,6,27,8,21,0,0,0,130,17,41,29.3,Matches
228,229,Kevin Kampl,si SVN,MF,RB Leipzig,30,1990,21.1,4,0,0,36,12,0,8,24,19,0,1,0,155,8,12,40.0,Matches
229,230,Stefanos Kapino,gr GRE,GK,Arminia,27,1994,1.0,0,0,0,0,0,0,0,0,0,0,0,0,3,0,1,0.0,Matches
230,231,Atakan Karazor,de GER,MF,Stuttgart,24,1996,21.1,9,1,1,38,39,0,3,34,24,0,0,0,142,57,32,64.0,Matches
231,232,Silas Katompa,cd COD,"FW,MF",Stuttgart,22,1998,3.1,0,0,0,3,7,3,7,2,4,0,0,0,20,2,4,33.3,Matches
232,233,Noah Katterbach,de GER,DF,Köln,20,2001,0.2,0,0,0,0,1,0,1,0,1,0,0,0,2,0,1,0.0,Matches
233,234,Yannik Keitel,de GER,MF,Freiburg,21,2000,5.6,1,0,0,13,5,0,2,1,4,0,0,1,27,10,9,52.6,Matches
234,235,Marc-Oliver Kempf,de GER,DF,Hertha BSC,26,1995,11.7,1,1,0,15,12,0,2,25,9,0,2,0,56,36,22,62.1,Matches
235,236,Marc-Oliver Kempf,de GER,DF,Stuttgart,26,1995,9.3,2,0,0,13,8,0,2,16,8,0,1,0,62,29,18,61.7,Matches
236,237,Rani Khedira,de GER,MF,Union Berlin,27,1994,30.6,6,0,0,55,35,0,23,50,38,0,0,0,193,39,42,48.1,Matches
237,238,Luca Kilian,de GER,FW,Mainz 05,21,1999,0.0,0,0,0,1,0,0,0,0,0,0,0,0,0,0,1,0.0,Matches
238,239,Luca Kilian,de GER,DF,Köln,21,1999,25.3,3,0,0,7,11,0,4,46,24,0,1,0,135,46,44,51.1,Matches
239,240,Joshua Kimmich,de GER,MF,Bayern Munich,26,1995,27.5,4,0,0,20,46,1,181,52,20,0,1,0,218,16,18,47.1,Matches
240,241,Philipp Klement,de GER,MF,Stuttgart,28,1992,3.8,0,0,0,2,1,1,12,1,3,0,0,0,26,1,6,14.3,Matches
241,242,Mateo Klimowicz,de GER,"MF,FW",Stuttgart,21,2000,6.7,2,0,0,9,9,1,2,4,6,0,0,0,21,2,4,33.3,Matches
242,243,Fabian Klos,de GER,FW,Arminia,33,1987,15.8,2,1,0,30,18,3,11,0,5,0,0,0,38,114,107,51.6,Matches
243,244,Lukas Klostermann,de GER,DF,RB Leipzig,25,1996,18.3,1,0,0,9,4,0,3,26,16,0,0,0,101,23,11,67.6,Matches
244,245,Lukas Klünter,de GER,DF,Hertha BSC,25,1996,2.2,1,0,0,5,2,0,4,2,1,0,0,0,12,2,2,50.0,Matches
245,246,Ansgar Knauff,de GER,"FW,MF",Dortmund,19,2002,1.3,0,0,0,4,1,1,0,0,1,0,0,0,3,3,2,60.0,Matches
246,247,Ansgar Knauff,de GER,"DF,MF",Eint Frankfurt,19,2002,8.4,0,0,0,11,8,1,21,8,14,0,0,0,45,7,17,29.2,Matches
247,248,Robin Knoche,de GER,DF,Union Berlin,29,1992,33.0,6,0,0,26,13,1,0,49,24,0,0,0,247,63,55,53.4,Matches
248,249,Gregor Kobel,ch SUI,GK,Dortmund,23,1997,28.5,0,0,0,1,6,0,0,1,0,0,1,0,71,3,0,100.0,Matches
249,250,Dominik Kohr,de GER,MF,Mainz 05,27,1994,17.9,10,2,2,46,20,0,2,35,20,0,0,0,149,26,18,59.1,Matches
250,251,Kouadio Koné,fr FRA,MF,M'Gladbach,20,2001,24.3,10,0,0,39,60,1,2,34,35,1,0,0,158,22,20,52.4,Matches
251,252,Odilon Kossonou,ci CIV,DF,Leverkusen,20,2001,19.9,3,0,0,15,7,0,5,26,17,0,1,0,140,30,26,53.6,Matches
252,253,Filip Kostić,rs SRB,"DF,FW",Eint Frankfurt,28,1992,28.0,2,0,0,16,22,3,369,15,17,0,0,0,192,10,13,43.5,Matches
253,254,Andrej Kramarić,hr CRO,"FW,MF",Hoffenheim,30,1991,30.1,2,0,0,11,29,9,62,9,4,0,0,0,125,14,23,37.8,Matches
254,255,Christoph Kramer,de GER,MF,M'Gladbach,30,1991,8.3,1,0,0,11,5,0,4,12,11,0,0,0,67,11,10,52.4,Matches
255,256,Florian Krüger,de GER,"FW,MF",Arminia,22,1999,12.5,0,0,0,8,9,4,20,2,1,0,1,0,47,11,18,37.9,Matches
256,257,Max Kruse,de GER,"MF,FW",Wolfsburg,33,1988,12.5,0,0,0,2,12,5,27,3,3,1,0,0,56,10,16,38.5,Matches
257,258,Max Kruse,de GER,"FW,MF",Union Berlin,33,1988,14.1,1,0,0,5,6,1,48,3,1,0,0,0,46,14,25,35.9,Matches
258,259,Lukas Kübler,de GER,"DF,MF",Freiburg,28,1992,25.9,2,0,0,24,20,3,49,44,35,0,0,0,145,39,42,48.1,Matches
259,260,Fabian Kunze,de GER,MF,Arminia,23,1998,14.0,9,0,0,38,21,0,10,19,21,0,0,0,106,37,32,53.6,Matches
260,261,Maxence Lacroix,fr FRA,DF,Wolfsburg,21,2000,27.7,5,3,1,36,25,1,7,60,33,0,3,1,183,75,45,62.5,Matches
261,262,Konrad Laimer,at AUT,MF,RB Leipzig,24,1997,13.8,2,0,0,37,8,0,14,4,24,0,0,0,96,11,11,50.0,Matches
262,263,Stefan Lainer,at AUT,DF,M'Gladbach,28,1992,16.3,2,0,0,8,13,3,27,14,11,2,1,0,78,14,10,58.3,Matches
263,264,Vassilis Lambropoulos,gr GRE,DF,Bochum,31,1990,13.0,1,0,0,6,4,0,2,17,12,0,0,1,52,30,16,65.2,Matches
264,265,Sam Lammers,nl NED,"FW,MF",Eint Frankfurt,24,1997,5.7,1,0,0,7,1,1,0,2,4,0,0,0,17,21,20,51.2,Matches
265,266,Bryan Lasme,fr FRA,FW,Arminia,22,1998,9.7,2,0,0,15,12,9,16,1,6,0,0,0,34,33,34,49.3,Matches
266,267,Maxim Leitsch,de GER,DF,Bochum,23,1998,17.1,2,0,0,9,0,1,5,31,10,0,0,0,148,31,24,56.4,Matches
267,268,Tim Lemperle,de GER,"FW,MF",Köln,19,2002,1.7,0,0,0,4,3,0,1,2,1,0,0,0,7,5,10,33.3,Matches
268,269,Christopher Lenz,de GER,DF,Eint Frankfurt,26,1994,7.4,6,0,0,15,5,0,43,7,15,0,0,0,60,14,13,51.9,Matches
269,270,Robert Lewandowski,pl POL,FW,Bayern Munich,32,1988,32.7,2,0,0,22,37,21,26,6,3,1,0,0,72,53,58,47.7,Matches
270,271,Jamie Leweling,de GER,"FW,MF",Greuther Fürth,20,2001,21.8,3,0,0,17,49,17,40,13,8,1,0,0,77,14,50,21.9,Matches
271,272,Philipp Lienhart,at AUT,DF,Freiburg,25,1996,31.9,2,0,0,15,27,1,8,50,13,0,1,0,216,69,46,60.0,Matches
272,273,Andreas Linde,se SWE,GK,Greuther Fürth,28,1993,12.0,0,0,0,0,1,0,0,1,0,0,0,0,19,4,0,100.0,Matches
273,274,Jesper Lindstrøm,dk DEN,"MF,FW",Eint Frankfurt,21,2000,22.0,0,0,0,23,16,3,54,24,13,0,0,0,111,5,28,15.2,Matches
274,275,Dejan Ljubicic,at AUT,"MF,FW",Köln,23,1997,21.9,4,0,0,29,21,3,59,15,19,0,0,0,148,12,26,31.6,Matches
275,276,Jürgen Locadia,nl NED,"FW,MF",Bochum,27,1993,4.9,0,0,0,10,9,4,0,1,2,0,0,0,14,7,12,36.8,Matches
276,277,Anthony Losilla,fr FRA,MF,Bochum,35,1986,32.6,5,0,0,47,19,2,10,70,39,0,0,0,246,119,71,62.6,Matches
277,278,Marcel Lotka,pl POL,GK,Hertha BSC,20,2001,9.8,1,0,0,0,5,0,0,1,0,0,0,0,13,6,1,85.7,Matches
278,279,Eduard Löwen,de GER,MF,Bochum,24,1997,15.7,0,0,0,19,11,1,109,9,22,0,1,0,97,19,32,37.3,Matches
279,280,Anderson Lucoqui,ao ANG,DF,Mainz 05,24,1997,8.3,2,0,0,17,16,0,10,11,10,0,0,0,41,7,5,58.3,Matches
280,281,Dodi Lukebakio,be BEL,FW,Hertha BSC,23,1997,2.0,0,0,0,4,5,1,1,2,1,1,0,0,7,1,3,25.0,Matches
281,282,Dodi Lukebakio,be BEL,"FW,MF",Wolfsburg,23,1997,9.8,2,0,0,15,13,11,18,13,4,0,0,0,46,11,15,42.3,Matches
282,283,Andrey Lunyov,ru RUS,GK,Leverkusen,29,1991,1.0,0,0,0,0,0,0,0,0,0,0,0,0,1,0,0,,Matches
283,284,Andreas Luthe,de GER,GK,Union Berlin,34,1987,27.0,3,0,0,1,3,0,0,0,0,0,1,0,33,7,0,100.0,Matches
284,285,Matej Maglica,hr CRO,MF,Stuttgart,22,1998,0.1,0,0,0,0,0,0,0,0,0,0,0,0,0,1,0,100.0,Matches
285,286,Arne Maier,de GER,MF,Augsburg,22,1999,20.7,0,0,0,11,14,1,97,15,13,0,0,0,127,16,25,39.0,Matches
286,287,Donyell Malen,nl NED,FW,Dortmund,22,1999,18.7,2,0,0,10,31,9,27,10,10,2,0,0,62,9,18,33.3,Matches
287,288,Lennard Maloney,us USA,DF,Dortmund,21,1999,0.1,0,0,0,0,0,0,1,0,0,0,0,0,1,1,1,50.0,Matches
288,289,Orel Mangala,be BEL,MF,Stuttgart,23,1998,20.6,4,0,0,26,27,0,9,12,10,0,0,0,110,10,19,34.5,Matches
289,290,Myziane Maolida,fr FRA,"FW,MF",Hertha BSC,22,1999,8.6,0,0,0,10,6,3,7,1,4,0,0,0,43,8,12,40.0,Matches
290,291,Omar Marmoush,eg EGY,FW,Wolfsburg,22,1999,0.3,0,0,0,0,0,0,0,0,0,0,0,0,1,1,0,100.0,Matches
291,292,Omar Marmoush,eg EGY,FW,Stuttgart,22,1999,17.5,3,0,0,33,57,7,44,7,17,0,0,0,81,28,31,47.5,Matches
292,293,Aarón Martín,es ESP,DF,Mainz 05,24,1997,25.5,7,0,0,31,18,0,180,20,33,0,0,0,161,12,15,44.4,Matches
293,294,Josep Martinez,es ESP,GK,RB Leipzig,23,1998,1.0,0,0,0,0,0,0,0,0,0,0,0,0,4,1,0,100.0,Matches
294,295,Erhan Mašović,rs SRB,DF,Bochum,22,1998,17.2,7,0,0,16,7,0,0,34,20,0,0,1,104,28,24,53.8,Matches
295,296,Roberto Massimo,de GER,"DF,FW",Stuttgart,20,2000,9.7,0,0,0,8,4,4,17,3,5,0,0,0,44,4,9,30.8,Matches
296,297,Konstantinos Mavropanos,gr GRE,DF,Stuttgart,23,1997,30.1,3,0,0,22,20,2,7,69,39,0,3,0,214,91,27,77.1,Matches
297,298,Eric Maxim Choupo-Moting,cm CMR,"FW,MF",Bayern Munich,32,1989,4.2,0,0,0,7,7,2,3,5,9,0,0,0,14,8,12,40.0,Matches
298,299,Kevin Mbabu,ch SUI,DF,Wolfsburg,26,1995,15.5,4,0,0,24,21,2,67,35,20,0,1,0,109,31,23,57.4,Matches
299,300,Nathan de Medina,be BEL,DF,Arminia,23,1997,8.6,2,0,0,14,9,0,5,10,10,0,0,0,43,8,14,36.4,Matches
300,301,Admir Mehmedi,ch SUI,DF,Wolfsburg,30,1991,0.0,0,0,0,0,0,0,0,0,0,0,0,0,2,0,0,,Matches
301,302,Jorge Meré,es ESP,DF,Köln,24,1997,5.4,2,0,0,4,1,0,1,10,6,0,0,0,36,14,11,56.0,Matches
302,303,Thomas Meunier,be BEL,DF,Dortmund,29,1991,15.6,4,0,0,27,7,1,45,12,19,0,0,0,121,24,10,70.6,Matches
303,304,Marco Meyerhöfer,de GER,DF,Greuther Fürth,25,1995,25.3,0,0,0,16,25,1,43,47,35,0,1,1,141,23,24,48.9,Matches
304,305,Sven Michel,de GER,FW,Union Berlin,31,1990,3.8,2,0,0,12,4,3,8,1,6,0,0,0,16,13,21,38.2,Matches
305,306,Enzo Millot,fr FRA,MF,Stuttgart,19,2002,0.6,0,0,0,2,1,0,3,1,0,0,0,0,4,4,1,80.0,Matches
306,307,Maximilian Mittelstädt,de GER,"DF,FW",Hertha BSC,24,1997,16.6,3,0,0,20,36,1,85,46,33,0,1,0,112,23,27,46.0,Matches
307,308,Anthony Modeste,fr FRA,FW,Köln,33,1988,29.0,4,0,0,38,33,36,12,4,6,1,0,0,48,93,85,52.2,Matches
308,309,Kevin Möhwald,de GER,MF,Union Berlin,28,1993,3.9,2,0,0,6,4,2,7,3,1,0,0,0,30,3,3,50.0,Matches
309,310,Clinton Mola,eng ENG,DF,Stuttgart,20,2001,1.3,0,0,0,0,0,0,1,3,1,0,0,0,4,5,4,55.6,Matches
310,311,Jan Morávek,cz CZE,MF,Augsburg,31,1989,5.2,1,0,0,5,2,0,2,6,6,0,0,0,32,9,13,40.9,Matches
311,312,Ilaix Moriba,gn GUI,MF,RB Leipzig,18,2003,0.4,0,0,0,1,3,0,0,1,0,0,0,0,4,0,2,0.0,Matches
312,313,Youssoufa Moukoko,de GER,"FW,MF",Dortmund,16,2004,2.5,1,0,0,5,5,5,0,3,0,0,0,0,6,0,3,0.0,Matches
313,314,Nordi Mukiele,fr FRA,"DF,FW",RB Leipzig,23,1997,20.5,3,0,0,19,25,8,34,31,22,1,1,0,125,47,23,67.1,Matches
314,315,Florian Müller,de GER,GK,Stuttgart,23,1997,30.0,0,0,0,0,3,0,0,0,0,0,0,0,60,7,0,100.0,Matches
315,316,Thomas Müller,de GER,MF,Bayern Munich,31,1989,28.4,0,0,0,11,22,12,89,15,20,0,0,1,94,31,56,35.6,Matches
316,317,Torben Müsel,de GER,MF,M'Gladbach,22,1999,0.1,0,0,0,0,0,0,0,0,0,0,0,0,1,0,0,,Matches
317,318,Jamal Musiala,de GER,"MF,FW",Bayern Munich,18,2003,16.3,2,0,0,17,20,2,5,19,26,0,0,0,115,5,13,27.8,Matches
318,319,Obite N'Dicka,fr FRA,DF,Eint Frankfurt,21,1999,31.7,3,0,0,42,14,4,12,48,34,0,1,1,211,112,66,62.9,Matches
319,320,Nikolas Nartey,dk DEN,"MF,DF",Stuttgart,21,2000,4.5,1,0,0,11,5,1,6,7,3,0,0,0,23,10,2,83.3,Matches
320,321,Paul Nebel,de GER,"MF,FW",Mainz 05,18,2002,2.5,3,0,0,8,3,1,10,0,3,0,0,0,18,0,9,0.0,Matches
321,322,David Nemeth,at AUT,DF,Mainz 05,20,2001,3.5,0,0,0,1,1,0,0,6,2,0,0,0,16,10,7,58.8,Matches
322,323,Luca Netz,de GER,"DF,FW",M'Gladbach,18,2003,15.5,1,0,0,7,11,2,35,13,11,0,0,0,78,7,13,35.0,Matches
323,324,Manuel Neuer,de GER,GK,Bayern Munich,35,1986,27.9,0,0,0,0,1,0,0,0,1,0,0,0,85,5,2,71.4,Matches
324,325,Florian Neuhaus,de GER,MF,M'Gladbach,24,1997,23.6,2,0,0,18,32,0,14,31,28,0,0,0,138,11,8,57.9,Matches
325,326,Jessic Ngankam,de GER,FW,Greuther Fürth,21,2000,3.8,0,0,0,12,5,1,0,0,1,0,0,0,10,7,10,41.2,Matches
326,327,Moussa Niakhate,fr FRA,DF,Mainz 05,25,1996,28.5,1,0,0,30,23,3,16,50,23,0,1,0,207,56,27,67.5,Matches
327,328,Tanguy Nianzou,fr FRA,DF,Bayern Munich,19,2002,6.5,4,0,0,13,8,0,1,7,7,0,0,0,32,21,14,60.0,Matches
328,329,Florian Niederlechner,de GER,FW,Augsburg,30,1990,12.9,1,0,0,14,25,9,5,4,5,2,0,1,34,21,45,31.8,Matches
329,330,Håvard Nielsen,no NOR,"MF,FW",Greuther Fürth,28,1993,15.2,2,0,0,27,24,10,3,7,12,0,0,0,50,58,57,50.4,Matches
330,331,Joakim Nilsson,se SWE,DF,Arminia,27,1994,30.4,5,0,0,32,16,2,3,56,19,0,0,0,148,79,63,55.6,Matches
331,332,Christopher Nkunku,fr FRA,"FW,MF",RB Leipzig,23,1997,30.3,2,0,0,31,61,13,64,15,10,3,0,0,103,26,28,48.1,Matches
332,333,Lukas Nmecha,de GER,"FW,MF",Wolfsburg,22,1998,18.1,5,0,0,31,29,6,21,4,5,1,0,0,47,33,32,50.8,Matches
333,334,Håvard Nordtveit,no NOR,DF,Hoffenheim,31,1990,3.4,1,0,0,2,4,0,1,10,6,0,0,0,24,5,7,41.7,Matches
334,335,Connor Noß,ie IRL,MF,M'Gladbach,20,2001,0.6,0,0,0,0,0,0,0,0,0,0,0,0,3,0,2,0.0,Matches
335,336,Hugo Novoa,es ESP,"MF,FW",RB Leipzig,18,2003,1.5,0,0,0,1,4,1,2,1,4,0,0,0,5,2,3,40.0,Matches
336,337,Soma Novothny,hu HUN,"FW,MF",Bochum,27,1994,0.9,0,0,0,2,2,0,0,0,1,1,0,0,2,2,7,22.2,Matches
337,338,Kasim Nuhu,gh GHA,DF,Hoffenheim,26,1995,0.1,0,0,0,0,0,0,0,0,0,0,0,0,2,1,0,100.0,Matches
338,339,Hans Nunoo Sarpei,gh GHA,"DF,MF",Greuther Fürth,22,1998,7.1,2,0,0,7,16,0,0,14,11,0,0,0,43,10,11,47.6,Matches
339,340,Bastian Oczipka,de GER,DF,Union Berlin,32,1989,10.4,1,0,0,10,13,1,61,12,15,0,0,0,77,10,4,71.4,Matches
340,341,Masaya Okugawa,jp JPN,"MF,FW",Arminia,25,1996,28.1,0,0,0,24,22,12,14,20,25,0,0,0,114,22,56,28.2,Matches
341,342,Mathias Olesen,lu LUX,"MF,FW",Köln,20,2001,0.2,0,0,0,0,0,0,0,1,0,0,0,0,1,0,0,,Matches
342,343,Dani Olmo,es ESP,"MF,FW",RB Leipzig,23,1998,8.3,2,0,0,4,22,1,9,4,6,0,0,0,62,3,10,23.1,Matches
343,344,Karim Onisiwo,at AUT,FW,Mainz 05,29,1992,26.2,0,0,0,44,32,27,50,7,10,0,0,0,82,58,88,39.7,Matches
344,345,Willi Orban,hu HUN,DF,RB Leipzig,28,1992,29.4,1,0,0,12,29,3,3,44,22,0,0,0,163,100,63,61.3,Matches
345,346,Stefan Ortega,de GER,GK,Arminia,28,1992,33.0,1,0,0,0,3,0,0,0,0,0,0,0,61,3,1,75.0,Matches
346,347,Patrick Osterhage,de GER,MF,Bochum,21,2000,6.7,2,0,0,5,7,0,9,11,6,0,0,0,48,14,13,51.9,Matches
347,348,Tomáš Ostrák,cz CZE,"MF,FW",Köln,21,2000,0.3,0,0,0,1,0,0,3,1,0,0,0,0,3,0,0,,Matches
348,349,Paulo Otávio,br BRA,"DF,MF",Wolfsburg,26,1994,4.0,0,0,0,3,4,1,25,4,10,0,0,0,12,5,4,55.6,Matches
349,350,Reece Oxford,eng ENG,DF,Augsburg,22,1998,29.9,9,0,0,28,21,1,0,72,14,0,1,0,167,86,51,62.8,Matches
350,351,Salih Özcan,tr TUR,MF,Köln,23,1998,25.7,5,0,0,38,53,1,18,51,30,0,0,0,225,53,43,55.2,Matches
351,352,Levin Öztunalı,de GER,MF,Union Berlin,25,1996,6.4,0,0,0,15,8,3,12,4,11,0,0,0,40,11,16,40.7,Matches
352,353,Gonçalo Paciência,pt POR,FW,Eint Frankfurt,26,1994,5.7,3,0,0,9,12,3,7,1,2,1,0,0,18,18,17,51.4,Matches
353,354,Exequiel Palacios,ar ARG,MF,Leverkusen,22,1998,12.2,2,0,0,11,17,0,8,28,19,0,0,0,131,7,7,50.0,Matches
354,355,Miloš Pantović,rs SRB,"MF,FW",Bochum,25,1996,17.0,2,0,0,25,32,8,60,18,10,0,1,0,89,11,27,28.9,Matches
355,356,Antonios Papadopoulos,de GER,"DF,MF",Dortmund,21,1999,0.2,1,0,0,1,0,0,0,0,0,0,0,0,0,0,0,,Matches
356,357,Matondo-Merveille Papela,de GER,MF,Mainz 05,20,2001,0.9,0,0,0,1,0,0,0,2,2,0,0,0,5,0,2,0.0,Matches
357,358,Kevin Paredes,us USA,"FW,DF",Wolfsburg,18,2003,0.2,0,0,0,1,0,0,1,0,0,0,0,0,2,0,0,,Matches
358,359,Felix Passlack,de GER,DF,Dortmund,23,1998,5.2,0,0,0,5,8,1,13,4,9,0,0,1,27,1,3,25.0,Matches
359,360,Paulinho,br BRA,"FW,MF",Leverkusen,21,2000,13.5,1,0,0,10,17,3,20,6,13,1,0,0,58,8,12,40.0,Matches
360,361,Benjamin Pavard,fr FRA,DF,Bayern Munich,25,1996,23.1,2,1,0,17,10,2,39,36,20,0,0,0,139,45,16,73.8,Matches
361,362,Mads Pedersen,dk DEN,"MF,DF",Augsburg,24,1996,15.5,5,0,0,24,30,3,48,15,21,0,1,0,87,6,13,31.6,Matches
362,363,Peter Pekarík,sk SVK,DF,Hertha BSC,34,1986,24.8,1,0,0,25,18,1,59,29,29,0,0,0,133,28,20,58.3,Matches
363,364,Philipp Pentke,de GER,GK,Hoffenheim,36,1985,1.0,0,0,0,0,0,0,0,0,0,0,0,0,2,0,0,,Matches
364,365,Ricardo Pepi,us USA,"FW,MF",Augsburg,18,2003,5.3,0,0,0,1,4,3,2,3,2,0,0,0,11,8,20,28.6,Matches
365,366,Pavao Pervan,at AUT,GK,Wolfsburg,33,1987,6.0,0,0,0,0,0,0,0,0,0,0,0,0,8,3,1,75.0,Matches
366,367,Nils Petersen,de GER,FW,Freiburg,32,1988,6.4,0,0,0,2,3,0,3,2,3,0,0,0,17,23,56,29.1,Matches
367,368,Jens Petter Hauge,no NOR,"MF,FW",Eint Frankfurt,21,1999,11.6,4,0,0,16,10,1,5,3,5,0,0,0,56,10,18,35.7,Matches
368,369,Immanuel Pherai,nl NED,MF,Dortmund,20,2001,0.0,0,0,0,0,0,0,0,0,0,0,0,0,0,0,0,,Matches
369,370,Maximilian Philipp,de GER,MF,Wolfsburg,27,1994,10.7,2,0,0,9,17,2,35,4,11,0,0,0,47,9,23,28.1,Matches
370,371,Krzysztof Piątek,pl POL,FW,Hertha BSC,26,1995,3.9,0,0,0,10,6,6,3,0,2,0,0,0,5,12,23,34.3,Matches
371,372,Amos Pieper,de GER,DF,Arminia,23,1998,26.4,2,0,0,12,15,0,3,50,29,0,0,0,131,57,50,53.3,Matches
372,373,Marvin Plattenhardt,de GER,DF,Hertha BSC,29,1992,18.2,3,0,0,14,21,0,123,17,11,0,1,0,102,16,14,53.3,Matches
373,374,Alassane Pléa,fr FRA,"MF,FW",M'Gladbach,28,1993,23.0,4,0,0,20,25,13,31,4,14,0,0,0,93,14,38,26.9,Matches
374,375,Joel Pohjanpalo,fi FIN,FW,Leverkusen,26,1994,0.1,0,0,0,1,0,1,0,0,0,0,0,0,0,1,2,33.3,Matches
375,376,Sebastian Polter,de GER,FW,Bochum,30,1991,26.0,2,0,0,75,36,7,7,2,3,2,1,0,61,112,100,52.8,Matches
376,377,Marin Pongračić,hr CRO,DF,Dortmund,23,1997,9.2,3,0,0,12,0,0,0,17,10,0,0,0,65,10,11,47.6,Matches
377,378,Stefan Posch,at AUT,DF,Hoffenheim,24,1997,24.4,5,0,0,36,13,1,11,28,30,0,0,0,110,40,59,40.4,Matches
378,379,Yussuf Poulsen,dk DEN,"FW,MF",RB Leipzig,27,1994,12.0,2,0,0,22,30,7,9,3,4,1,0,0,42,28,32,46.7,Matches
379,380,Manuel Prietl,at AUT,MF,Arminia,29,1991,23.6,3,0,0,39,10,0,7,39,26,0,3,0,142,25,27,48.1,Matches
380,381,Grischa Prömel,de GER,MF,Union Berlin,26,1995,26.9,4,0,0,37,57,2,6,23,22,0,0,0,187,36,36,50.0,Matches
381,382,Nick Proschwitz,de GER,FW,Hoffenheim,34,1986,0.3,0,0,0,0,0,0,0,0,0,0,0,0,0,0,2,0.0,Matches
382,383,Afimico Pululu,fr FRA,"FW,MF",Greuther Fürth,22,1999,0.8,0,0,0,4,8,1,1,0,0,0,0,0,2,2,6,25.0,Matches
383,384,Sidney Raebiger,de GER,MF,RB Leipzig,16,2005,0.0,0,0,0,0,0,0,0,0,0,0,0,0,1,0,0,,Matches
384,385,Diant Ramaj,de GER,GK,Eint Frankfurt,19,2001,1.0,0,0,0,0,0,0,0,0,0,0,0,0,3,2,0,100.0,Matches
385,386,Guilherme Ramos,pt POR,DF,Arminia,23,1997,10.1,1,0,0,16,5,1,5,27,15,0,0,0,48,31,17,64.6,Matches
386,387,Tobias Raschl,de GER,MF,Greuther Fürth,21,2000,6.6,0,0,0,7,8,1,1,3,9,0,1,0,47,1,4,20.0,Matches
387,388,David Raum,de GER,"DF,FW",Hoffenheim,23,1998,30.6,5,0,0,27,32,7,311,27,29,0,0,1,201,28,36,43.8,Matches
388,389,Reinier,br BRA,"FW,MF",Dortmund,19,2002,1.8,0,0,0,2,2,0,0,0,3,0,0,0,14,1,3,25.0,Matches
389,390,Panagiotis Retsos,gr GRE,"DF,FW",Leverkusen,22,1998,0.4,0,0,0,0,1,0,0,1,0,0,0,0,2,1,0,100.0,Matches
390,391,Marco Reus,de GER,"MF,FW",Dortmund,32,1989,27.8,2,0,0,22,44,10,40,12,30,3,0,0,112,8,24,25.0,Matches
391,392,Elvis Rexhbeçaj,de GER,MF,Bochum,23,1997,28.2,5,0,0,34,60,2,41,27,20,0,1,0,181,28,40,41.2,Matches
392,393,Gio Reyna,us USA,MF,Dortmund,18,2002,4.9,0,0,0,7,11,1,20,1,4,0,0,0,27,5,7,41.7,Matches
393,394,Chris Richards,us USA,DF,Hoffenheim,21,2000,14.5,1,0,0,8,2,0,0,22,15,0,0,0,68,56,38,59.6,Matches
394,395,Chris Richards,us USA,DF,Bayern Munich,21,2000,0.0,0,0,0,0,0,0,0,0,0,0,0,0,1,0,0,,Matches
395,396,Omar Richards,eng ENG,DF,Bayern Munich,23,1998,4.9,1,0,0,15,22,0,8,4,12,0,0,0,28,2,5,28.6,Matches
396,397,Marco Richter,de GER,"FW,MF",Hertha BSC,23,1997,18.9,6,0,0,30,45,5,57,16,16,0,0,0,95,9,33,21.4,Matches
397,398,Manuel Riemann,de GER,GK,Bochum,32,1988,31.0,2,0,0,0,5,0,0,1,0,0,0,0,62,8,1,88.9,Matches
398,399,Marc Roca,es ESP,MF,Bayern Munich,24,1996,4.2,0,0,0,10,4,0,5,6,7,0,0,0,31,0,5,0.0,Matches
399,400,Cimo Röcker,de GER,DF,Hertha BSC,27,1994,0.2,0,0,0,0,0,0,0,2,0,0,0,0,0,0,2,0.0,Matches
400,401,Sebastian Rode,de GER,MF,Eint Frankfurt,30,1990,8.4,1,0,0,6,9,0,3,13,7,0,0,0,68,9,22,29.0,Matches
401,402,Romario Rösch,de GER,MF,Mainz 05,22,1999,0.0,0,0,0,0,0,0,0,0,0,0,0,0,1,0,0,,Matches
402,403,Tom Rothe,de GER,DF,Dortmund,16,2004,1.0,1,0,0,3,1,3,5,2,3,0,0,0,5,0,0,,Matches
403,404,Jérôme Roussillon,fr FRA,DF,Wolfsburg,28,1993,19.7,5,0,0,10,24,5,50,14,9,0,0,0,97,13,9,59.1,Matches
404,405,Sebastian Rudy,de GER,MF,Hoffenheim,31,1990,8.6,5,0,0,12,6,0,15,11,12,0,0,0,46,6,12,33.3,Matches
405,406,Georginio Rutter,fr FRA,"FW,MF",Hoffenheim,19,2002,17.9,2,0,0,37,37,21,20,6,13,0,0,0,56,40,46,46.5,Matches
406,407,Julian Ryerson,no NOR,DF,Union Berlin,23,1997,15.9,3,0,0,12,14,0,51,16,15,0,0,0,113,18,29,38.3,Matches
407,408,Frederik Rønnow,dk DEN,GK,Union Berlin,28,1992,7.0,1,0,0,0,1,0,0,0,0,0,0,0,8,4,0,100.0,Matches
408,409,Marcel Sabitzer,at AUT,"MF,DF",Bayern Munich,27,1994,10.1,0,0,0,16,15,0,16,9,7,0,0,0,67,11,9,55.0,Matches
409,410,Marcel Sabitzer,at AUT,"MF,FW",RB Leipzig,27,1994,0.5,1,0,0,1,0,0,1,1,1,0,0,0,4,0,1,0.0,Matches
410,411,Roland Sallai,hu HUN,"MF,FW",Freiburg,24,1997,17.2,1,0,0,29,42,4,58,11,16,1,0,0,74,21,28,42.9,Matches
411,412,Diadie Samassékou,ml MLI,MF,Hoffenheim,25,1996,18.4,7,0,0,30,25,0,7,28,26,0,0,0,121,32,23,58.2,Matches
412,413,Leroy Sané,de GER,"FW,MF",Bayern Munich,25,1996,22.0,3,0,0,25,24,7,38,12,16,0,0,0,106,2,7,22.2,Matches
413,414,Mohamed Sankoh,nl NED,FW,Stuttgart,17,2003,0.0,0,0,0,0,0,0,0,0,0,0,0,0,1,0,0,,Matches
414,415,Baptiste Santamaria,fr FRA,MF,Freiburg,26,1995,0.2,0,0,0,0,0,0,0,1,0,0,0,0,0,0,0,,Matches
415,416,Bouna Sarr,sn SEN,DF,Bayern Munich,29,1992,0.7,0,0,0,0,0,0,3,6,4,0,0,0,6,0,2,0.0,Matches
416,417,Joe Scally,us USA,DF,M'Gladbach,18,2002,21.2,4,0,0,27,36,2,35,22,30,0,0,0,89,18,18,50.0,Matches
417,418,Kevin Schade,de GER,"MF,FW",Freiburg,19,2001,9.2,2,0,0,22,26,4,13,3,7,0,0,0,41,40,35,53.3,Matches
418,419,András Schäfer,hu HUN,MF,Union Berlin,22,1999,2.7,2,0,0,6,2,0,1,2,1,0,0,0,25,1,5,16.7,Matches
419,420,Louis Schaub,at AUT,"MF,FW",Köln,26,1994,7.3,0,0,0,8,8,3,34,3,10,0,0,0,56,3,13,18.8,Matches
420,421,Patrik Schick,cz CZE,FW,Leverkusen,25,1996,23.1,0,0,0,13,22,6,3,3,2,0,0,0,34,55,73,43.0,Matches
421,422,Kingsley Schindler,de GER,"DF,FW",Köln,28,1993,3.9,1,0,0,2,5,1,24,5,0,0,0,0,27,7,5,58.3,Matches
422,423,Xaver Schlager,at AUT,MF,Wolfsburg,23,1997,11.6,2,0,0,23,10,1,6,9,20,0,0,0,102,12,8,60.0,Matches
423,424,Keven Schlotterbeck,de GER,"DF,FW",Freiburg,24,1997,3.5,1,0,0,9,2,0,0,11,5,0,0,0,13,9,4,69.2,Matches
424,425,Nico Schlotterbeck,de GER,DF,Freiburg,21,1999,30.9,5,0,0,32,35,1,9,56,43,0,0,0,238,109,36,75.2,Matches
425,426,Jonathan Schmid,fr FRA,DF,Freiburg,31,1990,6.5,0,0,0,4,3,0,16,6,6,0,0,0,36,8,9,47.1,Matches
426,427,Benno Schmitz,de GER,DF,Köln,26,1994,26.9,5,0,0,30,25,1,93,39,37,0,0,0,143,29,43,40.3,Matches
427,428,Alessandro Schöpf,at AUT,MF,Arminia,27,1994,26.6,3,1,1,27,41,1,58,30,22,1,0,0,209,21,33,38.9,Matches
428,429,Nico Schulz,de GER,DF,Dortmund,28,1993,9.3,2,0,0,13,5,0,13,11,12,0,0,0,58,8,8,50.0,Matches
429,430,Marvin Schwäbe,de GER,GK,Köln,26,1995,21.0,1,0,0,0,3,0,0,0,0,0,0,0,30,4,1,80.0,Matches
430,431,Alexander Schwolow,de GER,GK,Hertha BSC,29,1992,24.2,1,0,0,2,1,0,0,2,0,0,1,0,25,6,0,100.0,Matches
431,432,Paul Seguin,de GER,MF,Greuther Fürth,26,1995,23.4,9,0,0,42,26,0,41,19,31,0,0,0,170,30,27,52.6,Matches
432,433,Davie Selke,de GER,FW,Hertha BSC,26,1995,11.2,2,0,0,31,21,5,6,1,4,0,0,0,21,58,60,49.2,Matches
433,434,Lion Semić,de GER,DF,Dortmund,17,2003,0.0,0,0,0,0,0,0,0,0,0,0,0,0,0,0,0,,Matches
434,435,Suat Serdar,de GER,"MF,FW",Hertha BSC,24,1997,24.6,6,0,0,37,47,2,6,20,30,0,0,0,153,19,24,44.2,Matches
435,436,Janni Serra,de GER,FW,Arminia,23,1998,12.4,1,0,0,16,14,5,1,5,2,0,0,0,36,52,91,36.4,Matches
436,437,Zidan Sertdemir,dk DEN,"MF,FW",Leverkusen,16,2005,0.2,0,0,0,0,0,0,3,0,2,0,0,0,1,0,0,,Matches
437,438,Nils Seufert,de GER,MF,Greuther Fürth,24,1997,1.1,0,0,0,0,1,0,0,0,2,0,0,0,9,0,0,,Matches
438,439,Kiliann Sildillia,fr FRA,"DF,MF",Freiburg,19,2002,1.9,1,0,0,1,1,0,5,2,3,0,0,0,16,1,4,20.0,Matches
439,440,André Silva,pt POR,FW,RB Leipzig,25,1995,23.1,1,0,0,20,28,16,7,2,9,0,0,0,66,37,65,36.3,Matches
440,441,Mohamed Simakan,fr FRA,DF,RB Leipzig,21,2000,22.3,5,0,0,25,34,0,6,40,27,0,0,0,159,63,21,75.0,Matches
441,442,Daley Sinkgraven,nl NED,DF,Leverkusen,26,1995,3.9,0,0,0,0,3,0,7,3,2,0,0,0,22,3,7,30.0,Matches
442,443,Tobias Sippel,de GER,GK,M'Gladbach,33,1988,1.0,0,0,0,0,0,0,0,0,0,0,0,0,2,0,0,,Matches
443,444,Hugo Siquet,be BEL,DF,Freiburg,19,2002,0.2,0,0,0,1,0,0,1,0,0,0,0,0,0,0,0,,Matches
444,445,Ellyes Skhiri,tn TUN,MF,Köln,26,1995,20.2,3,0,0,18,21,2,6,37,33,0,0,0,157,34,23,59.6,Matches
445,446,Robert Skov,dk DEN,"FW,DF",Hoffenheim,25,1996,4.1,1,0,0,6,5,0,18,3,2,0,0,0,20,3,5,37.5,Matches
446,447,Danilo Soares,br BRA,DF,Bochum,29,1991,28.5,4,0,0,34,42,0,66,62,71,0,2,0,287,47,30,61.0,Matches
447,448,Yann Sommer,ch SUI,GK,M'Gladbach,32,1988,33.0,2,0,0,0,7,0,0,3,0,0,0,0,76,8,0,100.0,Matches
448,449,Borna Sosa,hr CRO,"DF,FW",Stuttgart,23,1998,27.8,4,0,0,13,26,0,239,26,12,0,0,0,149,20,19,51.3,Matches
449,450,Djibril Sow,ch SUI,MF,Eint Frankfurt,24,1997,26.8,5,0,0,42,38,0,9,50,33,0,1,0,199,27,31,46.6,Matches
450,451,Jerry St. Juste,nl NED,DF,Mainz 05,24,1996,6.7,0,0,0,14,8,0,6,14,9,0,0,0,41,24,15,61.5,Matches
451,452,Anton Stach,de GER,MF,Mainz 05,22,1998,20.7,6,0,0,35,43,0,53,51,19,0,0,0,176,52,20,72.2,Matches
452,453,Kostas Stafylidis,gr GRE,"DF,MF",Bochum,27,1993,15.4,3,1,0,12,19,1,64,31,27,0,0,0,91,25,25,50.0,Matches
453,454,Josip Stanišić,hr CRO,DF,Bayern Munich,21,2000,7.2,1,0,0,4,1,0,10,11,10,0,0,0,54,7,6,53.8,Matches
454,455,Niklas Stark,de GER,DF,Hertha BSC,26,1995,22.6,3,0,0,19,20,1,0,36,16,0,1,0,115,49,33,59.8,Matches
455,456,Renato Steffen,ch SUI,"FW,MF",Wolfsburg,29,1991,10.7,6,0,0,19,15,0,25,13,16,0,0,0,57,17,19,47.2,Matches
456,457,Pascal Stenzel,de GER,DF,Stuttgart,25,1996,10.0,1,0,0,13,4,0,18,11,11,0,0,0,84,13,12,52.0,Matches
457,458,Angelo Stiller,de GER,MF,Hoffenheim,20,2001,18.8,1,0,0,25,13,1,17,9,17,0,0,0,116,26,26,50.0,Matches
458,459,Lars Stindl,de GER,"MF,FW",M'Gladbach,32,1988,18.1,10,0,0,30,16,5,14,10,15,0,0,0,104,13,32,28.9,Matches
459,460,Kevin Stöger,at AUT,MF,Mainz 05,27,1993,4.7,3,0,0,9,10,0,31,5,5,0,0,0,55,2,2,50.0,Matches
460,461,Tobias Strobl,de GER,"MF,DF",Augsburg,31,1990,3.6,1,0,0,6,2,0,2,7,3,0,0,0,24,7,4,63.6,Matches
461,462,Niklas Süle,de GER,DF,Bayern Munich,25,1995,20.4,2,0,0,10,1,1,6,28,23,0,0,0,158,40,12,76.9,Matches
462,463,Ádám Szalai,hu HUN,FW,Mainz 05,33,1987,2.9,1,0,0,10,4,5,0,0,2,0,0,0,11,8,11,42.1,Matches
463,464,Dominik Szoboszlai,hu HUN,"MF,FW",RB Leipzig,20,2000,17.1,2,0,0,15,23,6,91,10,12,0,0,0,101,17,19,47.2,Matches
464,465,Jonathan Tah,de GER,DF,Leverkusen,25,1996,32.0,4,0,0,19,10,1,2,43,18,0,0,0,184,96,29,76.8,Matches
465,466,Edmond Tapsoba,bf BFA,DF,Leverkusen,22,1999,20.2,1,0,0,19,6,1,0,29,17,0,1,0,171,42,16,72.4,Matches
466,467,Niklas Tauer,de GER,"DF,MF",Mainz 05,20,2001,5.4,1,1,0,9,4,0,1,9,9,0,1,0,34,8,13,38.1,Matches
467,468,Robert Tesche,de GER,MF,Bochum,34,1987,3.9,2,1,0,5,1,1,2,5,4,0,2,0,23,3,6,33.3,Matches
468,469,Cedric Teuchert,de GER,"MF,FW",Union Berlin,24,1997,1.2,0,0,0,1,1,1,1,0,2,0,0,0,9,2,2,50.0,Matches
469,470,Jan Thielmann,de GER,"MF,FW",Köln,19,2002,13.2,6,0,0,12,12,2,57,10,16,0,0,0,86,21,30,41.2,Matches
470,471,Erik Thommy,de GER,"FW,MF",Stuttgart,26,1994,3.0,0,0,0,2,6,2,23,4,0,0,0,0,12,2,4,33.3,Matches
471,472,Marcus Thuram,fr FRA,FW,M'Gladbach,23,1997,10.9,2,0,0,12,25,8,7,5,5,1,0,0,30,33,29,53.2,Matches
472,473,Alexis Tibidi,fr FRA,"MF,FW",Stuttgart,17,2003,4.3,1,0,0,11,12,4,3,3,3,0,0,0,16,7,6,53.8,Matches
473,474,Steffen Tigges,de GER,"FW,MF",Dortmund,23,1998,1.2,0,0,0,1,1,1,1,0,3,0,0,0,2,3,9,25.0,Matches
474,475,Malik Tillman,us USA,"FW,MF",Bayern Munich,19,2002,1.2,0,0,0,4,1,0,0,2,1,0,0,0,11,3,1,75.0,Matches
475,476,Timothy Tillman,de GER,MF,Greuther Fürth,22,1999,22.3,3,0,0,37,42,1,67,12,26,0,1,0,136,10,28,26.3,Matches
476,477,Umut Tohumcu,de GER,MF,Hoffenheim,16,2004,0.1,0,0,0,0,1,0,0,0,0,0,0,0,0,0,0,,Matches
477,478,Corentin Tolisso,fr FRA,MF,Bayern Munich,26,1994,7.8,0,0,0,13,6,3,6,9,5,0,0,0,59,12,15,44.4,Matches
478,479,Tiago Tomás,pt POR,FW,Stuttgart,19,2002,11.9,2,0,0,6,25,7,18,4,4,1,0,0,42,6,20,23.1,Matches
479,480,Jordan Torunarigha,de GER,DF,Hertha BSC,23,1997,5.4,1,0,0,4,4,1,1,17,1,0,0,0,27,15,5,75.0,Matches
480,481,Almamy Touré,ml MLI,"DF,MF",Eint Frankfurt,25,1996,5.6,2,0,0,8,2,1,12,5,9,0,0,0,42,13,15,46.4,Matches
481,482,Lucas Tousart,fr FRA,MF,Hertha BSC,24,1997,21.8,3,0,0,32,24,1,16,35,25,0,0,0,132,39,45,46.4,Matches
482,483,Kevin Trapp,de GER,GK,Eint Frankfurt,31,1990,32.0,2,0,0,0,3,0,0,1,0,0,0,0,65,5,0,100.0,Matches
483,484,Christopher Trimmel,at AUT,"DF,FW",Union Berlin,34,1987,22.1,5,0,0,29,6,0,146,34,30,0,0,0,145,29,19,60.4,Matches
484,485,Philipp Tschauner,de GER,GK,RB Leipzig,35,1985,0.0,0,0,0,0,0,0,0,0,0,0,0,0,0,0,0,,Matches
485,486,Tuta,br BRA,DF,Eint Frankfurt,22,1999,24.3,4,1,1,37,12,1,5,41,28,0,0,0,213,54,46,54.0,Matches
486,487,Anthony Ujah,ng NGA,"FW,MF",Union Berlin,30,1990,0.4,0,0,0,4,1,0,1,0,0,0,0,0,1,1,1,50.0,Matches
487,488,Sven Ulreich,de GER,GK,Bayern Munich,32,1988,6.0,0,0,0,0,1,0,0,0,0,0,0,0,13,1,0,100.0,Matches
488,489,Dayot Upamecano,fr FRA,DF,Bayern Munich,22,1998,24.6,4,0,0,28,11,1,2,32,42,0,1,0,249,62,43,59.0,Matches
489,490,Benjamin Uphoff,de GER,GK,Freiburg,27,1993,2.0,0,0,0,0,0,0,0,0,0,0,0,0,2,1,0,100.0,Matches
490,491,Mark Uth,de GER,"MF,FW",Köln,29,1991,22.5,3,0,0,34,45,11,123,14,20,0,0,0,110,22,31,41.5,Matches
491,492,Ruben Vargas,ch SUI,"MF,FW",Augsburg,22,1998,22.0,4,0,0,33,27,12,42,16,21,0,0,0,141,11,34,24.4,Matches
492,493,Sebastian Vasiliadis,gr GRE,MF,Arminia,23,1997,13.3,3,0,0,14,5,2,5,25,17,0,0,0,84,17,15,53.1,Matches
493,494,Mickey van de Ven,nl NED,DF,Wolfsburg,20,2001,2.1,0,0,0,0,1,0,3,2,4,0,0,0,15,6,1,85.7,Matches
494,495,Vincent Vermeij,nl NED,MF,Freiburg,26,1994,0.0,0,0,0,0,0,0,0,0,0,0,0,0,1,1,1,50.0,Matches
495,496,Gabriel Vidovic,hr CRO,"FW,MF",Bayern Munich,17,2003,0.4,0,0,0,0,0,0,0,0,0,0,0,0,4,0,1,0.0,Matches
496,497,Nick Viergever,nl NED,DF,Greuther Fürth,31,1989,23.7,2,0,0,14,6,0,1,37,23,0,0,0,133,24,36,40.0,Matches
497,498,Andreas Voglsammer,de GER,"FW,MF",Union Berlin,29,1992,9.8,1,0,0,16,16,14,21,2,9,0,0,0,27,35,47,42.7,Matches
498,499,Kevin Vogt,de GER,DF,Hoffenheim,29,1991,28.5,7,0,0,27,18,1,4,13,12,0,1,0,214,24,23,51.1,Matches
499,500,Aster Vranckx,be BEL,MF,Wolfsburg,18,2002,12.7,2,0,0,40,16,1,24,13,13,0,0,0,74,11,14,44.0,Matches
500,501,Luca Waldschmidt,de GER,"MF,FW",Wolfsburg,25,1996,8.0,2,0,0,10,8,0,7,8,1,1,0,0,37,2,12,14.3,Matches
501,502,Paul Wanner,de GER,"FW,MF",Bayern Munich,15,2005,0.4,0,0,0,1,1,0,1,0,2,0,0,0,3,0,2,0.0,Matches
502,503,Wout Weghorst,nl NED,FW,Wolfsburg,28,1992,17.3,2,0,0,17,31,15,2,2,7,0,0,0,57,45,43,51.1,Matches
503,504,Noah Weißhaupt,de GER,"MF,FW",Freiburg,19,2001,1.1,0,0,0,3,2,0,4,1,1,0,0,0,6,1,2,33.3,Matches
504,505,Silvan Widmer,ch SUI,DF,Mainz 05,28,1993,32.4,1,0,0,36,20,1,62,43,28,0,1,0,165,34,38,47.2,Matches
505,506,Jetro Willems,nl NED,DF,Greuther Fürth,27,1994,17.8,5,0,0,14,11,0,40,14,15,0,0,0,119,19,16,54.3,Matches
506,507,Patrick Wimmer,at AUT,"FW,MF",Arminia,20,2001,22.8,7,0,0,49,38,5,96,27,31,1,1,0,167,40,51,44.0,Matches
507,508,Jonas Wind,dk DEN,"FW,MF",Wolfsburg,22,1999,13.1,0,0,0,14,31,7,5,6,6,0,0,0,45,54,55,49.5,Matches
508,509,Marten Winkler,de GER,MF,Hertha BSC,18,2002,0.3,0,0,0,0,1,0,1,0,0,0,0,0,0,0,0,,Matches
509,510,Frederik Winther,dk DEN,DF,Augsburg,20,2001,3.6,1,0,0,1,0,0,1,8,2,0,0,0,17,10,11,47.6,Matches
510,511,Florian Wirtz,de GER,"MF,FW",Leverkusen,18,2003,20.6,2,0,0,15,25,10,63,13,10,1,0,0,106,7,23,23.3,Matches
511,512,Axel Witsel,be BEL,"MF,DF",Dortmund,32,1989,21.6,4,0,0,26,30,1,0,27,27,0,2,0,152,31,15,67.4,Matches
512,513,Hannes Wolf,at AUT,"FW,MF",M'Gladbach,22,1999,3.4,2,0,0,10,5,0,2,2,12,0,0,0,21,2,8,20.0,Matches
513,514,Marius Wolf,de GER,"DF,FW",Dortmund,26,1995,14.7,4,0,0,17,17,4,25,13,10,1,0,0,64,7,14,33.3,Matches
514,515,Luca Wollschläger,de GER,"FW,MF",Hertha BSC,18,2003,0.2,0,0,0,1,0,0,0,0,1,0,0,0,0,0,1,0.0,Matches
515,516,Jeong Woo-yeong,kr KOR,"FW,MF",Freiburg,21,1999,19.8,1,0,0,10,15,12,31,7,9,0,0,0,79,16,36,30.8,Matches
516,517,Joscha Wosz,de GER,DF,RB Leipzig,19,2002,0.1,0,0,0,1,0,0,0,0,0,0,0,0,0,0,0,,Matches
517,518,Dan-Axel Zagadou,fr FRA,DF,Dortmund,22,1999,10.6,2,0,0,12,5,0,1,15,7,0,1,0,84,37,13,74.0,Matches
518,519,Denis Zakaria,ch SUI,"MF,DF",M'Gladbach,24,1996,15.5,4,0,0,19,11,1,5,19,14,0,1,0,134,14,13,51.9,Matches
519,520,Deyovaisio Zeefuik,nl NED,DF,Hertha BSC,23,1998,6.3,1,0,0,4,8,1,11,11,10,0,1,0,37,9,11,45.0,Matches
520,521,Robin Zentner,de GER,GK,Mainz 05,26,1994,32.0,1,0,0,1,4,0,0,2,2,0,1,0,68,9,2,81.8,Matches
521,522,Andi Zeqiri,ch SUI,"FW,MF",Augsburg,22,1999,11.3,2,0,0,20,15,12,7,2,7,0,0,0,37,11,36,23.4,Matches
522,523,Simon Zoller,de GER,FW,Bochum,30,1991,6.6,3,0,0,12,5,3,10,4,2,0,0,0,22,6,4,60.0,Matches
