,Rk,Player,Nation,Pos,Squad,Age,Born,90s,SCA,SCA90,PassLive,PassDead,Drib,Sh,Fld,Def,GCA,GCA90,PassLive,PassDead,Drib,Sh,Fld,Def,Matches
0,1,Trustin van 't Loo,nl NED,MF,Heerenveen,17,2004,0.3,1,3.75,1,0,0,0,0,0,0,0.00,0,0,0,0,0,0,Matches
1,2,Dirk Abels,nl NED,"DF,MF",Sparta R'dam,24,1997,32.2,28,0.87,16,5,0,3,0,4,3,0.09,1,0,0,1,0,1,Matches
2,3,Zakaria Aboukhlal,ma MAR,"FW,MF",AZ Alkmaar,21,2000,9.1,25,2.76,14,0,4,3,4,0,4,0.44,1,0,0,2,1,0,Matches
3,4,Paulos Abraham,se SWE,"FW,MF",Groningen,19,2002,15.0,,,,,,,,,,,,,,,,,Matches
4,5,Shawn Adewoye,be BEL,DF,RKC Waalwijk,21,2000,19.1,15,0.79,11,1,2,0,0,1,1,0.05,1,0,0,0,0,0,Matches
5,6,Luka Adžić,rs SRB,"FW,MF",Zwolle,22,1998,8.1,38,4.72,17,14,1,3,2,1,2,0.25,1,1,0,0,0,0,Matches
6,7,Joost van Aken,nl NED,DF,Heerenveen,27,1994,2.2,5,2.26,3,0,0,2,0,0,0,0.00,0,0,0,0,0,0,Matches
7,8,Ali Akman,tr TUR,FW,NEC Nijmegen,19,2002,17.4,57,3.27,43,1,6,2,3,2,2,0.11,0,0,2,0,0,0,Matches
8,9,Hamdi Akujobi,nl NED,"DF,FW",Heerenveen,21,2000,1.6,4,2.54,4,0,0,0,0,0,0,0.00,0,0,0,0,0,0,Matches
9,10,Pontus Almqvist,se SWE,"FW,MF",Utrecht,22,1999,2.9,7,2.43,5,1,0,0,1,0,1,0.35,1,0,0,0,0,0,Matches
10,11,Edson Álvarez,mx MEX,MF,Ajax,23,1997,25.9,40,1.54,32,0,0,6,1,1,4,0.15,2,0,0,2,0,0,Matches
11,12,Mohamed Amissi,bi BDI,"FW,MF",Heracles Almelo,20,2000,1.4,4,2.81,3,0,0,0,1,0,0,0.00,0,0,0,0,0,0,Matches
12,13,Djavan Anderson,nl NED,"DF,MF",Zwolle,26,1995,11.4,13,1.14,13,0,0,0,0,0,2,0.18,2,0,0,0,0,0,Matches
13,14,Martin Angha,ch SUI,DF,Fortuna Sittard,27,1994,28.8,15,0.52,7,0,0,2,2,4,2,0.07,2,0,0,0,0,0,Matches
14,15,Vurnon Anita,cw CUW,MF,RKC Waalwijk,32,1989,30.3,37,1.22,33,0,0,1,0,3,2,0.07,2,0,0,0,0,0,Matches
15,16,Antony,br BRA,FW,Ajax,21,2000,19.2,107,5.59,89,2,6,6,4,0,8,0.42,7,0,0,0,1,0,Matches
16,17,Samuel Armenteros,se SWE,FW,Heracles Almelo,31,1990,2.3,4,1.70,3,0,0,1,0,0,0,0.00,0,0,0,0,0,0,Matches
17,18,Adil Auassar,nl NED,"DF,MF",Sparta R'dam,34,1986,27.5,26,0.95,15,2,1,1,1,6,2,0.07,1,0,0,0,0,1,Matches
18,19,Sebbe Augustijns,be BEL,MF,RKC Waalwijk,21,1999,1.6,0,0.00,0,0,0,0,0,0,0,0.00,0,0,0,0,0,0,Matches
19,20,Fredrik Aursnes,no NOR,MF,Feyenoord,25,1995,27.6,83,3.00,73,6,0,2,0,2,8,0.29,6,1,0,0,0,1,Matches
20,21,Aventis Aventisian,gr GRE,DF,Go Ahead Eag,18,2002,0.0,0,0.00,0,0,0,0,0,0,0,0.00,0,0,0,0,0,0,Matches
21,22,Ayman Azhil,ma MAR,MF,RKC Waalwijk,20,2001,18.6,29,1.56,29,0,0,0,0,0,2,0.11,2,0,0,0,0,0,Matches
22,23,Ismail Azzaoui,be BEL,"FW,MF",Heracles Almelo,23,1998,4.8,16,3.30,10,0,2,1,1,2,1,0.21,1,0,0,0,0,0,Matches
23,24,Aliou Badara Baldé,sn SEN,FW,Feyenoord,18,2002,0.1,0,0.00,0,0,0,0,0,0,0,0.00,0,0,0,0,0,0,Matches
24,25,Nikolai Baden Frederiksen,dk DEN,FW,Vitesse,21,2000,14.5,29,2.00,16,0,4,4,5,0,2,0.14,1,0,1,0,0,0,Matches
25,26,Samy Baghdadi,fr FRA,"FW,MF",Fortuna Sittard,24,1997,4.8,8,1.65,5,1,1,1,0,0,2,0.41,1,0,1,0,0,0,Matches
26,27,Saïd Bakari,km COM,"DF,MF",RKC Waalwijk,26,1994,26.3,88,3.35,69,7,3,6,2,1,6,0.23,4,0,0,1,0,1,Matches
27,28,Johan Bakayoko,be BEL,FW,PSV Eindhoven,18,2003,0.4,2,5.29,1,0,0,1,0,0,0,0.00,0,0,0,0,0,0,Matches
28,29,Navajo Bakboord,nl NED,DF,Heracles Almelo,22,1999,5.4,6,1.12,3,2,0,0,0,1,0,0.00,0,0,0,0,0,0,Matches
29,30,Sinan Bakış,tr TUR,FW,Heracles Almelo,27,1994,17.0,26,1.53,16,0,0,6,4,0,0,0.00,0,0,0,0,0,0,Matches
30,31,Justin Bakker,nl NED,DF,Go Ahead Eag,23,1998,8.2,25,3.06,18,4,0,0,0,3,1,0.12,0,1,0,0,0,0,Matches
31,32,Nick Bakker,nl NED,DF,Heerenveen,29,1992,18.2,13,0.72,12,0,0,0,0,1,2,0.11,2,0,0,0,0,0,Matches
32,33,Remco Balk,nl NED,"FW,MF",Utrecht,20,2001,5.0,15,3.01,7,0,3,2,2,1,2,0.40,1,0,1,0,0,0,Matches
33,34,Alex Bangura,sl SLE,DF,Cambuur,22,1999,26.8,38,1.42,26,0,3,1,7,1,6,0.22,3,0,1,0,2,0,Matches
34,35,Naoufal Bannis,nl NED,"MF,FW",Feyenoord,19,2002,0.2,0,0.00,0,0,0,0,0,0,0,0.00,0,0,0,0,0,0,Matches
35,36,Yusuf Barasi,tr TUR,FW,AZ Alkmaar,18,2003,0.6,2,3.21,1,0,1,0,0,0,0,0.00,0,0,0,0,0,0,Matches
36,37,Édgar Barreto,py PAR,"MF,DF",NEC Nijmegen,37,1984,13.8,20,1.45,17,0,0,2,0,1,1,0.07,1,0,0,0,0,0,Matches
37,38,Bilal Başaçıkoğlu,tr TUR,"FW,MF",Heracles Almelo,26,1995,16.4,52,3.17,25,15,3,2,6,1,5,0.30,3,1,0,0,1,0,Matches
38,39,Cole Bassett,us USA,"MF,DF",Feyenoord,20,2001,1.0,4,3.96,4,0,0,0,0,0,1,0.99,1,0,0,0,0,0,Matches
39,40,Riechedly Bazoer,nl NED,DF,Vitesse,24,1996,21.8,53,2.43,42,3,1,3,2,2,7,0.32,6,0,0,0,0,1,Matches
40,41,Sven van Beek,nl NED,DF,Heerenveen,27,1994,28.5,25,0.88,17,1,1,4,1,1,2,0.07,1,0,0,1,0,0,Matches
41,42,Thomas Beekman,nl NED,MF,NEC Nijmegen,21,2000,0.1,0,0.00,0,0,0,0,0,0,0,0.00,0,0,0,0,0,0,Matches
42,43,Thomas Beelen,nl NED,"MF,DF",Zwolle,20,2001,0.8,2,2.40,2,0,0,0,0,0,0,0.00,0,0,0,0,0,0,Matches
43,44,Iliass Bel Hassani,ma MAR,"MF,FW",RKC Waalwijk,28,1992,9.3,29,3.10,17,7,2,0,1,2,4,0.43,3,0,1,0,0,0,Matches
44,45,Benaissa Benamar,ma MAR,DF,Utrecht,24,1997,1.0,1,0.97,0,1,0,0,0,0,1,0.97,0,1,0,0,0,0,Matches
45,46,Charlison Benschop,cw CUW,FW,Fortuna Sittard,31,1989,6.4,10,1.56,7,0,1,2,0,0,1,0.16,0,0,0,1,0,0,Matches
46,47,Martijn Berden,nl NED,"FW,MF",Go Ahead Eag,24,1997,6.9,20,2.90,17,0,2,1,0,0,2,0.29,2,0,0,0,0,0,Matches
47,48,Mitchell van Bergen,nl NED,FW,Heerenveen,21,1999,1.0,3,3.00,2,1,0,0,0,0,0,0.00,0,0,0,0,0,0,Matches
48,49,Steven Berghuis,nl NED,"MF,FW",Ajax,29,1991,26.5,138,5.20,100,23,3,5,5,2,17,0.64,11,4,0,0,1,1,Matches
49,50,Emil Bergström,se SWE,DF,Willem II,28,1993,8.3,9,1.08,6,0,0,2,0,1,0,0.00,0,0,0,0,0,0,Matches
50,51,Matúš Bero,sk SVK,MF,Vitesse,25,1995,24.2,60,2.48,46,2,0,3,8,1,5,0.21,5,0,0,0,0,0,Matches
51,52,Tom Beugelsdijk,nl NED,DF,Sparta R'dam,30,1990,17.0,10,0.59,7,0,0,1,1,1,1,0.06,0,0,0,0,0,1,Matches
52,53,Sam Beukema,nl NED,DF,AZ Alkmaar,22,1998,11.0,7,0.63,5,0,0,2,0,0,1,0.09,1,0,0,0,0,0,Matches
53,54,Justin Bijlow,nl NED,GK,Feyenoord,23,1998,22.0,4,0.18,2,1,0,1,0,0,0,0.00,0,0,0,0,0,0,Matches
54,55,Janis Blaswich,de GER,GK,Heracles Almelo,30,1991,22.0,5,0.23,4,1,0,0,0,0,1,0.05,1,0,0,0,0,0,Matches
55,56,Daley Blind,nl NED,DF,Ajax,31,1990,31.2,113,3.62,95,9,3,3,2,1,16,0.51,13,1,1,1,0,0,Matches
56,57,Tom Boere,nl NED,FW,Cambuur,28,1992,14.1,27,1.92,21,0,3,1,2,0,6,0.43,3,0,2,1,0,0,Matches
57,58,Melayro Bogarde,nl NED,MF,Groningen,19,2002,2.7,3,1.12,3,0,0,0,0,0,0,0.00,0,0,0,0,0,0,Matches
58,59,Wilfried Bony,ci CIV,FW,NEC Nijmegen,32,1988,0.2,0,0.00,0,0,0,0,0,0,0,0.00,0,0,0,0,0,0,Matches
59,60,Pieter Bos,nl NED,GK,Cambuur,24,1997,5.1,0,0.00,0,0,0,0,0,0,0,0.00,0,0,0,0,0,0,Matches
60,61,Olivier Boscagli,fr FRA,"DF,MF",PSV Eindhoven,23,1997,26.2,43,1.64,29,2,0,6,0,6,4,0.15,1,1,0,0,0,2,Matches
61,62,Jesse Bosch,nl NED,MF,Twente,21,2000,9.7,19,1.95,14,0,1,0,1,3,1,0.10,0,0,0,0,0,1,Matches
62,63,Jordan Botaka,cd COD,"MF,DF",Fortuna Sittard,28,1993,1.8,7,3.96,4,0,2,0,1,0,0,0.00,0,0,0,0,0,0,Matches
63,64,Ioannis-Foivos Botos,gr GRE,"MF,FW",Go Ahead Eag,20,2000,11.5,25,2.18,23,0,1,1,0,0,1,0.09,1,0,0,0,0,0,Matches
64,65,Achraf El Bouchataoui,nl NED,MF,RKC Waalwijk,21,2000,4.1,12,2.95,10,2,0,0,0,0,0,0.00,0,0,0,0,0,0,Matches
65,66,Yacine Bourhane,km COM,MF,Go Ahead Eag,22,1998,0.5,1,2.20,1,0,0,0,0,0,0,0.00,0,0,0,0,0,0,Matches
66,67,Othman Boussaid,be BEL,"FW,MF",Utrecht,21,2000,13.8,53,3.85,43,6,2,2,0,0,7,0.51,7,0,0,0,0,0,Matches
67,68,Róbert Boženík,sk SVK,FW,Feyenoord,21,1999,0.2,0,0.00,0,0,0,0,0,0,0,0.00,0,0,0,0,0,0,Matches
68,69,Wout Brama,nl NED,MF,Twente,34,1986,7.1,6,0.84,2,2,0,1,1,0,1,0.14,0,0,0,1,0,0,Matches
69,70,Mattijs Branderhorst,nl NED,GK,NEC Nijmegen,27,1993,34.0,3,0.09,2,0,0,1,0,0,0,0.00,0,0,0,0,0,0,Matches
70,71,Myron van Brederode,nl NED,FW,AZ Alkmaar,18,2003,0.1,0,0.00,0,0,0,0,0,0,0,0.00,0,0,0,0,0,0,Matches
71,72,Michael Breij,nl NED,"MF,FW",Cambuur,24,1997,15.5,30,1.93,26,0,0,2,2,0,7,0.45,4,0,0,2,1,0,Matches
72,73,Joshua Brenet,nl NED,DF,Twente,27,1994,11.1,29,2.61,25,0,3,1,0,0,3,0.27,3,0,0,0,0,0,Matches
73,74,Brian Brobbey,nl NED,FW,Ajax,19,2002,4.4,10,2.26,7,0,2,0,1,0,1,0.23,1,0,0,0,0,0,Matches
74,75,Jorn Brondeel,be BEL,GK,Willem II,27,1993,1.2,0,0.00,0,0,0,0,0,0,0,0.00,0,0,0,0,0,0,Matches
75,76,Ilias Bronkhorst,nl NED,"DF,FW",NEC Nijmegen,24,1997,2.2,8,3.69,7,1,0,0,0,0,2,0.92,2,0,0,0,0,0,Matches
76,77,Luuk Brouwers,nl NED,MF,Go Ahead Eag,23,1998,31.9,54,1.69,42,1,3,3,3,2,8,0.25,4,0,2,2,0,0,Matches
77,78,Jordy Bruijn,nl NED,"MF,FW",NEC Nijmegen,25,1996,20.1,46,2.29,33,0,4,2,6,1,6,0.30,6,0,0,0,0,0,Matches
78,79,Bruma,pt POR,"FW,MF",PSV Eindhoven,26,1994,14.1,77,5.45,63,1,5,6,1,1,11,0.78,9,0,0,2,0,0,Matches
79,80,Max Bruns,nl NED,DF,Twente,18,2002,1.2,0,0.00,0,0,0,0,0,0,0,0.00,0,0,0,0,0,0,Matches
80,81,Koen Bucker,nl NED,GK,Heracles Almelo,25,1996,12.0,1,0.08,0,0,0,0,0,1,0,0.00,0,0,0,0,0,0,Matches
81,82,Thomas Buitink,nl NED,"FW,MF",Vitesse,21,2000,12.8,29,2.27,19,1,2,2,4,1,3,0.23,1,0,1,0,1,0,Matches
82,83,Wouter Burger,nl NED,DF,Feyenoord,20,2001,0.9,1,1.17,1,0,0,0,0,0,0,0.00,0,0,0,0,0,0,Matches
83,84,Delano Burgzorg,nl NED,"FW,MF",Heracles Almelo,22,1998,12.8,42,3.28,23,0,10,4,3,2,5,0.39,1,0,4,0,0,0,Matches
84,85,Alexander Büttner,nl NED,"DF,MF",RKC Waalwijk,32,1989,20.9,63,3.01,24,30,1,0,5,3,5,0.24,3,1,0,0,0,1,Matches
85,86,Zico Buurmeester,nl NED,"MF,DF",AZ Alkmaar,19,2002,0.0,0,0.00,0,0,0,0,0,0,0,0.00,0,0,0,0,0,0,Matches
86,87,Marc Cardona,es ESP,FW,Go Ahead Eag,26,1995,8.8,24,2.73,16,1,3,3,1,0,3,0.34,3,0,0,0,0,0,Matches
87,88,João Carlos Teixeira,pt POR,MF,Feyenoord,28,1993,0.1,0,0.00,0,0,0,0,0,0,0,0.00,0,0,0,0,0,0,Matches
88,89,Gabi Caschili,nl NED,MF,Zwolle,18,2003,0.1,1,9.00,1,0,0,0,0,0,0,0.00,0,0,0,0,0,0,Matches
89,90,Joel Castro Pereira,pt POR,GK,RKC Waalwijk,25,1996,2.0,0,0.00,0,0,0,0,0,0,0,0.00,0,0,0,0,0,0,Matches
90,91,Václav Černý,cz CZE,FW,Twente,23,1997,6.0,23,3.83,17,1,1,4,0,0,2,0.33,2,0,0,0,0,0,Matches
91,92,Ibrahim Cissoko,nl NED,FW,NEC Nijmegen,18,2003,1.0,5,5.11,2,0,2,0,1,0,2,2.05,1,0,0,0,1,0,Matches
92,93,Jordy Clasie,nl NED,MF,AZ Alkmaar,30,1991,26.8,66,2.46,62,1,0,1,1,1,5,0.19,5,0,0,0,0,0,Matches
93,94,Pelle Clement,nl NED,"MF,FW",Zwolle,25,1996,15.2,61,4.01,41,12,2,4,0,2,3,0.20,2,1,0,0,0,0,Matches
94,95,Denilho Cleonise,nl NED,"FW,MF",Twente,19,2001,2.1,7,3.30,2,0,4,0,1,0,0,0.00,0,0,0,0,0,0,Matches
95,96,Iñigo Córdoba,es ESP,"FW,MF",Go Ahead Eag,24,1997,25.7,72,2.80,50,4,6,6,2,4,5,0.19,4,0,1,0,0,0,Matches
96,97,Tim Coremans,nl NED,GK,Sparta R'dam,30,1991,3.0,3,1.00,3,0,0,0,0,0,0,0.00,0,0,0,0,0,0,Matches
97,98,Enzo Cornelisse,nl NED,DF,Vitesse,18,2003,9.3,5,0.54,4,0,0,1,0,0,0,0.00,0,0,0,0,0,0,Matches
98,99,George Cox,eng ENG,DF,Fortuna Sittard,23,1998,24.4,46,1.89,24,15,1,0,2,4,2,0.08,2,0,0,0,0,0,Matches
99,100,Vito van Crooy,nl NED,"FW,MF",Sparta R'dam,25,1996,24.2,,,,,,,,,,,,,,,,,Matches
100,101,Daniel Crowley,eng ENG,MF,Willem II,23,1997,9.5,25,2.63,21,3,0,0,0,1,1,0.11,1,0,0,0,0,0,Matches
101,102,Adrián Dalmau,es ESP,FW,Sparta R'dam,27,1994,6.5,14,2.14,7,0,0,2,5,0,1,0.15,0,0,0,1,0,0,Matches
102,103,Adrián Dalmau,es ESP,FW,Utrecht,27,1994,2.7,4,1.49,2,0,0,1,1,0,1,0.37,0,0,0,0,1,0,Matches
103,104,Wessel Dammers,nl NED,"DF,MF",Groningen,26,1995,13.3,15,1.13,13,0,0,1,0,1,3,0.23,2,0,0,1,0,0,Matches
104,105,Wessel Dammers,nl NED,DF,Willem II,26,1995,13.9,10,0.72,6,0,0,2,0,2,1,0.07,1,0,0,0,0,0,Matches
105,106,Lennerd Daneels,be BEL,"FW,MF",RKC Waalwijk,23,1998,6.3,18,2.85,11,3,0,1,3,0,1,0.16,1,0,0,0,0,0,Matches
106,107,Danilo,br BRA,"FW,MF",Ajax,22,1999,3.1,15,4.75,11,0,0,2,1,1,2,0.63,1,0,0,1,0,0,Matches
107,108,Damil Dankerlui,sr SUR,"DF,MF",Groningen,24,1996,16.6,38,2.29,33,0,2,2,0,1,4,0.24,3,0,1,0,0,0,Matches
108,109,Mohammed Daramy,dk DEN,"FW,MF",Ajax,19,2002,2.3,26,11.25,17,2,3,3,1,0,5,2.16,3,0,0,2,0,0,Matches
109,110,Oussama Darfalou,dz ALG,FW,Vitesse,27,1993,6.0,11,1.84,8,0,2,1,0,0,3,0.50,2,0,1,0,0,0,Matches
110,111,Oussama Darfalou,dz ALG,FW,Zwolle,27,1993,9.7,25,2.57,20,0,1,3,1,0,5,0.51,3,0,1,0,1,0,Matches
111,112,Eli Dasa,il ISR,"DF,MF",Vitesse,28,1992,29.1,117,4.01,91,17,5,2,1,1,8,0.27,5,2,0,1,0,0,Matches
112,113,Jeffrey De Lange,nl NED,GK,Twente,23,1998,2.0,0,0.00,0,0,0,0,0,0,0,0.00,0,0,0,0,0,0,Matches
113,114,Mathias De Wolf,be BEL,FW,NEC Nijmegen,19,2002,0.1,1,10.00,0,0,0,1,0,0,0,0.00,0,0,0,0,0,0,Matches
114,115,Mats Deijl,nl NED,"DF,MF",Go Ahead Eag,24,1997,27.1,32,1.18,26,0,2,1,2,1,5,0.18,2,0,2,1,0,0,Matches
115,116,Thomas van den Belt,nl NED,MF,Zwolle,20,2001,22.9,66,2.88,49,5,5,2,2,3,4,0.17,4,0,0,0,0,0,Matches
116,117,Connor van den Berg,nl NED,GK,Willem II,20,2001,0.8,0,0.00,0,0,0,0,0,0,0,0.00,0,0,0,0,0,0,Matches
117,118,Rav van den Berg,nl NED,DF,Zwolle,17,2004,4.1,2,0.49,2,0,0,0,0,0,0,0.00,0,0,0,0,0,0,Matches
118,119,Arjen van der Heide,nl NED,"FW,MF",Heerenveen,19,2001,5.5,18,3.29,14,2,0,1,0,1,1,0.18,1,0,0,0,0,0,Matches
119,120,Mike van der Hoorn,nl NED,DF,Utrecht,28,1992,28.6,26,0.91,14,1,0,6,2,3,4,0.14,0,0,0,3,1,0,Matches
120,121,Djevencio van der Kust,nl NED,DF,Utrecht,20,2001,10.7,16,1.50,12,3,0,0,0,1,0,0.00,0,0,0,0,0,0,Matches
121,122,Mark van der Maarel,nl NED,DF,Utrecht,31,1989,22.7,36,1.58,24,3,1,2,2,4,3,0.13,2,0,0,1,0,0,Matches
122,123,Jhondly van der Meer,ht HAI,DF,Cambuur,19,2002,4.7,9,1.90,6,2,0,0,0,1,0,0.00,0,0,0,0,0,0,Matches
123,124,Richard van der Venne,nl NED,MF,RKC Waalwijk,29,1992,15.0,44,2.94,34,1,1,1,5,2,4,0.27,3,0,0,0,0,1,Matches
124,125,Maikel van der Werff,nl NED,DF,Zwolle,32,1989,5.5,4,0.73,3,0,0,0,0,1,0,0.00,0,0,0,0,0,0,Matches
125,126,Karim Dermane,tg TOG,MF,Feyenoord,17,2003,0.1,0,0.00,0,0,0,0,0,0,0,0.00,0,0,0,0,0,0,Matches
126,127,Cyriel Dessers,ng NGA,FW,Feyenoord,26,1994,12.0,34,2.84,22,0,5,4,3,0,4,0.33,3,0,0,1,0,0,Matches
127,128,Mark Diemers,nl NED,"MF,FW",Feyenoord,27,1993,0.2,3,19.29,1,1,0,0,1,0,1,6.43,0,1,0,0,0,0,Matches
128,129,Ritsu Doan,jp JPN,"FW,MF",PSV Eindhoven,23,1998,16.8,60,3.58,47,0,6,5,1,1,10,0.60,9,0,0,1,0,0,Matches
129,130,Danilho Doekhi,nl NED,DF,Vitesse,23,1998,28.9,30,1.04,24,0,0,4,0,2,2,0.07,2,0,0,0,0,0,Matches
130,131,Toni Domgjoni,xk KVX,MF,Vitesse,22,1998,11.9,28,2.35,21,2,1,2,2,0,2,0.17,1,1,0,0,0,0,Matches
131,132,Nick Doodeman,nl NED,"FW,MF",Cambuur,24,1996,6.5,18,2.77,15,1,0,1,1,0,3,0.46,3,0,0,0,0,0,Matches
132,133,Anastasios Douvikas,gr GRE,FW,Utrecht,21,1999,26.4,50,1.90,29,0,8,7,5,1,6,0.23,3,0,0,1,2,0,Matches
133,134,Augustin Drakpe,nl NED,DF,Sparta R'dam,19,2001,0.3,0,0.00,0,0,0,0,0,0,0,0.00,0,0,0,0,0,0,Matches
134,135,Ibrahim Drešević,xk KVX,DF,Heerenveen,24,1997,22.8,20,0.88,19,0,0,0,1,0,0,0.00,0,0,0,0,0,0,Matches
135,136,Joel Drommel,nl NED,GK,PSV Eindhoven,24,1996,26.0,4,0.15,2,2,0,0,0,0,2,0.08,1,1,0,0,0,0,Matches
136,137,Deroy Duarte,cv CPV,"MF,DF",Fortuna Sittard,22,1999,30.0,47,1.56,38,2,2,1,1,3,4,0.13,3,1,0,0,0,0,Matches
137,138,Laros Duarte,nl NED,MF,Sparta R'dam,24,1997,2.1,11,5.24,8,1,1,0,0,1,1,0.48,0,0,0,0,0,1,Matches
138,139,Laros Duarte,nl NED,MF,Groningen,24,1997,25.4,58,2.28,30,20,3,2,3,0,9,0.35,5,1,1,1,1,0,Matches
139,140,Mikkel Duelund,dk DEN,"MF,FW",NEC Nijmegen,24,1997,9.7,21,2.16,16,0,2,2,1,0,4,0.41,3,0,1,0,0,0,Matches
140,141,Jelle Duin,nl NED,FW,AZ Alkmaar,22,1999,0.2,0,0.00,0,0,0,0,0,0,0,0.00,0,0,0,0,0,0,Matches
141,142,Riza Durmisi,dk DEN,DF,Sparta R'dam,27,1994,6.8,6,0.89,6,0,0,0,0,0,0,0.00,0,0,0,0,0,0,Matches
142,143,Zakaria Eddahchouri,nl NED,FW,Go Ahead Eag,21,2000,0.2,0,0.00,0,0,0,0,0,0,0,0.00,0,0,0,0,0,0,Matches
143,144,Rens van Eijden,nl NED,"MF,DF",NEC Nijmegen,33,1988,0.3,0,0.00,0,0,0,0,0,0,0,0.00,0,0,0,0,0,0,Matches
144,145,Emanuel Emegha,nl NED,"FW,MF",Sparta R'dam,18,2003,10.8,23,2.14,14,0,5,2,2,0,2,0.19,1,0,0,1,0,0,Matches
145,146,Mario Engels,de GER,FW,Sparta R'dam,27,1993,12.2,29,2.37,16,1,5,2,5,0,5,0.41,4,0,1,0,0,0,Matches
146,147,Luca Everink,nl NED,DF,Twente,20,2001,1.8,5,2.80,3,1,0,0,0,1,0,0.00,0,0,0,0,0,0,Matches
147,148,Håkon Evjen,no NOR,"FW,MF",AZ Alkmaar,21,2000,10.1,30,2.97,23,1,2,0,2,2,5,0.50,4,0,0,0,1,0,Matches
148,149,Milan van Ewijk,nl NED,DF,Heerenveen,20,2000,32.2,51,1.58,35,6,1,1,6,2,3,0.09,1,0,0,1,1,0,Matches
149,150,Noah Fadiga,sn SEN,DF,Heracles Almelo,21,1999,30.1,40,1.33,27,4,3,2,3,1,1,0.03,0,0,0,1,0,0,Matches
150,151,Leroy Fer,nl NED,MF,Feyenoord,31,1990,0.1,0,0.00,0,0,0,0,0,0,0,0.00,0,0,0,0,0,0,Matches
151,152,Arianit Ferati,de GER,"MF,DF",Fortuna Sittard,23,1997,8.2,16,1.94,10,2,3,0,0,1,1,0.12,1,0,0,0,0,0,Matches
152,153,Leandro Fernandes,nl NED,"FW,MF",Zwolle,21,1999,0.8,2,2.57,2,0,0,0,0,0,0,0.00,0,0,0,0,0,0,Matches
153,154,Zian Flemming,nl NED,"MF,FW",Fortuna Sittard,22,1998,27.7,67,2.42,39,1,11,9,6,1,10,0.36,5,0,1,4,0,0,Matches
154,155,Juriën Gaari,cw CUW,DF,RKC Waalwijk,27,1993,25.8,32,1.24,25,2,2,0,2,1,4,0.16,4,0,0,0,0,0,Matches
155,156,Cody Gakpo,nl NED,FW,PSV Eindhoven,22,1999,21.2,142,6.72,67,34,21,11,9,0,22,1.04,11,8,1,2,0,0,Matches
156,157,Yann Gboho,fr FRA,"MF,FW",Vitesse,20,2001,10.6,42,3.95,30,0,5,2,4,1,2,0.19,1,0,0,0,1,0,Matches
157,158,Lutsharel Geertruida,nl NED,DF,Feyenoord,21,2000,19.1,22,1.15,20,0,0,2,0,0,2,0.10,2,0,0,0,0,0,Matches
158,159,Liam van Gelderen,nl NED,DF,Ajax,20,2001,0.6,3,4.66,2,0,0,1,0,0,0,0.00,0,0,0,0,0,0,Matches
159,160,Tristan van Gilst,nl NED,FW,Zwolle,18,2003,0.2,0,0.00,0,0,0,0,0,0,0,0.00,0,0,0,0,0,0,Matches
160,161,Marco van Ginkel,nl NED,MF,PSV Eindhoven,28,1992,11.0,28,2.54,26,0,0,0,1,1,2,0.18,2,0,0,0,0,0,Matches
161,162,Paul Gladon,nl NED,FW,Fortuna Sittard,29,1992,6.7,18,2.67,11,0,2,0,4,1,4,0.59,1,0,0,0,3,0,Matches
162,163,Hilary Gong,ng NGA,"DF,FW",Vitesse,22,1998,0.7,1,1.45,1,0,0,0,0,0,0,0.00,0,0,0,0,0,0,Matches
163,164,Jay Gorter,nl NED,GK,Ajax,21,2000,1.0,0,0.00,0,0,0,0,0,0,0,0.00,0,0,0,0,0,0,Matches
164,165,Mario Götze,de GER,MF,PSV Eindhoven,29,1992,24.6,109,4.43,96,1,4,5,2,1,10,0.41,9,0,0,1,0,0,Matches
165,166,Kenzo Goudmijn,nl NED,"MF,FW",Sparta R'dam,19,2001,2.1,7,3.35,4,1,0,0,1,1,0,0.00,0,0,0,0,0,0,Matches
166,167,Ryan Gravenberch,nl NED,MF,Ajax,19,2002,24.5,119,4.86,81,15,11,6,2,4,19,0.78,14,3,0,2,0,0,Matches
167,168,Adrian Grbić,at AUT,"FW,MF",Vitesse,24,1996,8.4,14,1.67,11,0,0,2,1,0,1,0.12,1,0,0,0,0,0,Matches
168,169,Gabriel Gudmundsson,se SWE,DF,Groningen,22,1999,2.7,6,2.26,4,0,0,1,1,0,1,0.38,0,0,0,1,0,0,Matches
169,170,Maxim Gullit,nl NED,DF,Cambuur,20,2001,1.3,0,0.00,0,0,0,0,0,0,0,0.00,0,0,0,0,0,0,Matches
170,171,Simon Gustafson,se SWE,"MF,FW",Utrecht,26,1995,15.0,51,3.41,36,10,1,2,1,1,5,0.33,3,1,0,0,1,0,Matches
171,172,Rodrigo Guth,br BRA,DF,NEC Nijmegen,20,2000,18.4,18,0.98,14,0,0,2,0,2,0,0.00,0,0,0,0,0,0,Matches
172,173,Erick Gutiérrez,mx MEX,"MF,DF",PSV Eindhoven,26,1995,19.3,36,1.86,29,1,0,1,0,5,6,0.31,5,0,0,0,0,1,Matches
173,174,Albert Guðmundsson,is ISL,FW,AZ Alkmaar,24,1997,12.1,36,2.97,32,0,1,1,2,0,2,0.16,1,0,0,0,1,0,Matches
174,175,Warner Hahn,sr SUR,GK,Go Ahead Eag,29,1992,19.0,5,0.26,4,1,0,0,0,0,0,0.00,0,0,0,0,0,0,Matches
175,176,Tomáš Hájek,cz CZE,DF,Vitesse,29,1991,10.1,11,1.09,10,0,0,0,0,1,0,0.00,0,0,0,0,0,0,Matches
176,177,Rami Al Hajj,se SWE,"MF,FW",Heerenveen,19,2001,5.2,14,2.69,13,1,0,0,0,0,0,0.00,0,0,0,0,0,0,Matches
177,178,Tibor Halilović,hr CRO,"MF,FW",Heerenveen,26,1995,28.7,68,2.37,51,0,7,3,4,3,5,0.17,4,0,0,1,0,0,Matches
178,179,Denzel Hall,nl NED,DF,Feyenoord,20,2001,0.6,1,1.73,1,0,0,0,0,0,0,0.00,0,0,0,0,0,0,Matches
179,180,Sébastien Haller,ci CIV,FW,Ajax,27,1994,28.5,79,2.77,58,0,1,14,6,0,12,0.42,9,0,0,2,1,0,Matches
180,181,Mohamed El Hankouri,nl NED,"MF,DF",Groningen,24,1997,25.8,52,2.02,39,0,5,1,5,2,7,0.27,7,0,0,0,0,0,Matches
181,182,Emil Hansson,se SWE,"FW,MF",Fortuna Sittard,23,1998,7.2,10,1.39,10,0,0,0,0,0,2,0.28,2,0,0,0,0,0,Matches
182,183,Emil Hansson,se SWE,"MF,FW",Heracles Almelo,23,1998,6.3,22,3.46,15,5,1,0,1,0,4,0.63,4,0,0,0,0,0,Matches
183,184,Ridgeciano Haps,sr SUR,FW,Feyenoord,28,1993,0.2,1,4.74,0,0,0,1,0,0,1,4.74,0,0,0,1,0,0,Matches
184,185,Abdou Harroui,nl NED,MF,Sparta R'dam,23,1998,1.0,0,0.00,0,0,0,0,0,0,0,0.00,0,0,0,0,0,0,Matches
185,186,Pantelis Hatzidiakos,gr GRE,DF,AZ Alkmaar,24,1997,23.4,21,0.90,16,0,0,1,1,3,3,0.13,2,0,0,1,0,0,Matches
186,187,Thom Haye,nl NED,MF,Heerenveen,26,1995,13.6,64,4.70,37,21,2,1,2,1,7,0.51,4,3,0,0,0,0,Matches
187,188,Freek Heerkens,nl NED,"DF,MF",Willem II,31,1989,17.8,13,0.73,9,2,0,2,0,0,1,0.06,0,0,0,1,0,0,Matches
188,189,Ogechika Heil,de GER,"FW,MF",Go Ahead Eag,20,2000,7.9,19,2.41,13,0,1,2,3,0,2,0.25,2,0,0,0,0,0,Matches
189,190,Ramon Hendriks,nl NED,DF,Feyenoord,20,2001,2.7,1,0.37,1,0,0,0,0,0,0,0.00,0,0,0,0,0,0,Matches
190,191,Sam Hendriks,nl NED,"FW,MF",Cambuur,26,1995,1.4,1,0.70,0,0,0,1,0,0,0,0.00,0,0,0,0,0,0,Matches
191,192,Jorrit Hendrix,nl NED,MF,Feyenoord,26,1995,3.5,7,2.00,7,0,0,0,0,0,1,0.29,1,0,0,0,0,0,Matches
192,193,Michaël Heylen,be BEL,DF,Sparta R'dam,27,1994,9.9,7,0.71,5,0,0,0,0,2,1,0.10,1,0,0,0,0,0,Matches
193,194,Mees Hilgers,nl NED,DF,Twente,20,2001,20.2,15,0.74,14,0,0,0,0,1,1,0.05,1,0,0,0,0,0,Matches
194,195,Bart van Hintum,nl NED,DF,Groningen,34,1987,24.4,34,1.39,21,11,1,1,0,0,3,0.12,3,0,0,0,0,0,Matches
195,196,Mees Hoedemakers,nl NED,MF,Cambuur,23,1998,26.3,52,1.98,35,11,2,1,0,3,5,0.19,3,2,0,0,0,0,Matches
196,197,Justin Hoogma,nl NED,"DF,MF",Heracles Almelo,23,1998,8.5,3,0.35,3,0,0,0,0,0,0,0.00,0,0,0,0,0,0,Matches
197,198,Sydney van Hooijdonk,nl NED,FW,Heerenveen,21,2000,11.1,17,1.53,12,0,2,3,0,0,2,0.18,1,0,0,1,0,0,Matches
198,199,Jizz Hornkamp,nl NED,FW,Willem II,23,1998,11.9,17,1.43,12,0,2,3,0,0,0,0.00,0,0,0,0,0,0,Matches
199,200,Jeroen Houwen,nl NED,GK,Vitesse,25,1996,14.5,4,0.28,4,0,0,0,0,0,1,0.07,1,0,0,0,0,0,Matches
200,201,Dean Huiberts,nl NED,MF,Zwolle,21,2000,12.8,22,1.72,15,1,1,0,4,1,1,0.08,0,0,0,0,1,0,Matches
201,202,Daan Huisman,nl NED,"MF,FW",Vitesse,19,2002,9.9,30,3.03,26,0,1,1,1,1,1,0.10,1,0,0,0,0,0,Matches
202,203,Melih Ibrahimoglu,tr TUR,MF,Heracles Almelo,21,2000,0.5,0,0.00,0,0,0,0,0,0,0,0.00,0,0,0,0,0,0,Matches
203,204,Jay Idzes,nl NED,"DF,MF",Go Ahead Eag,21,2000,16.9,10,0.59,6,0,0,2,1,1,0,0.00,0,0,0,0,0,0,Matches
204,205,Luka Ilić,rs SRB,"MF,FW",Twente,22,1999,2.6,10,3.81,9,0,1,0,0,0,0,0.00,0,0,0,0,0,0,Matches
205,206,Daleho Irandust,se SWE,"MF,FW",Groningen,23,1998,10.8,29,2.70,23,2,1,2,0,1,1,0.09,1,0,0,0,0,0,Matches
206,207,Jamie Jacobs,nl NED,MF,Cambuur,23,1997,21.2,51,2.41,44,0,3,1,1,2,9,0.42,8,0,0,1,0,0,Matches
207,208,Alireza Jahanbakhsh,ir IRN,FW,Feyenoord,27,1993,17.3,88,5.09,54,7,10,5,6,6,9,0.52,5,0,0,2,1,1,Matches
208,209,Laurent Jans,lu LUX,"DF,MF",Sparta R'dam,28,1992,8.6,19,2.20,14,0,1,1,3,0,4,0.46,2,0,1,0,1,0,Matches
209,210,Roel Janssen,nl NED,DF,Fortuna Sittard,31,1990,14.4,8,0.55,6,0,0,0,0,2,2,0.14,2,0,0,0,0,0,Matches
210,211,Willem Janssen,nl NED,DF,Utrecht,35,1986,21.5,20,0.93,16,0,0,1,1,2,0,0.00,0,0,0,0,0,0,Matches
211,212,Victor Jensen,dk DEN,MF,Ajax,21,2000,0.2,0,0.00,0,0,0,0,0,0,0,0.00,0,0,0,0,0,0,Matches
212,213,Ryan Johansson,ie IRL,"MF,DF",Fortuna Sittard,20,2001,2.3,3,1.29,2,0,0,0,0,1,0,0.00,0,0,0,0,0,0,Matches
213,214,Miliano Jonathans,nl NED,FW,Vitesse,17,2004,0.1,0,0.00,0,0,0,0,0,0,0,0.00,0,0,0,0,0,0,Matches
214,215,Siem de Jong,nl NED,"FW,MF",Heerenveen,32,1989,15.4,36,2.34,31,0,2,0,2,1,2,0.13,2,0,0,0,0,0,Matches
215,216,Patrick Joosten,nl NED,FW,Cambuur,25,1996,10.7,24,2.24,19,0,2,0,2,1,4,0.37,4,0,0,0,0,0,Matches
216,217,Patrick Joosten,nl NED,"MF,FW",Groningen,25,1996,3.7,8,2.16,4,3,1,0,0,0,1,0.27,1,0,0,0,0,0,Matches
217,218,Mauro Júnior,br BRA,DF,PSV Eindhoven,22,1999,23.5,76,3.23,57,9,5,3,2,0,8,0.34,7,1,0,0,0,0,Matches
218,219,Daniël van Kaam,nl NED,"MF,DF",Groningen,21,2000,5.5,6,1.10,6,0,0,0,0,0,1,0.18,1,0,0,0,0,0,Matches
219,220,Elton Kabangu,cd COD,FW,Willem II,23,1998,10.5,13,1.23,7,0,2,3,1,0,1,0.09,0,0,1,0,0,0,Matches
220,221,Rami Kaib,tn TUN,DF,Heerenveen,24,1997,20.6,32,1.55,27,2,1,1,0,1,2,0.10,2,0,0,0,0,0,Matches
221,222,Yahya Kalley,se SWE,"DF,MF",Groningen,20,2001,1.9,3,1.54,2,1,0,0,0,0,0,0.00,0,0,0,0,0,0,Matches
222,223,Issa Kallon,sl SLE,"FW,MF",Cambuur,25,1996,29.7,82,2.76,61,1,5,6,8,1,16,0.54,9,0,1,2,3,1,Matches
223,224,Anargyros Kampetsis,gr GRE,"FW,MF",Willem II,22,1999,3.6,8,2.24,7,0,1,0,0,0,2,0.56,2,0,0,0,0,0,Matches
224,225,Joeri de Kamps,nl NED,MF,Sparta R'dam,29,1992,13.1,17,1.30,11,0,0,0,2,4,1,0.08,1,0,0,0,0,0,Matches
225,226,Jesper Karlsson,se SWE,FW,AZ Alkmaar,23,1998,32.3,137,4.25,90,23,9,9,4,2,23,0.71,15,4,3,1,0,0,Matches
226,227,Souffian El Karouani,ma MAR,DF,NEC Nijmegen,20,2000,28.4,57,2.00,37,7,3,4,3,3,2,0.07,2,0,0,0,0,0,Matches
227,228,Neraysho Kasanwirjo,nl NED,"DF,MF",Groningen,19,2002,30.3,41,1.35,24,5,3,1,1,7,5,0.16,1,0,1,0,1,2,Matches
228,229,Gervane Kastaneer,cw CUW,"FW,MF",Zwolle,25,1996,17.3,34,1.97,22,0,8,1,2,1,1,0.06,1,0,0,0,0,0,Matches
229,230,Fabian de Keijzer,nl NED,GK,Utrecht,21,2000,13.5,1,0.07,1,0,0,0,0,0,0,0.00,0,0,0,0,0,0,Matches
230,231,Gyrano Kerk,nl NED,FW,Utrecht,25,1995,2.0,8,4.00,3,0,3,2,0,0,1,0.50,0,0,0,1,0,0,Matches
231,232,Sam Kersten,nl NED,DF,Zwolle,23,1998,12.7,10,0.79,7,0,0,0,0,3,0,0.00,0,0,0,0,0,0,Matches
232,233,Abdenasser El Khayati,nl NED,"MF,FW",Willem II,32,1989,0.6,0,0.00,0,0,0,0,0,0,0,0.00,0,0,0,0,0,0,Matches
233,234,Orestis Kiomourtzoglou,de GER,MF,Heracles Almelo,23,1998,20.9,37,1.77,24,1,1,5,4,2,0,0.00,0,0,0,0,0,0,Matches
234,235,Tamás Kiss,hu HUN,"MF,FW",Cambuur,20,2000,3.0,9,3.01,8,0,1,0,0,0,1,0.33,1,0,0,0,0,0,Matches
235,236,Davy Klaassen,nl NED,MF,Ajax,28,1993,20.0,42,2.10,36,0,1,3,1,1,6,0.30,4,0,0,0,1,1,Matches
236,237,Ruben Kluivert,nl NED,DF,Utrecht,20,2001,0.0,1,90.00,0,0,0,1,0,0,0,0.00,0,0,0,0,0,0,Matches
237,238,Mats Knoester,nl NED,DF,Heracles Almelo,22,1998,29.6,40,1.35,37,0,0,0,0,3,1,0.03,1,0,0,0,0,0,Matches
238,239,Mats Köhlert,de GER,"FW,DF",Willem II,23,1998,27.5,73,2.65,44,12,7,1,5,4,2,0.07,2,0,0,0,0,0,Matches
239,240,Derrick Köhn,de GER,DF,Willem II,22,1999,28.1,46,1.64,32,2,4,3,4,1,4,0.14,2,0,0,1,1,0,Matches
240,241,Orkun Kökçü,tr TUR,MF,Feyenoord,20,2000,29.2,204,7.00,118,60,10,9,6,1,22,0.75,12,5,3,1,1,0,Matches
241,242,Rodney Kongolo,nl NED,MF,Heerenveen,23,1998,6.9,9,1.31,7,0,0,1,0,1,2,0.29,1,0,0,0,0,1,Matches
242,243,Ryan Koolwijk,sr SUR,MF,Zwolle,35,1985,1.9,4,2.05,2,0,0,0,0,2,0,0.00,0,0,0,0,0,0,Matches
243,244,Peer Koopmeiners,nl NED,MF,AZ Alkmaar,21,2000,0.8,0,0.00,0,0,0,0,0,0,0,0.00,0,0,0,0,0,0,Matches
244,245,Teun Koopmeiners,nl NED,MF,AZ Alkmaar,23,1998,1.3,7,5.21,1,6,0,0,0,0,0,0.00,0,0,0,0,0,0,Matches
245,246,Joris Kramer,nl NED,DF,Go Ahead Eag,24,1996,24.4,18,0.74,15,0,0,2,0,1,1,0.04,0,0,0,1,0,0,Matches
246,247,Michiel Kramer,nl NED,FW,RKC Waalwijk,32,1988,25.2,39,1.55,34,0,0,3,2,0,3,0.12,3,0,0,0,0,0,Matches
247,248,Filip Krastev,bg BUL,MF,Cambuur,19,2001,0.4,0,0.00,0,0,0,0,0,0,0,0.00,0,0,0,0,0,0,Matches
248,249,Roy Kuijpers,nl NED,"FW,MF",RKC Waalwijk,21,2000,2.4,5,2.05,5,0,0,0,0,0,1,0.41,1,0,0,0,0,0,Matches
249,250,Bas Kuipers,nl NED,DF,Go Ahead Eag,26,1994,28.0,57,2.04,37,11,2,0,4,3,7,0.25,5,1,0,0,1,0,Matches
250,251,Luca de la Torre,us USA,MF,Heracles Almelo,23,1998,30.8,90,2.92,67,0,5,5,6,7,4,0.13,3,0,0,0,0,1,Matches
251,252,Zakaria Labyad,ma MAR,MF,Ajax,28,1993,0.3,1,3.33,1,0,0,0,0,0,1,3.33,1,0,0,0,0,0,Matches
252,253,Samir Lagsir,nl NED,"FW,MF",Zwolle,18,2003,1.0,4,3.87,3,0,0,1,0,0,1,0.97,1,0,0,0,0,0,Matches
253,254,Toshio Lake,nl NED,MF,Fortuna Sittard,20,2001,2.7,,,,,,,,,,,,,,,,,Matches
254,255,Kostas Lamprou,gr GRE,GK,Zwolle,29,1991,34.0,6,0.18,4,2,0,0,0,0,0,0.00,0,0,0,0,0,0,Matches
255,256,Chardi Landu,nl NED,"FW,MF",Zwolle,21,2000,5.0,11,2.20,8,0,1,0,1,1,0,0.00,0,0,0,0,0,0,Matches
256,257,Nikolai Laursen,dk DEN,"FW,MF",Heracles Almelo,23,1998,20.6,47,2.29,29,6,3,5,3,1,1,0.05,0,0,0,1,0,0,Matches
257,258,Richy Ledezma,us USA,"MF,FW",PSV Eindhoven,20,2000,0.4,3,7.11,2,0,0,1,0,0,0,0.00,0,0,0,0,0,0,Matches
258,259,Benjamin van Leer,nl NED,GK,Sparta R'dam,29,1992,1.7,0,0.00,0,0,0,0,0,0,0,0.00,0,0,0,0,0,0,Matches
259,260,Michael de Leeuw,nl NED,"FW,MF",Groningen,34,1986,22.6,33,1.46,25,1,0,2,5,0,1,0.04,0,0,0,0,1,0,Matches
260,261,Peter Leeuwenburgh,nl NED,GK,Groningen,27,1994,34.0,11,0.32,7,3,0,0,0,1,0,0.00,0,0,0,0,0,0,Matches
261,262,Mateo Leš,hr CRO,DF,Heracles Almelo,21,2000,0.5,3,6.14,2,0,0,1,0,0,2,4.09,1,0,0,1,0,0,Matches
262,263,Timo Letschert,nl NED,DF,AZ Alkmaar,28,1993,3.2,6,1.88,5,0,0,0,0,1,1,0.31,0,0,0,0,0,1,Matches
263,264,Isac Lidberg,se SWE,FW,Go Ahead Eag,22,1998,22.0,44,2.01,28,0,4,3,7,2,5,0.23,1,0,0,2,2,0,Matches
264,265,Dimitris Limnios,gr GRE,FW,Twente,23,1998,24.2,62,2.56,41,9,2,2,7,1,6,0.25,5,0,0,1,0,0,Matches
265,266,Bryan Linssen,nl NED,FW,Feyenoord,30,1990,24.0,57,2.38,34,7,2,8,2,4,13,0.54,6,1,2,3,0,1,Matches
266,267,Evert Linthorst,nl NED,MF,Go Ahead Eag,21,2000,0.5,0,0.00,0,0,0,0,0,0,0,0.00,0,0,0,0,0,0,Matches
267,268,Pol Llonch,es ESP,MF,Willem II,28,1992,21.1,42,1.99,32,0,2,0,3,5,2,0.09,2,0,0,0,0,0,Matches
268,269,Nigel Lonwijk,nl NED,DF,Fortuna Sittard,18,2002,9.9,7,0.70,6,0,0,1,0,0,1,0.10,1,0,0,0,0,0,Matches
269,270,Boyd Lucassen,nl NED,"DF,MF",Go Ahead Eag,23,1998,23.5,36,1.53,24,3,1,3,3,2,0,0.00,0,0,0,0,0,0,Matches
270,271,Kilian Ludewig,de GER,"FW,DF",Willem II,21,2000,0.6,1,1.55,1,0,0,0,0,0,0,0.00,0,0,0,0,0,0,Matches
271,272,Kasper Lunding,dk DEN,MF,Heracles Almelo,22,1999,1.8,3,1.65,3,0,0,0,0,0,0,0.00,0,0,0,0,0,0,Matches
272,273,Ramon Lundqvist,se SWE,FW,Groningen,24,1997,0.1,2,22.50,0,0,1,0,1,0,0,0.00,0,0,0,0,0,0,Matches
273,274,Thierry Lutonda,be BEL,DF,RKC Waalwijk,20,2000,4.2,3,0.72,3,0,0,0,0,0,0,0.00,0,0,0,0,0,0,Matches
274,275,Issam El Maach,ma MAR,GK,RKC Waalwijk,21,2000,1.0,1,1.00,1,0,0,0,0,0,1,1.00,1,0,0,0,0,0,Matches
275,276,Calvin Mac-Intosch,sr SUR,DF,Cambuur,31,1989,27.7,22,0.80,17,0,0,0,2,3,1,0.04,0,0,0,0,1,0,Matches
276,277,Eros Maddy,nl NED,FW,Utrecht,20,2001,0.1,1,18.00,1,0,0,0,0,0,0,0.00,0,0,0,0,0,0,Matches
277,278,Achraf Madi,nl NED,DF,Sparta R'dam,19,2002,0.0,0,0.00,0,0,0,0,0,0,0,0.00,0,0,0,0,0,0,Matches
278,279,Nicolas Madsen,dk DEN,MF,Heerenveen,21,2000,18.6,32,1.72,28,0,2,1,1,0,2,0.11,2,0,0,0,0,0,Matches
279,280,Chukwunonso Madueke,eng ENG,FW,PSV Eindhoven,19,2002,9.1,32,3.50,20,0,9,3,0,0,8,0.88,4,0,3,1,0,0,Matches
280,281,Naoki Maeda,jp JPN,MF,Utrecht,26,1994,0.1,0,0.00,0,0,0,0,0,0,0,0.00,0,0,0,0,0,0,Matches
281,282,Adam Maher,nl NED,MF,Utrecht,28,1993,30.6,107,3.50,44,58,0,1,1,3,8,0.26,4,4,0,0,0,0,Matches
282,283,Mimoun Mahi,ma MAR,"FW,MF",Utrecht,27,1994,9.7,31,3.21,19,3,4,3,2,0,6,0.62,4,0,0,2,0,0,Matches
283,284,Tyrell Malacia,nl NED,DF,Feyenoord,21,1999,31.5,92,2.92,77,4,5,3,3,0,4,0.13,3,0,0,1,0,0,Matches
284,285,Mohamed Mallahi,nl NED,"FW,DF",Utrecht,21,2000,0.5,6,10.80,6,0,0,0,0,0,0,0.00,0,0,0,0,0,0,Matches
285,286,Million Manhoef,nl NED,"DF,FW",Vitesse,19,2002,8.4,20,2.37,15,1,1,3,0,0,3,0.36,2,0,1,0,0,0,Matches
286,287,Ofir Marciano,il ISR,GK,Feyenoord,31,1989,12.0,2,0.17,1,1,0,0,0,0,0,0.00,0,0,0,0,0,0,Matches
287,288,Iván Márquez,es ESP,DF,NEC Nijmegen,27,1994,29.0,19,0.66,12,2,0,2,1,2,2,0.07,1,1,0,0,0,0,Matches
288,289,Cuco Martina,cw CUW,DF,Go Ahead Eag,31,1989,8.4,8,0.95,4,2,0,1,0,1,1,0.12,0,1,0,0,0,0,Matches
289,290,Lisandro Martínez,ar ARG,DF,Ajax,23,1998,21.2,34,1.61,27,0,0,7,0,0,4,0.19,1,0,0,3,0,0,Matches
290,291,Bruno Martins Indi,nl NED,DF,AZ Alkmaar,29,1992,30.8,27,0.88,22,1,0,4,0,0,5,0.16,2,0,0,3,0,0,Matches
291,292,Giannis Masouras,gr GRE,"DF,MF",Sparta R'dam,24,1996,9.3,14,1.50,9,3,1,1,0,0,1,0.11,1,0,0,0,0,0,Matches
292,293,Magnus Mattsson,dk DEN,"FW,MF",NEC Nijmegen,22,1999,19.3,47,2.43,31,0,9,2,3,2,4,0.21,2,0,0,0,1,1,Matches
293,294,Azor Matusiwa,nl NED,MF,Groningen,23,1998,3.0,10,3.33,7,0,0,0,2,1,2,0.67,2,0,0,0,0,0,Matches
294,295,Emmanuel Matuta,be BEL,"MF,FW",Groningen,19,2002,1.1,2,1.86,1,0,1,0,0,0,0,0.00,0,0,0,0,0,0,Matches
295,296,Robin Maulun,fr FRA,MF,Cambuur,24,1996,29.5,80,2.71,49,23,2,5,0,1,10,0.34,5,4,0,1,0,0,Matches
296,297,Philipp Max,de GER,DF,PSV Eindhoven,27,1993,20.0,57,2.86,43,6,2,4,1,1,8,0.40,7,0,0,1,0,0,Matches
297,298,Noussair Mazraoui,ma MAR,DF,Ajax,23,1997,21.7,81,3.73,71,1,2,3,1,3,4,0.18,3,0,0,1,0,0,Matches
298,299,Elikia Mbinga,nl NED,"MF,FW",Zwolle,20,2001,1.2,1,0.81,1,0,0,0,0,0,0,0.00,0,0,0,0,0,0,Matches
299,300,Jason Meerstadt,nl NED,MF,Sparta R'dam,20,2001,0.2,0,0.00,0,0,0,0,0,0,0,0.00,0,0,0,0,0,0,Matches
300,301,Ringo Meerveld,nl NED,MF,Willem II,20,2000,6.0,16,2.68,14,1,0,0,0,1,3,0.50,3,0,0,0,0,0,Matches
301,302,Bjorn Meijer,nl NED,"DF,MF",Groningen,18,2003,17.6,34,1.93,28,2,0,1,2,1,4,0.23,4,0,0,0,0,0,Matches
302,303,Aaron Meijers,nl NED,DF,Sparta R'dam,33,1987,8.2,16,1.95,13,1,0,0,1,1,3,0.37,3,0,0,0,0,0,Matches
303,304,Rick Meijssen,nl NED,DF,Utrecht,19,2002,0.1,0,0.00,0,0,0,0,0,0,0,0.00,0,0,0,0,0,0,Matches
304,305,Queensy Menig,nl NED,FW,Twente,25,1995,3.0,9,3.00,6,0,1,2,0,0,1,0.33,0,0,0,1,0,0,Matches
305,306,Ahmed El Messaoudi,ma MAR,"FW,MF",Groningen,25,1995,1.9,4,2.13,3,0,0,1,0,0,0,0.00,0,0,0,0,0,0,Matches
306,307,Melle Meulensteen,nl NED,DF,RKC Waalwijk,22,1999,32.0,28,0.87,25,0,0,2,0,1,0,0.00,0,0,0,0,0,0,Matches
307,308,Nikolaos Michelis,gr GRE,DF,Willem II,20,2001,7.2,3,0.42,3,0,0,0,0,0,0,0.00,0,0,0,0,0,0,Matches
308,309,Fredrik Midtsjø,no NOR,MF,AZ Alkmaar,27,1993,25.5,76,2.98,53,13,4,1,1,4,6,0.24,6,0,0,0,0,0,Matches
309,310,Sven Mijnans,nl NED,"MF,FW",Sparta R'dam,21,2000,21.0,59,2.81,41,6,5,2,3,2,6,0.29,4,2,0,0,0,0,Matches
310,311,Virgil Misidjan,nl NED,FW,Twente,28,1993,12.6,54,4.27,30,2,10,5,7,0,7,0.55,3,0,2,1,1,0,Matches
311,312,Kudus Mohammed,gh GHA,MF,Ajax,20,2000,4.7,18,3.87,10,0,3,4,0,1,2,0.43,1,0,0,1,0,0,Matches
312,313,Sylian Mokono,nl NED,DF,Utrecht,22,1999,0.2,2,9.47,1,0,0,1,0,0,2,9.47,1,0,0,1,0,0,Matches
313,314,Julian von Moos,ch SUI,"FW,DF",Vitesse,20,2001,1.3,5,3.81,3,1,0,0,0,1,2,1.53,1,0,0,0,0,1,Matches
314,315,Alex Mortensen,se SWE,FW,Groningen,19,2002,0.1,0,0.00,0,0,0,0,0,0,0,0.00,0,0,0,0,0,0,Matches
315,316,Xavier Mous,nl NED,GK,Heerenveen,25,1995,15.5,5,0.32,4,1,0,0,0,0,0,0.00,0,0,0,0,0,0,Matches
316,317,Erwin Mulder,nl NED,GK,Heerenveen,32,1989,18.5,3,0.16,3,0,0,0,0,0,1,0.05,1,0,0,0,0,0,Matches
317,318,Hans Mulder,nl NED,"MF,DF",RKC Waalwijk,34,1987,1.1,1,0.87,0,1,0,0,0,0,0,0.00,0,0,0,0,0,0,Matches
318,319,Jacob Mulenga,zm ZAM,"FW,MF",Go Ahead Eag,37,1984,2.2,1,0.46,1,0,0,0,0,0,0,0.00,0,0,0,0,0,0,Matches
319,320,Jeremy van Mullem,nl NED,MF,Sparta R'dam,22,1999,6.4,4,0.62,3,0,0,0,0,1,0,0.00,0,0,0,0,0,0,Matches
320,321,Anthony Musaba,nl NED,"FW,MF",Heerenveen,20,2000,14.6,40,2.74,18,0,12,7,2,1,1,0.07,1,0,0,0,0,0,Matches
321,322,Richie Musaba,nl NED,"MF,FW",Fortuna Sittard,20,2000,2.4,2,0.82,2,0,0,0,0,0,0,0.00,0,0,0,0,0,0,Matches
322,323,Yvon Mvogo,ch SUI,GK,PSV Eindhoven,27,1994,8.0,1,0.12,1,0,0,0,0,0,0,0.00,0,0,0,0,0,0,Matches
323,324,Phillipp Mwene,at AUT,DF,PSV Eindhoven,27,1994,15.7,38,2.42,28,5,1,0,4,0,4,0.26,3,0,0,0,1,0,Matches
324,325,Yuta Nakayama,jp JPN,DF,Zwolle,24,1997,28.9,46,1.59,38,0,3,2,1,2,3,0.10,2,0,1,0,0,0,Matches
325,326,Younes Namli,dk DEN,MF,Sparta R'dam,27,1994,9.6,33,3.45,24,6,2,0,1,0,5,0.52,4,0,0,0,1,0,Matches
326,327,Gerrit Nauber,de GER,DF,Go Ahead Eag,29,1992,24.8,16,0.65,9,0,0,3,1,3,2,0.08,1,0,0,0,1,0,Matches
327,328,Miquel Nelom,nl NED,DF,Willem II,30,1990,0.9,0,0.00,0,0,0,0,0,0,0,0.00,0,0,0,0,0,0,Matches
328,329,Reiss Nelson,eng ENG,FW,Feyenoord,21,1999,10.1,48,4.74,36,0,6,3,1,2,3,0.30,3,0,0,0,0,0,Matches
329,330,David Neres,br BRA,FW,Ajax,24,1997,5.3,21,4.00,20,0,0,0,1,0,4,0.76,4,0,0,0,0,0,Matches
330,331,Cyril Ngonge,be BEL,"FW,MF",Groningen,21,2000,18.5,32,1.73,18,0,5,2,6,1,3,0.16,3,0,0,0,0,0,Matches
331,332,Lars Nieuwpoort,nl NED,DF,RKC Waalwijk,26,1994,2.0,0,0.00,0,0,0,0,0,0,0,0.00,0,0,0,0,0,0,Matches
332,333,Andries Noppert,nl NED,GK,Go Ahead Eag,27,1994,15.0,2,0.13,1,1,0,0,0,0,0,0.00,0,0,0,0,0,0,Matches
333,334,Tijjani Noslin,nl NED,"FW,MF",Fortuna Sittard,22,1999,9.1,21,2.32,15,0,2,2,2,0,1,0.11,1,0,0,0,0,0,Matches
334,335,Ché Nunnely,nl NED,FW,Willem II,22,1999,27.2,63,2.32,43,1,9,2,6,2,7,0.26,4,0,1,2,0,0,Matches
335,336,Djenahro Nunumete,nl NED,DF,Heerenveen,19,2002,0.3,1,3.00,1,0,0,0,0,0,0,0.00,0,0,0,0,0,0,Matches
336,337,Benjamin Nygren,se SWE,"FW,MF",Heerenveen,20,2001,5.3,18,3.40,12,0,0,3,0,3,2,0.38,2,0,0,0,0,0,Matches
337,338,Armando Obispo,nl NED,DF,PSV Eindhoven,22,1999,11.8,5,0.43,5,0,0,0,0,0,1,0.09,1,0,0,0,0,0,Matches
338,339,Cas Odenthal,nl NED,DF,NEC Nijmegen,20,2000,27.9,17,0.61,15,0,0,1,1,0,3,0.11,2,0,0,0,1,0,Matches
339,340,Jens Odgaard,dk DEN,"FW,MF",RKC Waalwijk,22,1999,27.4,80,2.92,46,1,12,12,8,1,8,0.29,8,0,0,0,0,0,Matches
340,341,Eric Oelschlägel,de GER,GK,Utrecht,25,1995,3.5,0,0.00,0,0,0,0,0,0,0,0.00,0,0,0,0,0,0,Matches
341,342,Jonathan Okita,cd COD,"FW,MF",NEC Nijmegen,25,1995,25.7,73,2.84,51,0,10,9,3,0,12,0.47,10,0,0,2,0,0,Matches
342,343,Maduka Okoye,ng NGA,GK,Sparta R'dam,21,1999,29.3,7,0.24,3,4,0,0,0,0,0,0.00,0,0,0,0,0,0,Matches
343,344,Kwasi Okyere Wriedt,gh GHA,FW,Willem II,27,1994,13.3,19,1.43,9,0,3,3,4,0,1,0.08,1,0,0,0,0,0,Matches
344,345,Elias Olsson,se SWE,DF,Groningen,18,2003,0.0,0,0.00,0,0,0,0,0,0,0,0.00,0,0,0,0,0,0,Matches
345,346,André Onana,cm CMR,GK,Ajax,25,1996,6.0,0,0.00,0,0,0,0,0,0,0,0.00,0,0,0,0,0,0,Matches
346,347,Jayden Oosterwolde,nl NED,DF,Twente,20,2001,10.0,13,1.30,10,1,0,0,1,1,1,0.10,0,0,0,0,1,0,Matches
347,348,Thijs Oosting,nl NED,"DF,FW",AZ Alkmaar,21,2000,1.5,1,0.68,1,0,0,0,0,0,0,0.00,0,0,0,0,0,0,Matches
348,349,Thijs Oosting,nl NED,MF,Willem II,21,2000,3.0,3,1.00,3,0,0,0,0,0,0,0.00,0,0,0,0,0,0,Matches
349,350,Loïs Openda,be BEL,FW,Vitesse,21,2000,29.4,102,3.47,57,0,17,9,18,1,6,0.20,2,0,2,1,1,0,Matches
350,351,Fredrik Oppegard,no NOR,DF,PSV Eindhoven,18,2002,0.2,0,0.00,0,0,0,0,0,0,0,0.00,0,0,0,0,0,0,Matches
351,352,Ragnar Oratmangoen,nl NED,"MF,FW",Go Ahead Eag,23,1998,29.2,67,2.29,59,0,6,2,0,0,5,0.17,4,0,0,1,0,0,Matches
352,353,Alois Oroz,hr CRO,"DF,MF",Vitesse,20,2000,9.0,7,0.77,6,1,0,0,0,0,0,0.00,0,0,0,0,0,0,Matches
353,354,Yanick van Osch,nl NED,GK,Fortuna Sittard,24,1997,32.0,10,0.31,4,5,0,0,0,1,1,0.03,0,1,0,0,0,0,Matches
354,355,Mohammed Osman,sy SYR,MF,Sparta R'dam,27,1994,7.5,22,2.92,12,4,3,0,3,0,1,0.13,1,0,0,0,0,0,Matches
355,356,Anas Ouahim,de GER,"MF,FW",Heracles Almelo,23,1997,7.7,23,3.00,14,0,3,3,3,0,4,0.52,3,0,1,0,0,0,Matches
356,357,Yassin Oukili,nl NED,MF,RKC Waalwijk,20,2001,10.0,18,1.79,13,0,1,2,1,1,2,0.20,2,0,0,0,0,0,Matches
357,358,Sékou Oumar Sylla,gn GUI,DF,Cambuur,22,1999,4.2,7,1.68,5,1,0,0,1,0,0,0.00,0,0,0,0,0,0,Matches
358,359,Joris van Overeem,nl NED,MF,Utrecht,27,1994,11.7,42,3.59,40,1,0,1,0,0,4,0.34,3,1,0,0,0,0,Matches
359,360,Gaultiér Overman,nl NED,"MF,DF",Sparta R'dam,20,2000,0.5,0,0.00,0,0,0,0,0,0,0,0.00,0,0,0,0,0,0,Matches
360,361,Leeroy Owusu,nl NED,DF,Willem II,24,1996,30.6,70,2.29,55,4,4,5,2,0,6,0.20,6,0,0,0,0,0,Matches
361,362,Kenneth Paal,sr SUR,"DF,MF",Zwolle,24,1997,18.2,73,4.00,51,13,2,3,2,2,2,0.11,2,0,0,0,0,0,Matches
362,363,Mark Pabai,lr LBR,DF,Zwolle,20,2000,7.6,15,1.98,11,2,1,0,1,0,3,0.40,3,0,0,0,0,0,Matches
363,364,Maarten Paes,nl NED,GK,Utrecht,23,1998,17.0,1,0.06,0,1,0,0,0,0,0,0.00,0,0,0,0,0,0,Matches
364,365,Jelte Pal,nl NED,FW,Willem II,18,2002,0.1,2,36.00,0,0,1,1,0,0,0,0.00,0,0,0,0,0,0,Matches
365,366,Remko Pasveer,nl NED,GK,Ajax,37,1983,20.0,1,0.05,1,0,0,0,0,0,0,0.00,0,0,0,0,0,0,Matches
366,367,Mitchell Paulissen,nl NED,"MF,FW",Cambuur,28,1993,15.4,32,2.08,25,4,0,0,3,0,4,0.26,3,0,0,0,1,0,Matches
367,368,Vangelis Pavlidis,gr GRE,FW,AZ Alkmaar,22,1998,27.7,65,2.35,48,0,9,4,4,0,6,0.22,4,0,1,0,1,0,Matches
368,369,Marcus Pedersen,no NOR,DF,Feyenoord,21,2000,22.0,52,2.36,47,0,3,0,1,1,6,0.27,4,0,2,0,0,0,Matches
369,370,Pedro,es ESP,FW,NEC Nijmegen,21,2000,0.8,2,2.47,1,0,1,0,0,0,0,0.00,0,0,0,0,0,0,Matches
370,371,Kik Pierie,nl NED,"DF,MF",Twente,21,2000,0.2,0,0.00,0,0,0,0,0,0,0,0.00,0,0,0,0,0,0,Matches
371,372,Ivo Pinto,pt POR,DF,Fortuna Sittard,31,1990,16.6,9,0.54,5,1,0,0,2,1,1,0.06,1,0,0,0,0,0,Matches
372,373,Michael Pinto,lu LUX,DF,Sparta R'dam,28,1993,17.1,32,1.87,28,0,1,0,3,0,4,0.23,3,0,1,0,0,0,Matches
373,374,Julio Pleguezuelo,es ESP,DF,Twente,24,1997,14.8,15,1.01,9,0,2,1,0,3,2,0.13,2,0,0,0,0,0,Matches
374,375,Ernest Poku,nl NED,"FW,MF",AZ Alkmaar,17,2004,0.5,3,5.87,3,0,0,0,0,0,1,1.96,1,0,0,0,0,0,Matches
375,376,Bram van Polen,nl NED,DF,Zwolle,35,1985,29.4,37,1.26,31,0,0,2,0,4,2,0.07,1,0,0,0,0,1,Matches
376,377,Robin Polley,gh GHA,FW,Heracles Almelo,22,1998,0.1,0,0.00,0,0,0,0,0,0,0,0.00,0,0,0,0,0,0,Matches
377,378,Romano Postema,nl NED,"FW,MF",Groningen,19,2002,7.9,15,1.90,9,0,0,4,2,0,1,0.13,1,0,0,0,0,0,Matches
378,379,Dirk Proper,nl NED,MF,NEC Nijmegen,19,2002,15.1,30,1.99,22,0,1,3,0,4,2,0.13,1,0,0,1,0,0,Matches
379,380,Davy Pröpper,nl NED,MF,PSV Eindhoven,29,1991,3.2,6,1.84,6,0,0,0,0,0,3,0.92,3,0,0,0,0,0,Matches
380,381,Robin Pröpper,nl NED,DF,Twente,27,1993,31.7,31,0.98,24,1,1,2,1,2,6,0.19,4,0,1,0,1,0,Matches
381,382,Giacomo Quagliata,it ITA,DF,Heracles Almelo,21,2000,28.3,64,2.26,48,6,5,3,0,2,2,0.07,2,0,0,0,0,0,Matches
382,383,André Ramalho,br BRA,DF,PSV Eindhoven,29,1992,18.8,20,1.06,19,0,0,1,0,0,4,0.21,3,0,0,1,0,0,Matches
383,384,Bart Ramselaar,nl NED,"MF,FW",Utrecht,25,1996,22.2,57,2.57,46,0,4,6,1,0,6,0.27,4,0,0,1,1,0,Matches
384,385,Jan Ras,nl NED,MF,Heerenveen,22,1999,0.0,0,0.00,0,0,0,0,0,0,0,0.00,0,0,0,0,0,0,Matches
385,386,Jacob Rasmussen,dk DEN,DF,Vitesse,24,1997,24.3,35,1.44,30,0,0,3,1,1,4,0.16,2,0,0,1,1,0,Matches
386,387,Daishawn Redan,nl NED,"FW,MF",Zwolle,20,2001,22.7,48,2.12,36,0,2,3,7,0,6,0.26,4,0,1,0,1,0,Matches
387,388,Youri Regeer,nl NED,DF,Ajax,17,2003,1.7,2,1.18,2,0,0,0,0,0,0,0.00,0,0,0,0,0,0,Matches
388,389,Gyan de Regt,nl NED,DF,Vitesse,18,2002,0.4,1,2.50,0,0,0,0,0,1,0,0.00,0,0,0,0,0,0,Matches
389,390,Eliano Reijnders,nl NED,"DF,MF",Zwolle,20,2000,14.1,35,2.49,28,2,1,2,1,1,2,0.14,1,0,0,1,0,0,Matches
390,391,Tijjani Reijnders,nl NED,MF,AZ Alkmaar,23,1998,14.5,55,3.79,43,0,8,2,2,0,7,0.48,5,0,2,0,0,0,Matches
391,392,Devyne Rensch,nl NED,DF,Ajax,18,2003,8.9,17,1.91,16,0,0,0,1,0,2,0.23,1,0,0,0,1,0,Matches
392,393,Marco Rente,de GER,DF,Heracles Almelo,24,1997,25.7,26,1.01,17,0,0,3,1,5,4,0.16,2,0,0,0,1,1,Matches
393,394,Ben Rienstra,nl NED,MF,Fortuna Sittard,31,1990,23.9,41,1.72,32,1,1,4,1,2,3,0.13,2,0,0,1,0,0,Matches
394,395,Thomas Rier,nl NED,"DF,FW",Cambuur,21,2000,0.2,0,0.00,0,0,0,0,0,0,0,0.00,0,0,0,0,0,0,Matches
395,396,Mees Rijks,nl NED,MF,Utrecht,18,2003,0.1,0,0.00,0,0,0,0,0,0,0,0.00,0,0,0,0,0,0,Matches
396,397,Rocco Robert Shein,ee EST,MF,Utrecht,18,2003,0.6,1,1.55,1,0,0,0,0,0,0,0.00,0,0,0,0,0,0,Matches
397,398,Godfried Roemeratoe,nl NED,"MF,DF",Willem II,21,1999,7.8,7,0.90,7,0,0,0,0,0,0,0.00,0,0,0,0,0,0,Matches
398,399,Ole Romeny,nl NED,FW,NEC Nijmegen,21,2000,1.9,4,2.13,3,0,0,0,1,0,0,0.00,0,0,0,0,0,0,Matches
399,400,Maximiliano Romero,ar ARG,FW,PSV Eindhoven,22,1999,1.9,4,2.17,3,0,0,1,0,0,2,1.08,2,0,0,0,0,0,Matches
400,401,Philippe Rommens,be BEL,MF,Go Ahead Eag,23,1997,30.0,87,2.90,46,36,0,1,2,2,9,0.30,5,4,0,0,0,0,Matches
401,402,Bart van Rooij,nl NED,"DF,MF",NEC Nijmegen,20,2001,33.0,60,1.82,48,1,0,3,4,4,5,0.15,3,0,0,2,0,0,Matches
402,403,Ruben Roosken,nl NED,DF,Heracles Almelo,21,2000,5.4,7,1.29,5,0,0,1,0,1,2,0.37,1,0,0,1,0,0,Matches
403,404,Frank Ross,sct SCO,"MF,FW",Go Ahead Eag,23,1998,0.8,1,1.22,0,1,0,0,0,0,0,0.00,0,0,0,0,0,0,Matches
404,405,Llazaros Rota,gr GRE,DF,Fortuna Sittard,23,1997,2.0,1,0.50,1,0,0,0,0,0,0,0.00,0,0,0,0,0,0,Matches
405,406,Daan Rots,nl NED,FW,Twente,20,2001,19.0,50,2.64,39,0,1,4,4,2,6,0.32,4,0,1,0,1,0,Matches
406,407,Robbin Ruiter,nl NED,GK,Willem II,34,1987,1.0,0,0.00,0,0,0,0,0,0,0,0.00,0,0,0,0,0,0,Matches
407,408,Dries Saddiki,ma MAR,MF,Willem II,24,1996,29.8,43,1.44,32,0,4,3,2,2,5,0.17,4,0,0,1,0,0,Matches
408,409,Michal Sadílek,cz CZE,"MF,DF",Twente,22,1999,28.7,78,2.72,40,29,3,1,2,3,11,0.38,8,3,0,0,0,0,Matches
409,410,Görkem Sağlam,de GER,MF,Willem II,23,1998,12.8,58,4.54,31,19,3,4,1,0,5,0.39,3,1,0,1,0,0,Matches
410,411,Anass Salah-Eddine,nl NED,DF,Ajax,19,2002,0.3,1,3.33,1,0,0,0,0,0,0,0.00,0,0,0,0,0,0,Matches
411,412,Andreas Samaris,gr GRE,"DF,MF",Fortuna Sittard,32,1989,12.0,8,0.67,2,3,0,0,2,1,0,0.00,0,0,0,0,0,0,Matches
412,413,David Sambissa,ga GAB,"MF,DF",Cambuur,25,1996,9.3,23,2.48,19,0,1,1,1,1,3,0.32,3,0,0,0,0,0,Matches
413,414,Bassala Sambou,eng ENG,FW,Fortuna Sittard,23,1997,4.6,2,0.43,1,0,0,0,1,0,0,0.00,0,0,0,0,0,0,Matches
414,415,Philippe Sandler,nl NED,DF,Feyenoord,24,1997,0.6,0,0.00,0,0,0,0,0,0,0,0.00,0,0,0,0,0,0,Matches
415,416,Ibrahim Sangaré,ci CIV,MF,PSV Eindhoven,23,1997,26.8,91,3.39,73,1,4,9,2,2,6,0.22,5,0,1,0,0,0,Matches
416,417,Amin Sarr,se SWE,FW,Heerenveen,20,2001,12.0,37,3.09,22,0,7,4,3,1,7,0.58,4,0,0,2,1,0,Matches
417,418,Mustafa Saymak,nl NED,MF,Zwolle,28,1993,14.3,37,2.59,25,2,0,5,4,1,6,0.42,3,0,0,2,0,1,Matches
418,419,Sem Scheperman,nl NED,DF,Heracles Almelo,19,2002,0.2,0,0.00,0,0,0,0,0,0,0,0.00,0,0,0,0,0,0,Matches
419,420,Vincent Schippers,nl NED,"DF,FW",Willem II,20,2001,1.8,0,0.00,0,0,0,0,0,0,0,0.00,0,0,0,0,0,0,Matches
420,421,Doke Schmidt,nl NED,DF,Cambuur,29,1992,27.7,28,1.01,18,5,0,1,3,1,2,0.07,2,0,0,0,0,0,Matches
421,422,Lasse Schöne,dk DEN,MF,NEC Nijmegen,35,1986,32.6,104,3.19,53,45,2,1,1,2,7,0.21,3,3,0,1,0,0,Matches
422,423,Lucas Schoofs,be BEL,"MF,DF",Heracles Almelo,24,1997,23.3,43,1.85,32,1,0,3,0,7,4,0.17,3,0,0,1,0,0,Matches
423,424,Erik Schouten,nl NED,DF,Cambuur,29,1991,26.5,15,0.57,10,2,0,2,0,1,3,0.11,1,0,0,1,0,1,Matches
424,425,Markus Schubert,de GER,GK,Vitesse,23,1998,19.5,4,0.21,3,1,0,0,0,0,0,0.00,0,0,0,0,0,0,Matches
425,426,Perr Schuurs,nl NED,DF,Ajax,21,1999,11.6,20,1.72,18,1,1,0,0,0,3,0.26,3,0,0,0,0,0,Matches
426,427,Jenson Seelt,nl NED,DF,PSV Eindhoven,18,2003,0.2,0,0.00,0,0,0,0,0,0,0,0.00,0,0,0,0,0,0,Matches
427,428,Lisandro Semedo,cv CPV,"FW,MF",Fortuna Sittard,25,1996,5.2,13,2.48,11,0,2,0,0,0,2,0.38,2,0,0,0,0,0,Matches
428,429,Marcos Senesi,ar ARG,DF,Feyenoord,24,1997,28.3,39,1.38,32,0,0,3,0,4,4,0.14,2,0,0,2,0,0,Matches
429,430,Mats Seuntjens,nl NED,"FW,MF",Fortuna Sittard,29,1992,31.7,116,3.66,60,27,17,5,5,2,8,0.25,4,2,0,0,2,0,Matches
430,431,Stanislav Shopov,bg BUL,MF,Heerenveen,19,2002,0.0,0,0.00,0,0,0,0,0,0,0,0.00,0,0,0,0,0,0,Matches
431,432,Kaj Sierhuis,nl NED,FW,Heracles Almelo,23,1998,15.8,48,3.04,32,0,3,10,3,0,6,0.38,3,0,1,1,1,0,Matches
432,433,Elias Sierra,be BEL,"MF,FW",Heracles Almelo,19,2001,4.3,12,2.78,8,4,0,0,0,0,2,0.46,2,0,0,0,0,0,Matches
433,434,Luis Sinisterra,co COL,FW,Feyenoord,22,1999,26.7,139,5.20,106,0,22,5,6,0,18,0.67,10,0,7,1,0,0,Matches
434,435,Dimitris Siovas,gr GRE,DF,Fortuna Sittard,32,1988,11.2,9,0.80,7,0,0,1,0,1,0,0.00,0,0,0,0,0,0,Matches
435,436,Gijs Smal,nl NED,DF,Twente,23,1997,20.8,46,2.21,33,8,1,4,0,0,3,0.14,3,0,0,0,0,0,Matches
436,437,Bryan Smeets,nl NED,MF,Sparta R'dam,28,1992,16.4,49,2.98,34,10,0,2,1,2,3,0.18,3,0,0,0,0,0,Matches
437,438,Milan Smit,nl NED,"FW,MF",Cambuur,18,2003,0.7,0,0.00,0,0,0,0,0,0,0,0.00,0,0,0,0,0,0,Matches
438,439,Sven Sonnenberg,de GER,DF,Heracles Almelo,22,1999,5.3,0,0.00,0,0,0,0,0,0,0,0.00,0,0,0,0,0,0,Matches
439,440,Kamal Sowah,gh GHA,"FW,MF",AZ Alkmaar,21,2000,1.8,3,1.63,3,0,0,0,0,0,1,0.54,1,0,0,0,0,0,Matches
440,441,Wesley Spieringhs,nl NED,"MF,FW",Willem II,19,2002,1.1,2,1.84,2,0,0,0,0,0,0,0.00,0,0,0,0,0,0,Matches
441,442,Tommy St. Jago,nl NED,DF,Utrecht,21,2000,2.2,1,0.47,1,0,0,0,0,0,0,0.00,0,0,0,0,0,0,Matches
442,443,Casper Staring,nl NED,MF,Twente,20,2001,1.1,2,1.84,2,0,0,0,0,0,0,0.00,0,0,0,0,0,0,Matches
443,444,Maarten Stekelenburg,nl NED,GK,Ajax,38,1982,7.0,1,0.14,1,0,0,0,0,0,0,0.00,0,0,0,0,0,0,Matches
444,445,Filip Stevanovic,rs SRB,"FW,MF",Heerenveen,18,2002,9.5,19,2.00,13,0,2,1,3,0,4,0.42,2,0,0,0,2,0,Matches
445,446,Sonny Stevens,nl NED,GK,Cambuur,29,1992,28.9,6,0.21,4,2,0,0,0,0,0,0.00,0,0,0,0,0,0,Matches
446,447,Finn Stokkers,nl NED,"FW,MF",RKC Waalwijk,25,1996,12.4,38,3.04,36,0,1,1,0,0,7,0.56,7,0,0,0,0,0,Matches
447,448,Jørgen Strand Larsen,no NOR,FW,Groningen,21,2000,26.0,42,1.62,31,0,3,6,2,0,8,0.31,4,0,1,2,1,0,Matches
448,449,Sander van de Streek,nl NED,"MF,FW",Utrecht,28,1993,17.3,44,2.55,38,0,1,3,2,0,2,0.12,2,0,0,0,0,0,Matches
449,450,Rico Strieder,de GER,MF,Zwolle,29,1992,16.1,23,1.43,16,3,0,0,2,2,1,0.06,1,0,0,0,0,0,Matches
450,451,Yukinari Sugawara,jp JPN,"DF,FW",AZ Alkmaar,21,2000,29.3,76,2.60,64,7,1,1,1,2,11,0.38,9,0,0,0,1,1,Matches
451,452,Tomáš Suslov,sk SVK,"MF,FW",Groningen,19,2002,26.1,81,3.10,47,13,2,4,12,3,4,0.15,1,3,0,0,0,0,Matches
452,453,Max Svensson,se SWE,"FW,MF",Willem II,23,1998,21.2,50,2.35,32,4,4,4,5,1,7,0.33,4,0,2,1,0,0,Matches
453,454,Marin Šverko,hr CRO,DF,Groningen,23,1998,11.1,20,1.81,13,1,1,3,2,0,1,0.09,1,0,0,0,0,0,Matches
454,455,Moussa Sylla,fr FRA,FW,Utrecht,21,1999,15.3,54,3.54,37,6,1,4,5,1,5,0.33,4,0,0,1,0,0,Matches
455,456,Adrian Szöke,hu HUN,"FW,MF",Heracles Almelo,23,1998,1.6,1,0.62,1,0,0,0,0,0,0,0.00,0,0,0,0,0,0,Matches
456,457,Mohamed Taabouni,nl NED,FW,AZ Alkmaar,19,2002,0.1,1,15.00,1,0,0,0,0,0,0,0.00,0,0,0,0,0,0,Matches
457,458,Dušan Tadić,rs SRB,FW,Ajax,32,1988,32.6,236,7.24,167,44,6,11,8,0,35,1.07,32,0,2,1,0,0,Matches
458,459,Nicolás Tagliafico,ar ARG,DF,Ajax,28,1992,10.4,31,2.97,28,1,1,1,0,0,4,0.38,4,0,0,0,0,0,Matches
459,460,Anas Tahiri,be BEL,MF,Heerenveen,26,1995,11.0,24,2.18,19,3,1,0,1,0,1,0.09,1,0,0,0,0,0,Matches
460,461,Oussama Tannane,ma MAR,"MF,FW",Vitesse,27,1994,2.3,14,6.09,8,3,1,0,2,0,0,0.00,0,0,0,0,0,0,Matches
461,462,Elayis Tavsan,nl NED,"FW,MF",NEC Nijmegen,20,2001,24.9,84,3.37,47,2,17,8,8,2,2,0.08,1,0,0,1,0,0,Matches
462,463,Kenneth Taylor,nl NED,MF,Ajax,19,2002,6.5,23,3.56,19,1,0,0,2,1,6,0.93,4,1,0,0,1,0,Matches
463,464,Mike te Wierik,nl NED,DF,Groningen,29,1992,23.8,20,0.84,16,4,0,0,0,0,2,0.08,2,0,0,0,0,0,Matches
464,465,Slobodan Tedić,rs SRB,FW,Zwolle,21,2000,13.2,27,2.04,17,0,1,2,7,0,0,0.00,0,0,0,0,0,0,Matches
465,466,Tesfaldet Tekie,se SWE,MF,Fortuna Sittard,24,1997,23.5,52,2.22,35,4,1,3,8,1,5,0.21,4,0,0,0,1,0,Matches
466,467,Hidde ter Avest,nl NED,DF,Utrecht,24,1997,20.4,36,1.76,26,5,1,3,0,1,2,0.10,2,0,0,0,0,0,Matches
467,468,Jasper Ter Heide,nl NED,"MF,DF",Cambuur,22,1999,5.3,4,0.76,4,0,0,0,0,0,0,0.00,0,0,0,0,0,0,Matches
468,469,Jordan Teze,nl NED,DF,PSV Eindhoven,21,1999,22.7,38,1.67,34,1,1,2,0,0,4,0.18,4,0,0,0,0,0,Matches
469,470,Ryan Thomas,nz NZL,"MF,FW",PSV Eindhoven,26,1994,2.2,9,4.09,5,4,0,0,0,0,0,0.00,0,0,0,0,0,0,Matches
470,471,Lennart Thy,de GER,"FW,MF",Sparta R'dam,29,1992,26.5,47,1.77,33,0,0,8,5,1,5,0.19,2,0,0,1,2,0,Matches
471,472,Guus Til,nl NED,MF,Feyenoord,23,1997,28.6,93,3.25,64,0,7,11,4,7,10,0.35,6,0,1,2,1,0,Matches
472,473,Jurrien Timber,nl NED,DF,Ajax,20,2001,28.3,47,1.66,38,0,1,4,2,2,8,0.28,4,0,1,2,0,1,Matches
473,474,Quinten Timber,nl NED,MF,Utrecht,20,2001,26.1,86,3.29,57,1,15,8,1,4,10,0.38,7,0,2,1,0,0,Matches
474,475,Mickaël Tirpan,be BEL,DF,Fortuna Sittard,27,1993,22.0,44,2.00,30,8,2,0,2,2,5,0.23,3,0,1,0,0,1,Matches
475,476,Marco Tol,nl NED,DF,Cambuur,23,1998,13.6,2,0.15,1,0,0,0,0,1,1,0.07,1,0,0,0,0,0,Matches
476,477,Jens Toornstra,nl NED,"MF,FW",Feyenoord,32,1989,19.9,99,4.98,82,6,3,6,1,1,7,0.35,5,0,0,2,0,0,Matches
477,478,Ahmed Touba,dz ALG,DF,RKC Waalwijk,23,1998,27.7,28,1.01,19,1,2,3,0,3,6,0.22,3,0,1,1,0,1,Matches
478,479,Gernot Trauner,at AUT,DF,Feyenoord,29,1992,29.2,42,1.44,37,0,1,2,2,0,4,0.14,4,0,0,0,0,0,Matches
479,480,Sondre Tronstad,no NOR,MF,Vitesse,25,1995,29.4,76,2.58,68,0,1,2,3,2,8,0.27,7,0,0,0,1,0,Matches
480,481,Giovanni Troupée,nl NED,DF,Twente,23,1998,18.9,16,0.85,12,3,0,0,0,1,1,0.05,1,0,0,0,0,0,Matches
481,482,Turan Tuzlacik,nl NED,"DF,MF",Go Ahead Eag,20,2001,0.1,0,0.00,0,0,0,0,0,0,0,0.00,0,0,0,0,0,0,Matches
482,483,Manfred Ugalde,cr CRC,"FW,MF",Twente,19,2002,7.2,19,2.63,13,0,1,2,2,1,2,0.28,1,0,0,1,0,0,Matches
483,484,Roberts Uldriķis,lv LVA,FW,Cambuur,23,1998,17.1,37,2.16,27,1,3,3,3,0,3,0.18,1,1,0,1,0,0,Matches
484,485,Lars Unnerstall,de GER,GK,Twente,31,1990,32.0,2,0.06,1,1,0,0,0,0,0,0.00,0,0,0,0,0,0,Matches
485,486,Etienne Vaessen,nl NED,GK,RKC Waalwijk,26,1995,31.0,10,0.32,4,6,0,0,0,0,3,0.10,1,2,0,0,0,0,Matches
486,487,Amourrichio Van Axel Dongen,nl NED,FW,Ajax,16,2004,0.1,0,0.00,0,0,0,0,0,0,0,0.00,0,0,0,0,0,0,Matches
487,488,Dave Van Den Berg,nl NED,MF,Utrecht,21,2000,0.0,0,0.00,0,0,0,0,0,0,0,0.00,0,0,0,0,0,0,Matches
488,489,Dario Van den Buijs,be BEL,DF,RKC Waalwijk,25,1995,11.7,6,0.51,3,0,0,1,0,2,0,0.00,0,0,0,0,0,0,Matches
489,490,Simon Van Duivenbooden,nl NED,MF,Vitesse,19,2002,0.3,0,0.00,0,0,0,0,0,0,0,0.00,0,0,0,0,0,0,Matches
490,491,Syb Van Ottele,nl NED,DF,Heerenveen,19,2002,2.2,0,0.00,0,0,0,0,0,0,0,0.00,0,0,0,0,0,0,Matches
491,492,Henk Veerman,nl NED,FW,Heerenveen,28,1993,17.3,31,1.79,28,0,0,2,1,0,3,0.17,2,0,0,0,1,0,Matches
492,493,Henk Veerman,nl NED,"FW,MF",Utrecht,28,1993,4.6,8,1.74,4,0,0,4,0,0,1,0.22,1,0,0,0,0,0,Matches
493,494,Joey Veerman,nl NED,MF,Heerenveen,22,1998,16.9,77,4.56,43,23,2,2,3,4,7,0.41,4,3,0,0,0,0,Matches
494,495,Joey Veerman,nl NED,"MF,FW",PSV Eindhoven,22,1998,11.5,44,3.84,35,7,1,1,0,0,7,0.61,5,1,0,1,0,0,Matches
495,496,Calvin Verdonk,nl NED,"DF,MF",NEC Nijmegen,24,1997,10.7,22,2.05,18,1,1,0,1,1,3,0.28,3,0,0,0,0,0,Matches
496,497,Hobie Verhulst,nl NED,GK,AZ Alkmaar,28,1993,2.0,0,0.00,0,0,0,0,0,0,0,0.00,0,0,0,0,0,0,Matches
497,498,Thibaud Verlinden,be BEL,FW,Fortuna Sittard,22,1999,0.0,0,0.00,0,0,0,0,0,0,0,0.00,0,0,0,0,0,0,Matches
498,499,Michael Verrips,nl NED,GK,Fortuna Sittard,24,1996,2.0,0,0.00,0,0,0,0,0,0,0,0.00,0,0,0,0,0,0,Matches
499,500,Arno Verschueren,be BEL,MF,Sparta R'dam,24,1997,10.7,14,1.31,10,0,1,2,0,1,1,0.09,1,0,0,0,0,0,Matches
500,501,Yorbe Vertessen,be BEL,"FW,MF",PSV Eindhoven,20,2001,8.9,37,4.17,23,0,5,5,1,3,8,0.90,6,0,1,1,0,0,Matches
501,502,Javier Vet,nl NED,"MF,FW",NEC Nijmegen,27,1993,6.2,15,2.41,8,0,3,3,0,1,3,0.48,2,0,0,0,0,1,Matches
502,503,Nick Viergever,nl NED,DF,PSV Eindhoven,31,1989,0.1,0,0.00,0,0,0,0,0,0,0,0.00,0,0,0,0,0,0,Matches
503,504,Peter Vindahl Jensen,dk DEN,GK,AZ Alkmaar,23,1998,32.0,6,0.19,4,2,0,0,0,0,0,0.00,0,0,0,0,0,0,Matches
504,505,Carlos Vinícius,br BRA,FW,PSV Eindhoven,26,1995,12.3,38,3.09,34,0,2,1,1,0,9,0.73,7,0,1,0,1,0,Matches
505,506,Michel Vlap,nl NED,MF,Twente,24,1997,27.0,91,3.37,73,1,3,9,4,1,13,0.48,8,0,2,2,1,0,Matches
506,507,Rai Vloet,nl NED,MF,Heracles Almelo,26,1995,11.3,49,4.34,17,18,4,4,1,5,1,0.09,0,0,0,0,0,1,Matches
507,508,Siemen Voet,be BEL,DF,Zwolle,21,2000,13.8,9,0.65,9,0,0,0,0,0,2,0.14,2,0,0,0,0,0,Matches
508,509,Dennis Vos,nl NED,DF,PSV Eindhoven,19,2001,0.5,0,0.00,0,0,0,0,0,0,0,0.00,0,0,0,0,0,0,Matches
509,510,Bart Vriends,nl NED,DF,Sparta R'dam,30,1991,31.4,12,0.38,8,1,0,1,1,1,0,0.00,0,0,0,0,0,0,Matches
510,511,Patrick Vroegh,nl NED,MF,Vitesse,21,1999,7.3,17,2.34,13,2,0,1,0,1,2,0.27,2,0,0,0,0,0,Matches
511,512,Max de Waal,nl NED,"MF,FW",Zwolle,19,2002,1.8,1,0.55,1,0,0,0,0,0,0,0.00,0,0,0,0,0,0,Matches
512,513,Patrik Wålemark,se SWE,"FW,MF",Feyenoord,19,2001,4.2,21,5.00,10,2,3,1,4,1,1,0.24,1,0,0,0,0,0,Matches
513,514,Django Warmerdam,nl NED,DF,Utrecht,25,1995,21.4,25,1.17,19,2,0,2,0,2,2,0.09,2,0,0,0,0,0,Matches
514,515,Timon Wellenreuther,de GER,GK,Willem II,25,1995,31.0,2,0.06,2,0,0,0,0,0,0,0.00,0,0,0,0,0,0,Matches
515,516,Sai van Wermeskerken,jp JPN,"DF,MF",Zwolle,27,1994,3.1,3,0.97,0,1,0,2,0,0,1,0.32,0,0,0,1,0,0,Matches
516,517,Owen Wijndal,nl NED,DF,AZ Alkmaar,21,1999,29.8,85,2.85,73,3,2,2,2,3,16,0.54,15,0,1,0,0,0,Matches
517,518,Dani de Wit,nl NED,"MF,FW",AZ Alkmaar,23,1998,31.5,51,1.62,37,0,1,5,7,1,9,0.29,6,0,1,0,1,1,Matches
518,519,Mees de Wit,nl NED,"DF,FW",Zwolle,23,1998,25.8,72,2.79,44,9,6,5,5,3,3,0.12,2,0,1,0,0,0,Matches
519,520,Aslak Witry,no NOR,DF,AZ Alkmaar,25,1996,15.5,30,1.94,28,1,0,0,0,1,3,0.19,2,0,0,0,0,1,Matches
520,521,Maximilian Wittek,de GER,"DF,MF",Vitesse,25,1995,24.7,116,4.69,49,55,3,6,1,2,7,0.28,4,2,0,1,0,0,Matches
521,522,Ricky van Wolfswinkel,nl NED,FW,Twente,32,1989,28.4,61,2.14,41,0,2,10,6,2,11,0.39,8,0,1,0,2,0,Matches
522,523,Lucas Woudenberg,nl NED,DF,Heerenveen,27,1994,16.7,12,0.72,9,1,1,0,0,1,1,0.06,1,0,0,0,0,0,Matches
523,524,Luuk Wouters,nl NED,DF,RKC Waalwijk,22,1999,6.5,4,0.62,4,0,0,0,0,0,0,0.00,0,0,0,0,0,0,Matches
524,525,Romaric Yapi,fr FRA,"DF,FW",Vitesse,21,2000,3.3,3,0.92,3,0,0,0,0,0,1,0.31,1,0,0,0,0,0,Matches
525,526,John Yeboah,de GER,"FW,MF",Willem II,21,2000,0.9,4,4.56,2,0,0,0,2,0,0,0.00,0,0,0,0,0,0,Matches
526,527,Ulrik Yttergård Jenssen,no NOR,DF,Willem II,25,1996,20.9,12,0.57,7,0,0,0,0,5,0,0.00,0,0,0,0,0,0,Matches
527,528,Timo Zaal,nl NED,"DF,MF",Heerenveen,17,2004,0.1,1,6.92,1,0,0,0,0,0,0,0.00,0,0,0,0,0,0,Matches
528,529,Arthur Zagre,fr FRA,"DF,FW",Utrecht,19,2001,4.6,13,2.83,12,0,0,0,1,0,0,0.00,0,0,0,0,0,0,Matches
529,530,Eran Zahavi,il ISR,FW,PSV Eindhoven,34,1987,16.8,60,3.57,43,0,4,10,3,0,11,0.65,9,0,0,2,0,0,Matches
530,531,Ramiz Zerrouki,dz ALG,MF,Twente,23,1998,28.9,60,2.08,41,14,2,1,1,1,4,0.14,4,0,0,0,0,0,Matches
531,532,Rick Zuijderwijk,nl NED,"MF,FW",Willem II,20,2001,0.4,0,0.00,0,0,0,0,0,0,0,0.00,0,0,0,0,0,0,Matches
532,533,Dario Đumić,ba BIH,"DF,MF",Twente,29,1992,0.2,0,0.00,0,0,0,0,0,0,0,0.00,0,0,0,0,0,0,Matches
