,Rk,Player,Nation,Pos,Squad,Age,Born,90s,Gls,Sh,SoT,SoT%,Sh/90,SoT/90,G/Sh,G/SoT,Dist,FK,PK,PKatt,xG,npxG,npxG/Sh,G-xG,np:G-xG,Matches
0,1,Luis Abram,pe PER,DF,Granada,25,1996,6.2,0,2,0,0.0,0.32,0.00,0.00,,9.0,0,0,0,0.2,0.2,0.12,-0.2,-0.2,Matches
1,2,Marcos Acuña,ar ARG,DF,Sevilla,29,1991,25.1,1,16,5,31.3,0.64,0.20,0.06,0.20,21.7,1,0,0,1.5,1.5,0.09,-0.5,-0.5,Matches
2,3,Martin Agirregabiria,es ESP,DF,Alavés,25,1996,18.0,0,4,0,0.0,0.22,0.00,0.00,,19.1,0,0,0,0.2,0.2,0.06,-0.2,-0.2,Matches
3,4,Julen Agirrezabala,es ESP,GK,Athletic Club,20,2000,4.0,0,0,0,,0.00,0.00,,,,0,0,0,0.0,0.0,,0.0,0.0,Matches
4,5,Sergio Agüero,ar ARG,FW,Barcelona,33,1988,1.7,1,6,1,16.7,3.58,0.60,0.17,1.00,12.0,0,0,0,1.2,1.2,0.19,-0.2,-0.2,Matches
5,6,Álvaro Aguirre,es ESP,FW,Rayo Vallecano,21,2000,0.1,0,0,0,,0.00,0.00,,,,0,0,0,0.0,0.0,,0.0,0.0,Matches
6,7,Joseph Aidoo,gh GHA,DF,Celta Vigo,25,1995,29.3,0,6,1,16.7,0.20,0.03,0.00,0.00,13.3,0,0,0,0.5,0.5,0.08,-0.5,-0.5,Matches
7,8,Carlos Akapo,gq EQG,DF,Cádiz,28,1993,20.5,0,10,1,10.0,0.49,0.05,0.00,0.00,19.8,0,0,0,0.5,0.5,0.05,-0.5,-0.5,Matches
8,9,Ilias Akhomach,es ESP,FW,Barcelona,17,2004,1.4,0,4,2,50.0,2.90,1.45,0.00,0.00,19.0,0,0,0,0.2,0.2,0.05,-0.2,-0.2,Matches
9,10,Paul Akouokou,ci CIV,MF,Betis,23,1997,5.7,0,2,0,0.0,0.35,0.00,0.00,,22.8,0,0,0,0.1,0.1,0.03,-0.1,-0.1,Matches
10,11,David Alaba,at AUT,DF,Real Madrid,29,1992,29.4,2,21,7,33.3,0.72,0.24,0.10,0.29,21.8,7,0,0,1.7,1.7,0.09,+0.3,+0.3,Matches
11,12,Tomás Alarcón,cl CHI,MF,Cádiz,22,1999,15.8,0,15,2,13.3,0.95,0.13,0.00,0.00,24.1,0,0,0,1.2,1.2,0.08,-1.2,-1.2,Matches
12,13,Jordi Alba,es ESP,DF,Barcelona,32,1989,29.4,2,31,6,19.4,1.06,0.20,0.06,0.33,23.2,1,0,0,1.8,1.8,0.06,+0.2,+0.2,Matches
13,14,Raúl Albiol,es ESP,DF,Villarreal,35,1985,27.4,0,5,1,20.0,0.18,0.04,0.00,0.00,7.5,0,0,0,0.5,0.5,0.09,-0.5,-0.5,Matches
14,15,Paco Alcácer,es ESP,FW,Villarreal,27,1993,8.7,1,18,7,38.9,2.06,0.80,0.06,0.14,13.5,1,0,0,3.3,3.3,0.18,-2.3,-2.3,Matches
15,16,Rubén Alcaraz,es ESP,MF,Cádiz,30,1991,12.3,2,23,6,26.1,1.87,0.49,0.09,0.33,23.1,5,0,0,1.6,1.6,0.07,+0.4,+0.4,Matches
16,17,Omar Alderete,py PAR,DF,Valencia,24,1996,26.7,2,18,5,27.8,0.67,0.19,0.11,0.40,16.7,0,0,0,0.9,0.9,0.05,+1.1,+1.1,Matches
17,18,Iván Alejo,es ESP,"MF,FW",Cádiz,26,1995,11.8,2,12,4,33.3,1.01,0.34,0.17,0.50,21.5,0,0,0,1.3,1.3,0.11,+0.7,+0.7,Matches
18,19,Carles Aleñá,es ESP,MF,Getafe,23,1998,25.8,1,46,14,30.4,1.78,0.54,0.02,0.07,24.2,0,0,0,2.4,2.3,0.05,-1.4,-1.3,Matches
19,20,Mircea Alexandru Tirlea,ro ROU,DF,Alavés,21,2000,0.2,0,0,0,,0.00,0.00,,,,0,0,0,0.0,0.0,,0.0,0.0,Matches
20,21,Hugo Álvarez,es ESP,FW,Celta Vigo,18,2003,0.1,0,1,0,0.0,8.18,0.00,0.00,,11.5,0,0,0,0.2,0.2,0.19,-0.2,-0.2,Matches
21,22,Yeray Álvarez,es ESP,DF,Athletic Club,26,1995,20.7,0,7,0,0.0,0.34,0.00,0.00,,14.1,0,0,0,0.6,0.6,0.09,-0.6,-0.6,Matches
22,23,Dani Alves,br BRA,DF,Barcelona,38,1983,12.2,1,5,2,40.0,0.41,0.16,0.20,0.50,31.4,0,0,0,0.3,0.3,0.05,+0.7,+0.7,Matches
23,24,Emmanuel Amankwaa Akurugu,gh GHA,DF,Getafe,19,2001,0.9,0,1,0,0.0,1.14,0.00,0.00,,22.2,0,0,0,0.0,0.0,0.04,0.0,0.0,Matches
24,25,Amath,sn SEN,"FW,MF",Mallorca,25,1996,9.8,0,11,4,36.4,1.12,0.41,0.00,0.00,17.3,0,0,0,1.5,1.5,0.14,-1.5,-1.5,Matches
25,26,Florin Andone,ro ROU,FW,Cádiz,28,1993,2.0,0,3,1,33.3,1.53,0.51,0.00,0.00,12.6,0,0,0,0.3,0.3,0.08,-0.3,-0.3,Matches
26,27,José Ángel,es ESP,DF,Osasuna,31,1989,12.0,1,11,3,27.3,0.91,0.25,0.09,0.33,27.3,0,0,0,0.3,0.3,0.03,+0.7,+0.7,Matches
27,28,Josep Antoni Gayá,es ESP,DF,Mallorca,21,2000,0.6,0,0,0,,0.00,0.00,,,,0,0,0,0.0,0.0,,0.0,0.0,Matches
28,29,Mauro Arambarri,uy URU,MF,Getafe,25,1995,29.6,0,37,8,21.6,1.25,0.27,0.00,0.00,27.8,2,0,0,1.7,1.7,0.05,-1.7,-1.7,Matches
29,30,Néstor Araujo,mx MEX,DF,Celta Vigo,29,1991,29.1,0,8,1,12.5,0.28,0.03,0.00,0.00,21.5,0,0,0,0.4,0.4,0.05,-0.4,-0.4,Matches
30,31,Ronald Araújo,uy URU,DF,Barcelona,22,1999,25.2,4,18,10,55.6,0.71,0.40,0.22,0.40,12.6,0,0,0,1.8,1.8,0.10,+2.2,+2.2,Matches
31,32,Jesús Areso,es ESP,DF,Osasuna,22,1999,2.1,0,0,0,,0.00,0.00,,,,0,0,0,0.0,0.0,,0.0,0.0,Matches
32,33,Matias Arezo,uy URU,"FW,MF",Granada,18,2002,1.8,0,5,3,60.0,2.78,1.67,0.00,0.00,17.5,0,0,0,1.0,1.0,0.19,-1.0,-1.0,Matches
33,34,Santiago Arias,co COL,DF,Granada,29,1992,4.9,1,3,1,33.3,0.61,0.20,0.33,1.00,14.6,0,0,0,0.6,0.6,0.21,+0.4,+0.4,Matches
34,35,Santiago Arzamendia,py PAR,MF,Cádiz,23,1998,5.2,1,7,1,14.3,1.34,0.19,0.14,1.00,29.7,0,0,0,0.3,0.3,0.04,+0.7,+0.7,Matches
35,36,Sergio Asenjo,es ESP,GK,Villarreal,32,1989,6.0,0,0,0,,0.00,0.00,,,,0,0,0,0.0,0.0,,0.0,0.0,Matches
36,37,Alejandro Asensio,es ESP,FW,Rayo Vallecano,20,2000,0.1,0,1,1,100.0,7.50,7.50,0.00,0.00,10.1,0,0,0,0.0,0.0,0.04,0.0,0.0,Matches
37,38,Marco Asensio,es ESP,"FW,MF",Real Madrid,25,1996,19.2,10,64,32,50.0,3.33,1.66,0.16,0.31,18.9,2,0,0,8.4,8.4,0.13,+1.6,+1.6,Matches
38,39,Iago Aspas,es ESP,FW,Celta Vigo,33,1987,34.3,18,85,36,42.4,2.48,1.05,0.18,0.42,16.5,7,3,5,14.8,10.8,0.13,+3.2,+4.2,Matches
39,40,Pierre-Emerick Aubameyang,ga GAB,FW,Barcelona,32,1989,12.0,11,37,20,54.1,3.08,1.66,0.30,0.55,12.0,0,0,0,7.0,7.0,0.19,+4.0,+4.0,Matches
40,41,Ludwig Augustinsson,se SWE,"DF,FW",Sevilla,27,1994,8.8,0,4,2,50.0,0.45,0.23,0.00,0.00,15.1,0,0,0,0.3,0.3,0.09,-0.3,-0.3,Matches
41,42,Serge Aurier,ci CIV,DF,Villarreal,28,1992,11.2,0,11,2,18.2,0.98,0.18,0.00,0.00,15.9,0,0,0,1.0,1.0,0.09,-1.0,-1.0,Matches
42,43,Ezequiel Ávila,ar ARG,"FW,MF",Osasuna,27,1994,20.8,6,62,15,24.2,2.98,0.72,0.08,0.33,24.6,4,1,1,4.7,4.5,0.07,+1.3,+0.5,Matches
43,44,Iddrisu Baba,gh GHA,MF,Mallorca,25,1996,21.5,1,23,8,34.8,1.07,0.37,0.04,0.13,24.4,0,0,0,1.6,1.6,0.07,-0.6,-0.6,Matches
44,45,Carlos Bacca,co COL,FW,Granada,34,1986,5.7,0,9,2,22.2,1.58,0.35,0.00,0.00,14.5,0,0,0,1.0,1.0,0.11,-1.0,-1.0,Matches
45,46,Édgar Badía,es ESP,GK,Elche,29,1992,24.0,0,0,0,,0.00,0.00,,,,0,0,0,0.0,0.0,,0.0,0.0,Matches
46,47,Miguel Baeza,es ESP,DF,Celta Vigo,21,2000,0.0,0,0,0,,0.00,0.00,,,,0,0,0,0.0,0.0,,0.0,0.0,Matches
47,48,Alejandro Balde,es ESP,"DF,FW",Barcelona,17,2003,2.1,0,1,0,0.0,0.48,0.00,0.00,,19.3,0,0,0,0.0,0.0,0.04,0.0,0.0,Matches
48,49,Gareth Bale,wls WAL,FW,Real Madrid,32,1989,3.1,1,15,6,40.0,4.82,1.93,0.07,0.17,19.7,2,0,0,1.3,1.3,0.09,-0.3,-0.3,Matches
49,50,Mikel Balenziaga,es ESP,DF,Athletic Club,33,1988,22.5,0,7,2,28.6,0.31,0.09,0.00,0.00,24.7,0,0,0,0.3,0.3,0.04,-0.3,-0.3,Matches
50,51,Iván Balliu,al ALB,DF,Rayo Vallecano,29,1992,35.0,1,15,3,20.0,0.43,0.09,0.07,0.33,19.9,0,0,0,1.1,1.1,0.08,-0.1,-0.1,Matches
51,52,Barbero,es ESP,"FW,MF",Osasuna,22,1998,0.2,0,0,0,,0.00,0.00,,,,0,0,0,0.0,0.0,,0.0,0.0,Matches
52,53,Barcia,es ESP,DF,Granada,20,2000,0.8,0,0,0,,0.00,0.00,,,,0,0,0,0.0,0.0,,0.0,0.0,Matches
53,54,Enis Bardhi,mk MKD,"MF,FW",Levante,26,1995,18.9,3,41,8,19.5,2.17,0.42,0.02,0.13,24.3,9,2,2,4.2,2.6,0.06,-1.2,-1.6,Matches
54,55,Keidi Bare,al ALB,MF,Espanyol,23,1997,16.5,1,4,1,25.0,0.24,0.06,0.25,1.00,13.2,0,0,0,0.4,0.4,0.09,+0.6,+0.6,Matches
55,56,Kike Barja,es ESP,"MF,FW",Osasuna,24,1997,9.6,2,17,6,35.3,1.77,0.62,0.12,0.33,18.9,0,0,0,1.4,1.4,0.08,+0.6,+0.6,Matches
56,57,Antonio Barragán,es ESP,DF,Elche,34,1987,11.3,0,1,0,0.0,0.09,0.00,0.00,,13.1,0,0,0,0.0,0.0,0.03,0.0,0.0,Matches
57,58,Ander Barrenetxea,es ESP,"FW,MF",Real Sociedad,19,2001,6.1,1,8,2,25.0,1.32,0.33,0.13,0.50,15.2,0,0,0,0.8,0.8,0.10,+0.2,+0.2,Matches
58,59,Marc Bartra,es ESP,DF,Betis,30,1991,22.1,1,15,3,20.0,0.68,0.14,0.07,0.33,16.3,0,0,0,1.6,1.6,0.11,-0.6,-0.6,Matches
59,60,Álvaro Bastida,es ESP,MF,Cádiz,17,2004,2.2,0,0,0,,0.00,0.00,,,,0,0,0,0.0,0.0,,0.0,0.0,Matches
60,61,Rodrigo Battaglia,ar ARG,MF,Mallorca,30,1991,13.1,0,5,1,20.0,0.38,0.08,0.00,0.00,21.2,0,0,0,0.5,0.5,0.09,-0.5,-0.5,Matches
61,62,Jon Bautista,es ESP,MF,Real Sociedad,26,1995,0.5,0,1,0,0.0,2.00,0.00,0.00,,16.2,0,0,0,0.1,0.1,0.05,-0.1,-0.1,Matches
62,63,Bebé,cv CPV,FW,Rayo Vallecano,31,1990,9.6,1,50,8,16.0,5.19,0.83,0.02,0.13,26.7,10,0,0,2.1,2.1,0.04,-1.1,-1.1,Matches
63,64,Héctor Bellerín,es ESP,DF,Betis,26,1995,22.0,0,10,2,20.0,0.45,0.09,0.00,0.00,21.0,0,0,0,0.7,0.7,0.07,-0.7,-0.7,Matches
64,65,Fran Beltrán,es ESP,MF,Celta Vigo,22,1999,28.9,1,20,4,20.0,0.69,0.14,0.05,0.25,29.2,0,0,0,0.5,0.5,0.03,+0.5,+0.5,Matches
65,66,Darío Benedetto,ar ARG,"FW,MF",Elche,31,1990,6.6,2,18,6,33.3,2.75,0.92,0.11,0.33,21.3,0,0,0,2.4,2.4,0.13,-0.4,-0.4,Matches
66,67,Iker Benito,es ESP,"FW,MF",Osasuna,18,2002,1.3,0,3,1,33.3,2.29,0.76,0.00,0.00,25.8,0,0,0,0.2,0.2,0.05,-0.2,-0.2,Matches
67,68,Pedro Benito,es ESP,FW,Cádiz,21,2000,0.3,0,0,0,,0.00,0.00,,,,0,0,0,0.0,0.0,,0.0,0.0,Matches
68,69,Karim Benzema,fr FRA,FW,Real Madrid,33,1987,28.8,27,117,48,41.0,4.06,1.67,0.17,0.42,16.2,3,7,11,24.3,16.7,0.14,+2.7,+3.3,Matches
69,70,Yuri Berchiche,es ESP,DF,Athletic Club,31,1990,11.3,1,8,3,37.5,0.71,0.27,0.13,0.33,20.2,1,0,0,0.5,0.5,0.06,+0.5,+0.5,Matches
70,71,Álex Berenguer,es ESP,MF,Athletic Club,26,1995,24.1,3,45,14,31.1,1.87,0.58,0.07,0.21,18.0,1,0,1,5.4,4.6,0.10,-2.4,-1.6,Matches
71,72,Pedro Bigas,es ESP,DF,Elche,30,1990,17.2,1,12,3,25.0,0.70,0.17,0.08,0.33,20.6,1,0,0,0.7,0.7,0.06,+0.3,+0.3,Matches
72,73,Blanco,es ESP,MF,Real Madrid,21,2000,0.3,0,0,0,,0.00,0.00,,,,0,0,0,0.0,0.0,,0.0,0.0,Matches
73,74,Yassine Bounou,ma MAR,GK,Sevilla,30,1991,31.0,0,0,0,,0.00,0.00,,,,0,0,0,0.0,0.0,,0.0,0.0,Matches
74,75,Lucas Boyé,ar ARG,FW,Elche,25,1996,19.0,7,49,16,32.7,2.57,0.84,0.14,0.44,16.2,2,0,0,5.0,5.0,0.10,+2.0,+2.0,Matches
75,76,Martin Braithwaite,dk DEN,FW,Barcelona,30,1991,2.6,2,7,3,42.9,2.68,1.15,0.29,0.67,12.0,0,0,0,1.4,1.4,0.19,+0.6,+0.6,Matches
76,77,Darko Brašanac,rs SRB,MF,Osasuna,29,1992,26.7,1,17,5,29.4,0.64,0.19,0.06,0.20,14.8,0,0,0,1.5,1.5,0.09,-0.5,-0.5,Matches
77,78,Claudio Bravo,cl CHI,GK,Betis,38,1983,16.2,0,0,0,,0.00,0.00,,,,0,0,0,0.0,0.0,,0.0,0.0,Matches
78,79,Yan Brice Eteki,cm CMR,MF,Granada,23,1997,3.8,0,1,0,0.0,0.26,0.00,0.00,,13.1,0,0,0,0.0,0.0,0.02,0.0,0.0,Matches
79,80,Bryan,es ESP,"MF,FW",Valencia,20,2001,8.4,0,11,2,18.2,1.31,0.24,0.00,0.00,16.3,0,0,0,1.4,1.4,0.13,-1.4,-1.4,Matches
80,81,Ante Budimir,hr CRO,FW,Osasuna,30,1991,19.3,8,43,19,44.2,2.23,0.98,0.14,0.32,12.3,0,2,2,8.9,7.4,0.17,-0.9,-1.4,Matches
81,82,Sergio Busquets,es ESP,MF,Barcelona,33,1988,35.5,2,14,4,28.6,0.39,0.11,0.14,0.50,21.3,0,0,0,0.8,0.8,0.06,+1.2,+1.2,Matches
82,83,Adrián Butzke,es ESP,FW,Granada,22,1999,0.0,0,0,0,,0.00,0.00,,,,0,0,0,0.0,0.0,,0.0,0.0,Matches
83,84,Erick Cabaco,uy URU,DF,Getafe,26,1995,4.5,0,1,0,0.0,0.22,0.00,0.00,,11.1,0,0,0,0.1,0.1,0.06,-0.1,-0.1,Matches
84,85,Leandro Cabrera,uy URU,DF,Espanyol,30,1991,37.0,2,18,6,33.3,0.49,0.16,0.11,0.33,11.7,0,0,0,1.4,1.4,0.08,+0.6,+0.6,Matches
85,86,Martín Cáceres,uy URU,DF,Levante,34,1987,7.4,0,0,0,,0.00,0.00,,,,0,0,0,0.0,0.0,,0.0,0.0,Matches
86,87,Cala,es ESP,DF,Cádiz,31,1989,10.5,0,5,0,0.0,0.48,0.00,0.00,,9.2,0,0,0,0.6,0.6,0.13,-0.6,-0.6,Matches
87,88,Calderón,es ESP,DF,Betis,21,2000,0.7,0,0,0,,0.00,0.00,,,,0,0,0,0.0,0.0,,0.0,0.0,Matches
88,89,Fernando Calero,es ESP,DF,Espanyol,25,1995,12.1,0,1,0,0.0,0.08,0.00,0.00,,15.3,0,0,0,0.1,0.1,0.15,-0.1,-0.1,Matches
89,90,Víctor Camarasa,es ESP,"MF,FW",Betis,27,1994,1.2,0,1,0,0.0,0.83,0.00,0.00,,33.0,0,0,0,0.0,0.0,0.03,0.0,0.0,Matches
90,91,Eduardo Camavinga,fr FRA,MF,Real Madrid,18,2002,13.7,2,12,5,41.7,0.87,0.36,0.17,0.40,24.2,0,0,0,1.3,1.3,0.11,+0.7,+0.7,Matches
91,92,José Campaña,es ESP,MF,Levante,28,1993,15.8,2,12,5,41.7,0.76,0.32,0.17,0.40,21.4,1,0,1,1.6,0.7,0.06,+0.4,+1.3,Matches
92,93,Sergio Canales,es ESP,"FW,MF",Betis,30,1991,31.0,5,54,24,44.4,1.74,0.77,0.09,0.21,21.0,3,0,0,4.8,4.8,0.09,+0.2,+0.2,Matches
93,94,Álex Cantero,es ESP,"FW,MF",Levante,21,2000,6.8,0,15,5,33.3,2.21,0.74,0.00,0.00,15.2,0,0,0,2.4,2.4,0.16,-2.4,-2.4,Matches
94,95,Ander Capa,es ESP,DF,Athletic Club,29,1992,0.0,0,1,0,0.0,22.50,0.00,0.00,,22.8,0,0,0,0.0,0.0,0.04,0.0,0.0,Matches
95,96,Étienne Capoue,fr FRA,MF,Villarreal,33,1988,25.4,1,14,5,35.7,0.55,0.20,0.07,0.20,19.9,0,0,0,0.8,0.8,0.06,+0.2,+0.2,Matches
96,97,Isaac Carcelen,es ESP,"DF,MF",Cádiz,28,1993,17.2,0,11,4,36.4,0.64,0.23,0.00,0.00,26.8,1,0,0,0.5,0.5,0.05,-0.5,-0.5,Matches
97,98,Cárdenas,es ESP,GK,Levante,24,1997,24.0,0,0,0,,0.00,0.00,,,,0,0,0,0.0,0.0,,0.0,0.0,Matches
98,99,Carlo,es ESP,MF,Villarreal,20,2001,0.1,0,0,0,,0.00,0.00,,,,0,0,0,0.0,0.0,,0.0,0.0,Matches
99,100,Diego Carlos,br BRA,DF,Sevilla,28,1993,32.9,3,30,10,33.3,0.91,0.30,0.10,0.30,14.6,1,0,0,2.4,2.4,0.08,+0.6,+0.6,Matches
100,101,Carmona,es ESP,DF,Sevilla,19,2002,0.3,0,0,0,,0.00,0.00,,,,0,0,0,0.0,0.0,,0.0,0.0,Matches
101,102,Yannick Carrasco,be BEL,"FW,MF",Atlético Madrid,27,1993,28.7,6,48,9,18.8,1.67,0.31,0.08,0.44,18.2,0,2,2,6.0,4.9,0.10,0.0,-0.9,Matches
102,103,Guido Carrillo,ar ARG,FW,Elche,30,1991,13.0,2,23,10,43.5,1.77,0.77,0.09,0.20,11.3,0,0,0,2.9,2.9,0.12,-0.9,-0.9,Matches
103,104,Dani Carvajal,es ESP,DF,Real Madrid,29,1992,17.2,1,10,2,20.0,0.58,0.12,0.10,0.50,19.9,0,0,0,0.7,0.7,0.07,+0.3,+0.3,Matches
104,105,William Carvalho,pt POR,MF,Betis,29,1992,20.1,2,33,10,30.3,1.65,0.50,0.06,0.20,16.8,0,0,0,4.0,4.0,0.12,-2.0,-2.0,Matches
105,106,Casemiro,br BRA,MF,Real Madrid,29,1992,28.5,1,41,9,22.0,1.44,0.32,0.02,0.11,25.1,1,0,0,2.6,2.6,0.06,-1.6,-1.6,Matches
106,107,Kiko Casilla,es ESP,GK,Elche,34,1986,14.0,0,0,0,,0.00,0.00,,,,0,0,0,0.0,0.0,,0.0,0.0,Matches
107,108,Catena,es ESP,DF,Rayo Vallecano,26,1994,36.0,2,23,6,26.1,0.64,0.17,0.09,0.33,10.8,0,0,0,1.8,1.8,0.08,+0.2,+0.2,Matches
108,109,Dani Ceballos,es ESP,MF,Real Madrid,24,1996,3.1,0,10,4,40.0,3.26,1.30,0.00,0.00,20.1,1,0,0,0.8,0.7,0.07,-0.8,-0.7,Matches
109,110,Franco Cervi,ar ARG,MF,Celta Vigo,27,1994,20.0,4,22,9,40.9,1.10,0.45,0.18,0.44,16.2,0,0,0,3.2,3.2,0.16,+0.8,+0.8,Matches
110,111,Chapela,es ESP,"MF,FW",Cádiz,22,1999,4.4,0,3,0,0.0,0.68,0.00,0.00,,22.6,0,0,0,0.1,0.1,0.04,-0.1,-0.1,Matches
111,112,Chema,es ESP,MF,Getafe,29,1992,0.5,0,1,0,0.0,2.00,0.00,0.00,,29.2,0,0,0,0.0,0.0,0.03,0.0,0.0,Matches
112,113,Denis Cheryshev,ru RUS,"MF,FW",Valencia,30,1990,6.3,0,10,4,40.0,1.60,0.64,0.00,0.00,16.7,0,0,0,1.1,1.1,0.11,-1.1,-1.1,Matches
113,114,Samuel Chukwueze,ng NGA,"MF,FW",Villarreal,22,1999,14.8,3,32,7,21.9,2.16,0.47,0.09,0.43,16.3,0,0,0,4.5,4.5,0.14,-1.5,-1.5,Matches
114,115,Víctor Chust,es ESP,DF,Cádiz,21,2000,20.3,0,9,2,22.2,0.44,0.10,0.00,0.00,10.3,0,0,0,0.9,0.9,0.10,-0.9,-0.9,Matches
115,116,Jasper Cillessen,nl NED,GK,Valencia,32,1989,16.2,0,0,0,,0.00,0.00,,,,0,0,0,0.0,0.0,,0.0,0.0,Matches
116,117,Pathé Ciss,sn SEN,MF,Rayo Vallecano,27,1994,12.2,2,19,5,26.3,1.56,0.41,0.11,0.40,26.8,2,0,0,1.7,1.7,0.09,+0.3,+0.3,Matches
117,118,Carlos Clerc,es ESP,DF,Levante,29,1992,16.8,0,2,0,0.0,0.12,0.00,0.00,,16.5,0,0,0,0.4,0.4,0.19,-0.4,-0.4,Matches
118,119,Coke,es ESP,DF,Levante,34,1987,1.3,1,1,1,100.0,0.76,0.76,1.00,1.00,2.4,0,0,0,0.6,0.6,0.62,+0.4,+0.4,Matches
119,120,Álex Collado,es ESP,"MF,FW",Granada,22,1999,11.3,2,17,8,47.1,1.50,0.71,0.12,0.25,25.2,1,0,0,1.1,1.1,0.07,+0.9,+0.9,Matches
120,121,Eray Cömert,ch SUI,DF,Valencia,23,1998,4.5,0,3,1,33.3,0.66,0.22,0.00,0.00,8.8,0,0,0,0.4,0.4,0.14,-0.4,-0.4,Matches
121,122,Santi Comesaña,es ESP,MF,Rayo Vallecano,24,1996,29.8,1,32,5,15.6,1.07,0.17,0.03,0.20,13.4,1,0,0,3.9,3.9,0.12,-2.9,-2.9,Matches
122,123,Diego Conde,es ESP,GK,Getafe,22,1998,0.1,0,0,0,,0.00,0.00,,,,0,0,0,0.0,0.0,,0.0,0.0,Matches
123,124,Francis Coquelin,fr FRA,MF,Villarreal,30,1991,9.2,2,5,2,40.0,0.54,0.22,0.40,1.00,13.2,0,0,0,0.4,0.4,0.07,+1.6,+1.6,Matches
124,125,Jesús Corona,mx MEX,"FW,DF",Sevilla,28,1993,12.9,2,12,3,25.0,0.93,0.23,0.17,0.67,13.1,0,0,0,2.2,2.2,0.19,-0.2,-0.2,Matches
125,126,Ángel Correa,ar ARG,"FW,MF",Atlético Madrid,26,1995,20.6,12,50,23,46.0,2.42,1.12,0.24,0.52,17.0,0,0,0,7.6,7.6,0.15,+4.4,+4.4,Matches
126,127,Thierry Correia,pt POR,DF,Valencia,22,1999,15.7,0,3,1,33.3,0.19,0.06,0.00,0.00,20.0,0,0,0,0.2,0.2,0.08,-0.2,-0.2,Matches
127,128,Hélder Costa,ao ANG,"MF,FW",Valencia,27,1994,12.4,0,9,2,22.2,0.72,0.16,0.00,0.00,17.2,0,0,0,0.5,0.5,0.05,-0.5,-0.5,Matches
128,129,Jaume Costa,es ESP,DF,Mallorca,33,1988,20.3,0,11,2,18.2,0.54,0.10,0.00,0.00,19.6,0,0,0,0.6,0.6,0.06,-0.6,-0.6,Matches
129,130,Thibaut Courtois,be BEL,GK,Real Madrid,29,1992,36.0,0,0,0,,0.00,0.00,,,,0,0,0,0.0,0.0,,0.0,0.0,Matches
130,131,Philippe Coutinho,br BRA,"MF,FW",Barcelona,29,1992,5.6,2,23,6,26.1,4.12,1.07,0.04,0.17,19.0,2,1,1,3.3,2.6,0.11,-1.3,-1.6,Matches
131,132,Cristo,es ESP,DF,Real Sociedad,21,2000,0.2,0,1,0,0.0,5.29,0.00,0.00,,33.6,0,0,0,0.0,0.0,0.01,0.0,0.0,Matches
132,133,Juan Cruz Armada,es ESP,DF,Osasuna,29,1992,21.5,0,3,0,0.0,0.14,0.00,0.00,,17.2,0,0,0,0.2,0.2,0.08,-0.2,-0.2,Matches
133,134,Marc Cucurella,es ESP,"MF,DF",Getafe,23,1998,0.3,0,1,0,0.0,3.91,0.00,0.00,,18.8,0,0,0,0.1,0.1,0.06,-0.1,-0.1,Matches
134,135,Jorge Cuenca,es ESP,DF,Getafe,21,1999,29.8,1,16,7,43.8,0.54,0.23,0.06,0.14,12.4,0,0,0,1.1,1.1,0.07,-0.1,-0.1,Matches
135,136,Matheus Cunha,br BRA,FW,Atlético Madrid,22,1999,11.8,6,37,14,37.8,3.13,1.19,0.16,0.43,15.4,0,0,0,6.0,6.0,0.16,0.0,0.0,Matches
136,137,Sergi Darder,es ESP,MF,Espanyol,27,1993,34.7,3,44,17,38.6,1.27,0.49,0.07,0.18,24.1,0,0,0,3.1,3.1,0.07,-0.1,-0.1,Matches
137,138,Rodrigo De Paul,ar ARG,MF,Atlético Madrid,27,1994,23.9,3,24,9,37.5,1.00,0.38,0.13,0.33,22.8,0,0,0,1.9,1.9,0.08,+1.1,+1.1,Matches
138,139,Thomas Delaney,dk DEN,MF,Sevilla,29,1991,17.2,2,17,4,23.5,0.99,0.23,0.12,0.50,12.2,0,0,0,1.4,1.4,0.08,+0.6,+0.6,Matches
139,140,Ousmane Dembélé,fr FRA,FW,Barcelona,24,1997,15.7,1,46,7,15.2,2.94,0.45,0.02,0.14,19.5,1,0,0,3.1,3.1,0.07,-2.1,-2.1,Matches
140,141,Yusuf Demir,at AUT,FW,Barcelona,18,2003,2.1,0,1,0,0.0,0.47,0.00,0.00,,12.4,0,0,0,0.1,0.1,0.10,-0.1,-0.1,Matches
141,142,Memphis Depay,nl NED,FW,Barcelona,27,1994,20.6,12,56,29,51.8,2.72,1.41,0.14,0.28,19.4,6,4,5,11.5,7.5,0.13,+0.5,+0.5,Matches
142,143,Sergiño Dest,us USA,"DF,FW",Barcelona,20,2000,16.8,0,12,3,25.0,0.71,0.18,0.00,0.00,16.6,0,0,0,1.4,1.4,0.12,-1.4,-1.4,Matches
143,144,Boulaye Dia,sn SEN,FW,Villarreal,24,1996,14.1,5,37,11,29.7,2.62,0.78,0.14,0.45,14.3,0,0,0,5.9,5.9,0.16,-0.9,-0.9,Matches
144,145,Mouctar Diakhaby,gn GUI,DF,Valencia,24,1996,21.6,0,8,2,25.0,0.37,0.09,0.00,0.00,9.9,0,0,0,0.9,0.9,0.12,-0.9,-0.9,Matches
145,146,Javier Díaz,es ESP,GK,Sevilla,24,1997,1.0,0,0,0,,0.00,0.00,,,,0,0,0,0.0,0.0,,0.0,0.0,Matches
146,147,Víctor Díaz,es ESP,DF,Granada,33,1988,16.7,1,13,2,15.4,0.78,0.12,0.08,0.50,22.3,0,0,0,0.8,0.8,0.06,+0.2,+0.2,Matches
147,148,Landry Dimata,be BEL,"FW,MF",Espanyol,23,1997,6.0,0,8,0,0.0,1.33,0.00,0.00,,11.7,0,0,0,1.5,1.5,0.19,-1.5,-1.5,Matches
148,149,Stole Dimitrievski,mk MKD,GK,Rayo Vallecano,27,1993,30.8,0,0,0,,0.00,0.00,,,,0,0,0,0.0,0.0,,0.0,0.0,Matches
149,150,Matías Dituro,ar ARG,GK,Celta Vigo,34,1987,38.0,0,1,0,0.0,0.03,0.00,0.00,,20.2,0,0,0,0.0,0.0,0.03,0.0,0.0,Matches
150,151,Djené,tg TOG,DF,Getafe,29,1991,34.6,0,4,1,25.0,0.12,0.03,0.00,0.00,19.0,0,0,0,0.2,0.2,0.05,-0.2,-0.2,Matches
151,152,Naïs Djouahra,fr FRA,"FW,MF",Real Sociedad,21,1999,2.4,0,5,2,40.0,2.05,0.82,0.00,0.00,18.0,0,0,0,0.3,0.3,0.06,-0.3,-0.3,Matches
152,153,Marko Dmitrović,rs SRB,GK,Sevilla,29,1992,6.0,0,0,0,,0.00,0.00,,,,0,0,0,0.0,0.0,,0.0,0.0,Matches
153,154,Jaume Doménech,es ESP,GK,Valencia,30,1990,3.8,0,0,0,,0.00,0.00,,,,0,0,0,0.0,0.0,,0.0,0.0,Matches
154,155,Carlos Dominguez,es ESP,DF,Celta Vigo,20,2001,3.8,0,1,0,0.0,0.26,0.00,0.00,,7.7,0,0,0,0.1,0.1,0.13,-0.1,-0.1,Matches
155,156,Mario Dominguez,es ESP,FW,Valencia,17,2004,0.3,0,0,0,,0.00,0.00,,,,0,0,0,0.0,0.0,,0.0,0.0,Matches
156,157,John Donald,es ESP,DF,Elche,20,2000,2.0,0,2,1,50.0,1.00,0.50,0.00,0.00,12.1,0,0,0,0.4,0.4,0.18,-0.4,-0.4,Matches
157,158,Domingos Duarte,pt POR,DF,Granada,26,1995,18.7,1,6,1,16.7,0.32,0.05,0.17,1.00,9.2,0,0,0,0.9,0.9,0.15,+0.1,+0.1,Matches
158,159,Óscar Duarte,cr CRC,DF,Levante,32,1989,19.7,2,19,5,26.3,0.96,0.25,0.11,0.40,12.6,0,0,0,1.4,1.4,0.07,+0.6,+0.6,Matches
159,160,Rubén Duarte,es ESP,DF,Alavés,25,1995,29.1,0,9,3,33.3,0.31,0.10,0.00,0.00,23.8,0,0,0,0.4,0.4,0.04,-0.4,-0.4,Matches
160,161,Unai Dufur,es ESP,DF,Osasuna,22,1999,1.0,0,1,0,0.0,1.00,0.00,0.00,,9.0,0,0,0,0.0,0.0,0.04,0.0,0.0,Matches
161,162,Hugo Duro,es ESP,"DF,MF",Getafe,21,1999,0.1,0,2,1,50.0,15.00,7.50,0.00,0.00,16.8,0,0,0,0.1,0.1,0.05,-0.1,-0.1,Matches
162,163,Hugo Duro,es ESP,"FW,MF",Valencia,21,1999,20.4,7,31,15,48.4,1.52,0.74,0.23,0.47,11.7,0,0,0,4.2,4.2,0.14,+2.8,+2.8,Matches
163,164,Aritz Elustondo,es ESP,DF,Real Sociedad,27,1994,23.4,4,14,7,50.0,0.60,0.30,0.29,0.57,13.7,0,0,0,1.8,1.8,0.13,+2.2,+2.2,Matches
164,165,Adri Embarba,es ESP,"FW,MF",Espanyol,29,1992,22.1,0,49,16,32.7,2.22,0.73,0.00,0.00,23.1,15,0,0,3.7,3.7,0.08,-3.7,-3.7,Matches
165,166,Emerson,br BRA,DF,Barcelona,22,1999,1.0,0,0,0,,0.00,0.00,,,,0,0,0,0.0,0.0,,0.0,0.0,Matches
166,167,Youssef En-Nesyri,ma MAR,FW,Sevilla,24,1997,14.2,5,36,13,36.1,2.54,0.92,0.11,0.31,11.9,0,1,1,6.5,5.7,0.16,-1.5,-1.7,Matches
167,168,Gonzalo Escalante,ar ARG,MF,Alavés,28,1993,14.4,5,16,9,56.3,1.11,0.62,0.31,0.56,12.2,0,0,0,2.7,2.7,0.17,+2.3,+2.3,Matches
168,169,Aarón Escandell,es ESP,GK,Granada,25,1995,3.2,0,0,0,,0.00,0.00,,,,0,0,0,0.0,0.0,,0.0,0.0,Matches
169,170,Sergio Escudero,es ESP,"DF,MF",Granada,31,1989,15.9,2,21,4,19.0,1.32,0.25,0.10,0.50,27.1,4,0,0,1.1,1.1,0.05,+0.9,+0.9,Matches
170,171,Alfonso Espino,uy URU,DF,Cádiz,29,1992,37.0,2,27,7,25.9,0.73,0.19,0.07,0.29,20.7,0,0,0,1.8,1.6,0.06,+0.2,+0.4,Matches
171,172,Estanis,es ESP,FW,Barcelona,17,2003,0.1,0,0,0,,0.00,0.00,,,,0,0,0,0.0,0.0,,0.0,0.0,Matches
172,173,Pervis Estupiñán,ec ECU,DF,Villarreal,23,1998,17.5,0,14,4,28.6,0.80,0.23,0.00,0.00,19.1,0,0,0,1.0,1.0,0.07,-1.0,-1.0,Matches
173,174,Abdessamad Ezzalzouli,ma MAR,FW,Barcelona,19,2001,6.4,1,16,4,25.0,2.48,0.62,0.06,0.25,16.5,0,0,0,1.8,1.8,0.11,-0.8,-0.8,Matches
174,175,Radamel Falcao,co COL,FW,Rayo Vallecano,35,1986,9.3,6,33,15,45.5,3.54,1.61,0.18,0.40,13.4,2,0,0,5.4,5.4,0.16,+0.6,+0.6,Matches
175,176,Fali,es ESP,"DF,MF",Cádiz,27,1993,20.0,0,14,0,0.0,0.70,0.00,0.00,,16.9,2,0,0,0.9,0.9,0.06,-0.9,-0.9,Matches
176,177,Omar Faraj,se SWE,FW,Levante,19,2002,0.0,0,0,0,,0.00,0.00,,,,0,0,0,0.0,0.0,,0.0,0.0,Matches
177,178,Ansu Fati,es ESP,FW,Barcelona,18,2002,3.7,4,18,8,44.4,4.82,2.14,0.22,0.50,17.3,1,0,0,1.6,1.6,0.09,+2.4,+2.4,Matches
178,179,Aleix Febas,es ESP,MF,Mallorca,25,1996,1.3,0,0,0,,0.00,0.00,,,,0,0,0,0.0,0.0,,0.0,0.0,Matches
179,180,Nabil Fekir,fr FRA,MF,Betis,28,1993,31.0,6,84,32,38.1,2.71,1.03,0.07,0.19,21.4,11,0,0,6.1,6.1,0.07,-0.1,-0.1,Matches
180,181,Felipe,br BRA,DF,Atlético Madrid,32,1989,16.7,2,11,4,36.4,0.66,0.24,0.18,0.50,9.5,0,0,0,1.0,1.0,0.09,+1.0,+1.0,Matches
181,182,João Félix,pt POR,"FW,MF",Atlético Madrid,21,1999,14.0,8,39,15,38.5,2.78,1.07,0.21,0.53,14.8,1,0,0,6.2,6.2,0.16,+1.8,+1.8,Matches
182,183,Aitor Fernández,es ESP,GK,Levante,30,1991,13.0,0,0,0,,0.00,0.00,,,,0,0,0,0.0,0.0,,0.0,0.0,Matches
183,184,Álex Fernández,es ESP,MF,Cádiz,28,1992,22.8,3,19,6,31.6,0.83,0.26,0.11,0.33,20.7,0,1,2,3.3,1.7,0.09,-0.3,+0.3,Matches
184,185,Fernando,br BRA,"MF,DF",Sevilla,34,1987,20.6,1,6,1,16.7,0.29,0.05,0.17,1.00,18.5,0,0,0,0.8,0.8,0.13,+0.2,+0.2,Matches
185,186,Fidel,es ESP,MF,Elche,31,1989,25.1,5,17,7,41.2,0.68,0.28,0.24,0.57,15.8,1,1,1,2.9,2.1,0.13,+2.1,+1.9,Matches
186,187,José Fontán,es ESP,DF,Celta Vigo,21,2000,3.1,0,1,0,0.0,0.33,0.00,0.00,,14.0,0,0,0,0.1,0.1,0.13,-0.1,-0.1,Matches
187,188,Dimitri Foulquier,fr FRA,DF,Granada,28,1993,2.0,0,0,0,,0.00,0.00,,,,0,0,0,0.0,0.0,,0.0,0.0,Matches
188,189,Dimitri Foulquier,fr FRA,DF,Valencia,28,1993,26.0,0,16,5,31.3,0.61,0.19,0.00,0.00,21.9,0,0,0,0.9,0.9,0.06,-0.9,-0.9,Matches
189,190,Juan Foyth,ar ARG,DF,Villarreal,23,1998,21.4,1,6,2,33.3,0.28,0.09,0.17,0.50,12.1,0,0,0,0.8,0.8,0.14,+0.2,+0.2,Matches
190,191,Enric Franquesa,es ESP,"DF,FW",Levante,24,1997,6.9,0,1,0,0.0,0.14,0.00,0.00,,11.5,0,0,0,0.1,0.1,0.10,-0.1,-0.1,Matches
191,192,Jorge de Frutos,es ESP,"MF,FW",Levante,24,1997,19.6,4,46,20,43.5,2.35,1.02,0.09,0.20,15.9,0,0,0,6.4,6.4,0.14,-2.4,-2.4,Matches
192,193,Javi Galán,es ESP,DF,Celta Vigo,26,1994,36.6,0,19,5,26.3,0.52,0.14,0.00,0.00,27.7,1,0,0,0.6,0.6,0.03,-0.6,-0.6,Matches
193,194,Iñigo Ruiz de Galarreta,es ESP,MF,Mallorca,27,1993,15.3,0,8,3,37.5,0.52,0.20,0.00,0.00,22.6,0,0,0,0.6,0.6,0.07,-0.6,-0.6,Matches
194,195,Thiago Galhardo,br BRA,"FW,MF",Celta Vigo,32,1989,12.8,2,30,16,53.3,2.35,1.25,0.07,0.13,12.5,0,0,0,4.2,4.2,0.14,-2.2,-2.2,Matches
195,196,Álvaro García,es ESP,"FW,MF",Rayo Vallecano,28,1992,33.3,7,68,23,33.8,2.04,0.69,0.10,0.30,17.0,0,0,0,6.9,6.9,0.10,+0.1,+0.1,Matches
196,197,Dani García,es ESP,MF,Athletic Club,31,1990,24.2,0,12,2,16.7,0.50,0.08,0.00,0.00,20.6,0,0,0,0.6,0.6,0.05,-0.6,-0.6,Matches
197,198,David García,es ESP,DF,Osasuna,27,1994,34.5,4,31,4,12.9,0.90,0.12,0.13,1.00,12.8,0,0,0,1.5,1.5,0.05,+2.5,+2.5,Matches
198,199,Eric García,es ESP,DF,Barcelona,20,2001,22.7,0,6,4,66.7,0.26,0.18,0.00,0.00,24.6,0,0,0,0.2,0.2,0.03,-0.2,-0.2,Matches
199,200,Francisco Garcia,es ESP,DF,Rayo Vallecano,21,1999,33.6,1,25,8,32.0,0.74,0.24,0.04,0.13,23.6,0,0,0,1.3,1.3,0.05,-0.3,-0.3,Matches
200,201,Joan García,es ESP,GK,Espanyol,20,2001,1.2,0,0,0,,0.00,0.00,,,,0,0,0,0.0,0.0,,0.0,0.0,Matches
201,202,Manu García,es ESP,MF,Alavés,23,1998,12.0,0,8,1,12.5,0.67,0.08,0.00,0.00,22.7,0,0,0,0.5,0.5,0.06,-0.5,-0.5,Matches
202,203,Raúl García,es ESP,FW,Athletic Club,35,1986,20.0,6,43,12,27.9,2.15,0.60,0.14,0.50,17.0,0,0,1,6.1,5.3,0.12,-0.1,+0.7,Matches
203,204,Rubén García,es ESP,"MF,FW",Osasuna,28,1993,26.4,1,31,10,32.3,1.17,0.38,0.03,0.10,22.7,4,0,2,3.5,1.9,0.06,-2.5,-0.9,Matches
204,205,Saúl García,es ESP,MF,Alavés,26,1994,0.0,0,0,0,,0.00,0.00,,,,0,0,0,0.0,0.0,,0.0,0.0,Matches
205,206,Unai García,es ESP,DF,Osasuna,29,1992,15.6,0,8,0,0.0,0.51,0.00,0.00,,17.3,0,0,0,0.4,0.4,0.05,-0.4,-0.4,Matches
206,207,Mario Gaspar,es ESP,DF,Villarreal,30,1990,6.9,0,4,1,25.0,0.58,0.14,0.00,0.00,17.5,0,0,0,0.3,0.3,0.07,-0.3,-0.3,Matches
207,208,Gavi,es ESP,"MF,FW",Barcelona,16,2004,25.7,2,30,8,26.7,1.17,0.31,0.07,0.25,15.3,0,0,0,4.4,4.4,0.15,-2.4,-2.4,Matches
208,209,Óscar Gil,es ESP,DF,Espanyol,23,1998,18.8,0,6,1,16.7,0.32,0.05,0.00,0.00,24.9,0,0,0,0.3,0.3,0.05,-0.3,-0.3,Matches
209,210,Mario Gila,es ESP,DF,Real Madrid,20,2000,0.3,0,0,0,,0.00,0.00,,,,0,0,0,0.0,0.0,,0.0,0.0,Matches
210,211,Dani Gómez,es ESP,FW,Levante,23,1998,11.8,4,31,14,45.2,2.62,1.19,0.13,0.29,15.1,0,0,0,5.3,5.3,0.17,-1.3,-1.3,Matches
211,212,Maxi Gómez,uy URU,FW,Valencia,24,1996,21.7,5,43,13,30.2,1.98,0.60,0.12,0.38,18.1,6,0,0,5.4,5.4,0.13,-0.4,-0.4,Matches
212,213,Moi Gómez,es ESP,"MF,FW",Villarreal,27,1994,14.3,2,13,5,38.5,0.91,0.35,0.15,0.40,13.8,0,0,0,2.7,2.7,0.21,-0.7,-0.7,Matches
213,214,Papu Gómez,ar ARG,"FW,MF",Sevilla,33,1988,19.8,5,34,12,35.3,1.72,0.61,0.15,0.42,22.3,0,0,0,2.7,2.6,0.08,+2.3,+2.4,Matches
214,215,Sergi Gómez,es ESP,DF,Espanyol,29,1992,30.2,1,8,3,37.5,0.26,0.10,0.13,0.33,13.0,0,0,0,0.7,0.7,0.09,+0.3,+0.3,Matches
215,216,Maxime Gonalons,fr FRA,MF,Granada,32,1989,17.2,0,11,2,18.2,0.64,0.12,0.00,0.00,25.3,0,0,0,0.5,0.5,0.04,-0.5,-0.5,Matches
216,217,Diego González,es ESP,DF,Elche,26,1995,19.9,0,4,1,25.0,0.20,0.05,0.00,0.00,12.2,0,0,0,0.4,0.4,0.10,-0.4,-0.4,Matches
217,218,Édgar González,es ESP,DF,Betis,24,1997,16.3,1,5,1,20.0,0.31,0.06,0.20,1.00,8.6,0,0,0,1.0,1.0,0.19,0.0,0.0,Matches
218,219,Giovanni González,uy URU,DF,Mallorca,26,1994,4.1,1,3,1,33.3,0.74,0.25,0.33,1.00,13.4,0,0,0,0.4,0.4,0.13,+0.6,+0.6,Matches
219,220,Nicolás González,es ESP,MF,Barcelona,19,2002,12.4,2,17,3,17.6,1.37,0.24,0.12,0.67,21.4,0,0,0,1.4,1.4,0.08,+0.6,+0.6,Matches
220,221,Peter González,do DOM,"MF,DF",Real Madrid,19,2002,0.3,0,2,1,50.0,6.67,3.33,0.00,0.00,22.8,0,0,0,0.1,0.1,0.04,-0.1,-0.1,Matches
221,222,Roberto González,es ESP,"FW,MF",Betis,20,2001,1.5,0,2,0,0.0,1.33,0.00,0.00,,17.0,0,0,0,0.1,0.1,0.06,-0.1,-0.1,Matches
222,223,Gori,es ESP,MF,Espanyol,19,2002,0.1,0,0,0,,0.00,0.00,,,,0,0,0,0.0,0.0,,0.0,0.0,Matches
223,224,Andoni Gorosabel,es ESP,DF,Real Sociedad,24,1996,25.4,0,11,0,0.0,0.43,0.00,0.00,,19.6,0,0,0,0.8,0.8,0.07,-0.8,-0.8,Matches
224,225,Jaume Grau,es ESP,MF,Osasuna,24,1997,0.0,0,0,0,,0.00,0.00,,,,0,0,0,0.0,0.0,,0.0,0.0,Matches
225,226,Dominik Greif,sk SVK,GK,Mallorca,24,1997,1.0,0,0,0,,0.00,0.00,,,,0,0,0,0.0,0.0,,0.0,0.0,Matches
226,227,Clément Grenier,fr FRA,MF,Mallorca,30,1991,0.7,1,1,1,100.0,1.50,1.50,1.00,1.00,4.4,0,0,0,0.6,0.6,0.60,+0.4,+0.4,Matches
227,228,Antoine Griezmann,fr FRA,FW,Barcelona,30,1991,2.9,0,4,0,0.0,1.37,0.00,0.00,,13.7,0,0,0,0.4,0.4,0.11,-0.4,-0.4,Matches
228,229,Antoine Griezmann,fr FRA,"FW,MF",Atlético Madrid,30,1991,18.8,3,43,14,32.6,2.28,0.74,0.07,0.21,16.3,3,0,0,5.3,5.3,0.12,-2.3,-2.3,Matches
229,230,Arnaut Groeneveld,nl NED,FW,Villarreal,24,1997,16.4,10,59,25,42.4,3.61,1.53,0.12,0.28,15.1,2,3,3,11.8,10.1,0.17,-1.8,-3.1,Matches
230,231,Andrés Guardado,mx MEX,MF,Betis,34,1986,15.5,0,15,3,20.0,0.97,0.19,0.00,0.00,24.5,0,0,0,1.1,1.1,0.07,-1.1,-1.1,Matches
231,232,Sergi Guardiola,es ESP,FW,Rayo Vallecano,30,1991,19.0,8,50,16,32.0,2.63,0.84,0.14,0.44,14.5,0,1,1,7.7,6.9,0.14,+0.3,+0.1,Matches
232,233,Nemanja Gudelj,rs SRB,"DF,MF",Sevilla,29,1991,11.6,0,4,1,25.0,0.34,0.09,0.00,0.00,25.2,1,0,0,0.1,0.1,0.04,-0.1,-0.1,Matches
233,234,Gonçalo Guedes,pt POR,"FW,MF",Valencia,24,1996,29.0,11,67,24,35.8,2.31,0.83,0.15,0.42,21.9,3,1,2,6.6,4.9,0.07,+4.4,+5.1,Matches
234,235,Ander Guevara,es ESP,MF,Real Sociedad,24,1997,9.6,0,2,0,0.0,0.21,0.00,0.00,,23.0,0,0,0,0.1,0.1,0.05,-0.1,-0.1,Matches
235,236,John Guidetti,se SWE,"FW,MF",Alavés,29,1992,3.1,0,10,2,20.0,3.23,0.65,0.00,0.00,15.6,1,0,0,0.9,0.9,0.09,-0.9,-0.9,Matches
236,237,Hugo Guillamón,es ESP,"MF,DF",Valencia,21,2000,26.2,1,7,2,28.6,0.27,0.08,0.14,0.50,18.2,0,0,0,0.6,0.6,0.08,+0.4,+0.4,Matches
237,238,Gerard Gumbau,es ESP,MF,Elche,26,1994,21.0,0,21,3,14.3,1.00,0.14,0.00,0.00,29.1,3,0,0,1.0,1.0,0.05,-1.0,-1.0,Matches
238,239,Jon Guridi,es ESP,MF,Real Sociedad,26,1995,2.3,1,2,1,50.0,0.87,0.44,0.50,1.00,7.1,0,0,0,0.8,0.8,0.42,+0.2,+0.2,Matches
239,240,Raúl Guti,es ESP,MF,Elche,24,1996,18.1,0,18,5,27.8,1.00,0.28,0.00,0.00,22.9,0,0,0,1.6,1.6,0.09,-1.6,-1.6,Matches
240,241,Marcos Mauro López Gutiérrez,ar ARG,DF,Cádiz,30,1991,1.5,0,0,0,,0.00,0.00,,,,0,0,0,0.0,0.0,,0.0,0.0,Matches
241,242,Miguel Gutiérrez,es ESP,DF,Real Madrid,20,2001,2.9,0,0,0,,0.00,0.00,,,,0,0,0,0.0,0.0,,0.0,0.0,Matches
242,243,Munir El Haddadi,ma MAR,"FW,MF",Sevilla,25,1995,5.3,2,12,7,58.3,2.28,1.33,0.17,0.29,14.0,0,0,0,1.5,1.5,0.13,+0.5,+0.5,Matches
243,244,Varazdat Haroyan,am ARM,DF,Cádiz,28,1992,16.0,1,3,2,66.7,0.19,0.13,0.33,0.50,7.8,0,0,0,0.7,0.7,0.24,+0.3,+0.3,Matches
244,245,Eden Hazard,be BEL,"FW,MF",Real Madrid,30,1991,8.0,0,12,7,58.3,1.51,0.88,0.00,0.00,16.0,0,0,0,1.2,1.2,0.10,-1.2,-1.2,Matches
245,246,Kike Hermoso,es ESP,DF,Betis,21,1999,1.0,1,2,1,50.0,2.00,1.00,0.50,1.00,10.5,0,0,0,0.2,0.2,0.12,+0.8,+0.8,Matches
246,247,Mario Hermoso,es ESP,DF,Atlético Madrid,26,1995,20.7,2,17,4,23.5,0.82,0.19,0.12,0.50,16.2,0,0,0,2.4,2.4,0.14,-0.4,-0.4,Matches
247,248,Aridane Hernández,gq EQG,DF,Osasuna,32,1989,12.9,0,2,0,0.0,0.16,0.00,0.00,,14.2,0,0,0,0.2,0.2,0.08,-0.2,-0.2,Matches
248,249,Luis Hernández,es ESP,DF,Cádiz,32,1989,15.2,0,6,1,16.7,0.40,0.07,0.00,0.00,12.3,0,0,0,0.7,0.7,0.12,-0.7,-0.7,Matches
249,250,Mario Hernández,es ESP,"DF,FW",Rayo Vallecano,22,1999,4.4,1,3,1,33.3,0.68,0.23,0.33,1.00,15.4,0,0,0,0.3,0.3,0.11,+0.7,+0.7,Matches
250,251,Héctor Herrera,mx MEX,MF,Atlético Madrid,31,1990,9.5,0,8,3,37.5,0.84,0.31,0.00,0.00,23.8,0,0,0,0.5,0.5,0.06,-0.5,-0.5,Matches
251,252,Sergio Herrera,es ESP,GK,Osasuna,28,1993,36.0,0,0,0,,0.00,0.00,,,,0,0,0,0.0,0.0,,0.0,0.0,Matches
252,253,Yangel Herrera,ve VEN,MF,Espanyol,23,1998,18.3,1,15,2,13.3,0.82,0.11,0.07,0.50,19.8,0,0,0,1.0,1.0,0.07,0.0,0.0,Matches
253,254,Matthew Hoppe,us USA,"FW,MF",Mallorca,20,2001,1.5,0,2,0,0.0,1.37,0.00,0.00,,16.9,0,0,0,0.1,0.1,0.06,-0.1,-0.1,Matches
254,255,Robert Ibáñez,es ESP,"MF,FW",Osasuna,28,1993,1.0,0,3,0,0.0,2.90,0.00,0.00,,17.3,0,0,0,0.3,0.3,0.10,-0.3,-0.3,Matches
255,256,Vicente Iborra,es ESP,MF,Villarreal,33,1988,11.5,0,8,2,25.0,0.70,0.17,0.00,0.00,15.6,0,0,0,0.9,0.9,0.12,-0.9,-0.9,Matches
256,257,Oussama Idrissi,ma MAR,"MF,FW",Sevilla,25,1996,1.4,0,4,2,50.0,2.83,1.42,0.00,0.00,17.9,0,0,0,0.2,0.2,0.06,-0.2,-0.2,Matches
257,258,Oussama Idrissi,ma MAR,MF,Cádiz,25,1996,10.0,1,21,8,38.1,2.10,0.80,0.05,0.13,20.1,0,0,0,2.0,2.0,0.10,-1.0,-1.0,Matches
258,259,Iglesias,es ESP,DF,Getafe,23,1998,8.0,0,5,0,0.0,0.63,0.00,0.00,,33.6,0,0,0,0.1,0.1,0.02,-0.1,-0.1,Matches
259,260,Borja Iglesias,es ESP,FW,Betis,28,1993,17.5,10,35,16,45.7,2.00,0.92,0.20,0.44,16.2,0,3,3,7.5,5.1,0.15,+2.5,+1.9,Matches
260,261,Asier Illarramendi,es ESP,MF,Real Sociedad,31,1990,4.2,0,0,0,,0.00,0.00,,,,0,0,0,0.0,0.0,,0.0,0.0,Matches
261,262,Nikita Iosifov,ru RUS,MF,Villarreal,20,2001,0.0,0,0,0,,0.00,0.00,,,,0,0,0,0.0,0.0,,0.0,0.0,Matches
262,263,Alexander Isak,se SWE,FW,Real Sociedad,21,1999,23.8,6,71,33,46.5,2.99,1.39,0.06,0.12,15.7,3,2,2,11.2,9.6,0.14,-5.2,-5.6,Matches
263,264,Isco,es ESP,"MF,FW",Real Madrid,29,1992,3.7,1,9,3,33.3,2.45,0.82,0.11,0.33,16.5,0,0,0,1.0,1.0,0.11,0.0,0.0,Matches
264,265,Nicolas Jackson,sn SEN,"FW,MF",Villarreal,20,2001,1.8,0,5,1,20.0,2.73,0.55,0.00,0.00,11.6,0,0,0,0.7,0.7,0.14,-0.7,-0.7,Matches
265,266,Jakub Jankto,cz CZE,"DF,MF",Getafe,25,1996,6.5,0,6,0,0.0,0.92,0.00,0.00,,21.9,0,0,0,0.4,0.4,0.06,-0.4,-0.4,Matches
266,267,Adnan Januzaj,be BEL,"FW,MF",Real Sociedad,26,1995,18.1,3,40,13,32.5,2.22,0.72,0.03,0.08,23.1,9,2,2,4.5,2.9,0.07,-1.5,-1.9,Matches
267,268,Jason,es ESP,"MF,FW",Alavés,27,1994,7.5,0,9,2,22.2,1.19,0.27,0.00,0.00,21.4,1,0,0,1.0,1.0,0.11,-1.0,-1.0,Matches
268,269,Jason,es ESP,"MF,DF",Valencia,27,1994,0.8,0,2,0,0.0,2.40,0.00,0.00,,23.7,0,0,0,0.1,0.1,0.04,-0.1,-0.1,Matches
269,270,Luis Javier Suárez,co COL,FW,Granada,23,1997,31.6,8,85,25,29.4,2.69,0.79,0.09,0.32,17.1,1,0,1,11.4,10.7,0.13,-3.4,-2.7,Matches
270,271,Álvaro Jiménez,es ESP,"MF,FW",Cádiz,26,1995,2.6,0,3,1,33.3,1.15,0.38,0.00,0.00,19.4,0,0,0,0.2,0.2,0.05,-0.2,-0.2,Matches
271,272,Joaquín,es ESP,"FW,MF",Betis,40,1981,5.2,0,10,3,30.0,1.91,0.57,0.00,0.00,14.1,0,0,0,1.9,1.9,0.19,-1.9,-1.9,Matches
272,273,Jofre,es ESP,"MF,DF",Espanyol,20,2001,0.2,0,0,0,,0.00,0.00,,,,0,0,0,0.0,0.0,,0.0,0.0,Matches
273,274,Frenkie de Jong,nl NED,MF,Barcelona,24,1997,27.5,3,17,7,41.2,0.62,0.25,0.18,0.43,14.4,0,0,0,4.2,4.2,0.25,-1.2,-1.2,Matches
274,275,Luuk de Jong,nl NED,FW,Barcelona,30,1990,7.3,6,24,10,41.7,3.30,1.38,0.25,0.60,10.5,0,0,0,4.3,4.3,0.18,+1.7,+1.7,Matches
275,276,Joan Jordán,es ESP,MF,Sevilla,27,1994,27.9,0,16,1,6.3,0.57,0.04,0.00,0.00,21.5,1,0,0,1.1,1.1,0.07,-1.1,-1.1,Matches
276,277,Josan,es ESP,"DF,MF",Elche,31,1989,13.5,2,12,5,41.7,0.89,0.37,0.17,0.40,14.9,0,0,0,1.2,1.2,0.10,+0.8,+0.8,Matches
277,278,Willian José,br BRA,FW,Betis,29,1991,17.8,8,32,9,28.1,1.80,0.50,0.16,0.56,19.2,3,3,3,6.7,4.4,0.14,+1.3,+0.6,Matches
278,279,Joselu,es ESP,FW,Alavés,31,1990,34.7,14,90,33,36.7,2.59,0.95,0.09,0.24,18.6,5,6,7,13.9,8.4,0.09,+0.1,-0.4,Matches
279,280,Josema,es ESP,DF,Elche,25,1996,2.0,0,0,0,,0.00,0.00,,,,0,0,0,0.0,0.0,,0.0,0.0,Matches
280,281,Luka Jović,rs SRB,FW,Real Madrid,23,1997,4.1,1,16,4,25.0,3.90,0.98,0.06,0.25,13.8,0,0,0,2.7,2.7,0.17,-1.7,-1.7,Matches
281,282,Miguel Juan Llambrich,es ESP,DF,Espanyol,25,1996,0.8,0,0,0,,0.00,0.00,,,,0,0,0,0.0,0.0,,0.0,0.0,Matches
282,283,José Juan Macías,mx MEX,"FW,MF",Getafe,21,1999,2.2,0,4,0,0.0,1.79,0.00,0.00,,19.0,0,0,0,0.2,0.2,0.04,-0.2,-0.2,Matches
283,284,Juanmi,es ESP,FW,Betis,28,1993,23.7,16,55,30,54.5,2.32,1.27,0.29,0.53,14.2,0,0,0,11.3,11.3,0.21,+4.7,+4.7,Matches
284,285,Lago Junior,ci CIV,"FW,MF",Mallorca,30,1990,2.0,0,6,1,16.7,3.05,0.51,0.00,0.00,16.6,0,0,0,0.6,0.6,0.10,-0.6,-0.6,Matches
285,286,Vinicius Júnior,br BRA,FW,Real Madrid,21,2000,29.9,17,80,42,52.5,2.68,1.41,0.21,0.40,15.2,0,0,0,13.7,13.7,0.17,+3.3,+3.3,Matches
286,287,Jutglà,es ESP,FW,Barcelona,22,1999,3.3,1,10,4,40.0,2.99,1.20,0.10,0.25,16.9,0,0,0,1.9,1.9,0.19,-0.9,-0.9,Matches
287,288,Jens Jønsson,dk DEN,MF,Cádiz,28,1993,14.5,0,6,0,0.0,0.41,0.00,0.00,,13.7,0,0,0,0.5,0.5,0.09,-0.5,-0.5,Matches
288,289,Lee Kangin,kr KOR,"MF,FW",Mallorca,20,2001,15.7,1,36,15,41.7,2.30,0.96,0.03,0.07,25.5,8,0,0,1.6,1.6,0.04,-0.6,-0.6,Matches
289,290,Kike,es ESP,FW,Osasuna,31,1989,20.7,5,52,19,36.5,2.51,0.92,0.08,0.21,15.8,0,1,1,7.3,6.5,0.13,-2.3,-2.5,Matches
290,291,Koba Koindredi,fr FRA,MF,Valencia,19,2001,2.0,0,1,0,0.0,0.50,0.00,0.00,,32.8,0,0,0,0.0,0.0,0.02,0.0,0.0,Matches
291,292,Koke,es ESP,MF,Atlético Madrid,29,1992,27.9,1,12,6,50.0,0.43,0.22,0.08,0.17,26.2,0,0,0,1.1,1.1,0.10,-0.1,-0.1,Matches
292,293,Luca Koleosho,ca CAN,FW,Espanyol,16,2004,0.0,0,0,0,,0.00,0.00,,,,0,0,0,0.0,0.0,,0.0,0.0,Matches
293,294,Geoffrey Kondogbia,cf CTA,"MF,DF",Atlético Madrid,28,1993,20.9,1,15,1,6.7,0.72,0.05,0.07,1.00,25.4,0,0,0,0.6,0.6,0.04,+0.4,+0.4,Matches
294,295,Jules Koundé,fr FRA,DF,Sevilla,22,1998,30.4,2,13,3,23.1,0.43,0.10,0.15,0.67,12.5,0,0,0,1.5,1.5,0.12,+0.5,+0.5,Matches
295,296,Toni Kroos,de GER,MF,Real Madrid,31,1990,23.4,1,46,12,26.1,1.97,0.51,0.02,0.08,24.0,4,0,0,2.7,2.7,0.06,-1.7,-1.7,Matches
296,297,Takefusa Kubo,jp JPN,"FW,MF",Mallorca,20,2001,17.8,1,48,8,16.7,2.69,0.45,0.02,0.13,20.6,2,0,0,3.2,3.2,0.07,-2.2,-2.2,Matches
297,298,Víctor Laguardia,es ESP,DF,Alavés,31,1989,33.8,3,13,5,38.5,0.38,0.15,0.23,0.60,9.5,0,0,0,1.9,1.9,0.15,+1.1,+1.1,Matches
298,299,Diego Lainez,mx MEX,FW,Betis,21,2000,1.6,0,1,1,100.0,0.64,0.64,0.00,0.00,18.0,0,0,0,0.1,0.1,0.10,-0.1,-0.1,Matches
299,300,Érik Lamela,ar ARG,"FW,MF",Sevilla,29,1992,11.3,5,21,12,57.1,1.86,1.06,0.24,0.42,16.1,0,0,0,3.0,3.0,0.14,+2.0,+2.0,Matches
300,301,Latasa,es ESP,FW,Real Madrid,20,2001,0.1,0,1,0,0.0,10.00,0.00,0.00,,9.3,0,0,0,0.1,0.1,0.10,-0.1,-0.1,Matches
301,302,Toni Lato,es ESP,DF,Valencia,23,1997,6.6,0,0,0,,0.00,0.00,,,,0,0,0,0.0,0.0,,0.0,0.0,Matches
302,303,Robin Le Normand,fr FRA,DF,Real Sociedad,24,1996,37.0,1,18,5,27.8,0.49,0.14,0.06,0.20,10.2,0,0,0,1.8,1.8,0.10,-0.8,-0.8,Matches
303,304,Jeremías Ledesma,ar ARG,GK,Cádiz,28,1993,38.0,0,1,1,100.0,0.03,0.03,0.00,0.00,14.3,0,0,0,0.0,0.0,0.03,0.0,0.0,Matches
304,305,Wu Lei,cn CHN,"FW,MF",Espanyol,29,1991,5.3,1,7,5,71.4,1.33,0.95,0.14,0.20,14.5,0,0,0,0.9,0.9,0.12,+0.1,+0.1,Matches
305,306,Florian Lejeune,fr FRA,DF,Alavés,30,1991,30.0,0,22,2,9.1,0.73,0.07,0.00,0.00,20.9,6,0,0,1.7,1.7,0.08,-1.7,-1.7,Matches
306,307,Iñigo Lekue,es ESP,DF,Athletic Club,28,1993,21.4,0,7,1,14.3,0.33,0.05,0.00,0.00,25.7,0,0,0,0.3,0.3,0.04,-0.3,-0.3,Matches
307,308,Thomas Lemar,fr FRA,MF,Atlético Madrid,25,1995,16.0,4,29,8,27.6,1.81,0.50,0.14,0.50,18.6,1,0,0,3.8,3.8,0.13,+0.2,+0.2,Matches
308,309,Ruben Lendinez,es ESP,DF,Valencia,18,2003,1.5,0,1,0,0.0,0.66,0.00,0.00,,14.2,0,0,0,0.0,0.0,0.02,0.0,0.0,Matches
309,310,Clément Lenglet,fr FRA,DF,Barcelona,26,1995,9.2,0,2,1,50.0,0.22,0.11,0.00,0.00,10.1,0,0,0,0.2,0.2,0.09,-0.2,-0.2,Matches
310,311,Javier Llabrés,,"FW,MF",Mallorca,,,1.5,0,5,2,40.0,3.41,1.36,0.00,0.00,24.4,0,0,0,0.2,0.2,0.04,-0.2,-0.2,Matches
311,312,Marcos Llorente,es ESP,"MF,DF",Atlético Madrid,26,1995,27.2,0,16,2,12.5,0.59,0.07,0.00,0.00,20.9,0,0,0,0.9,0.9,0.06,-0.9,-0.9,Matches
312,313,Giovani Lo Celso,ar ARG,"FW,MF",Villarreal,25,1996,11.0,1,18,6,33.3,1.63,0.54,0.06,0.17,18.2,1,0,0,1.4,1.4,0.08,-0.4,-0.4,Matches
313,314,Julen Lobete,es ESP,"FW,MF",Real Sociedad,20,2000,3.2,2,10,2,20.0,3.17,0.63,0.20,1.00,13.7,0,0,0,1.1,1.1,0.11,+0.9,+0.9,Matches
314,315,Renan Lodi,br BRA,DF,Atlético Madrid,23,1998,13.1,2,10,4,40.0,0.76,0.30,0.20,0.50,17.1,0,0,0,0.8,0.8,0.08,+1.2,+1.2,Matches
315,316,David López,es ESP,"MF,DF",Espanyol,31,1989,8.3,0,5,4,80.0,0.61,0.48,0.00,0.00,13.6,0,0,0,0.5,0.5,0.09,-0.5,-0.5,Matches
316,317,Diego López,es ESP,GK,Espanyol,39,1981,35.3,0,0,0,,0.00,0.00,,,,0,0,0,0.0,0.0,,0.0,0.0,Matches
317,318,Javi López,es ESP,DF,Alavés,19,2002,5.1,0,0,0,,0.00,0.00,,,,0,0,0,0.0,0.0,,0.0,0.0,Matches
318,319,Unai López,es ESP,MF,Rayo Vallecano,25,1995,12.9,0,19,7,36.8,1.47,0.54,0.00,0.00,24.6,4,0,0,1.2,1.2,0.07,-1.2,-1.2,Matches
319,320,Anthony Lozano,hn HON,"FW,MF",Cádiz,28,1993,18.6,7,49,20,40.8,2.64,1.08,0.14,0.35,14.5,0,0,0,5.4,5.4,0.11,+1.6,+1.6,Matches
320,321,Florentino Luís,pt POR,MF,Getafe,21,1999,11.0,0,3,1,33.3,0.27,0.09,0.00,0.00,26.9,0,0,0,0.1,0.1,0.03,-0.1,-0.1,Matches
321,322,José Luis Gayà,es ESP,DF,Valencia,26,1995,20.8,2,18,9,50.0,0.87,0.43,0.11,0.22,20.3,1,0,0,1.6,1.6,0.09,+0.4,+0.4,Matches
322,323,José Luis Morales,es ESP,"FW,MF",Levante,34,1987,30.2,13,76,31,40.8,2.52,1.03,0.13,0.32,18.9,2,3,5,15.1,11.8,0.15,-2.1,-1.8,Matches
323,324,Luismi,es ESP,"FW,MF",Sevilla,20,2001,0.1,0,0,0,,0.00,0.00,,,,0,0,0,0.0,0.0,,0.0,0.0,Matches
324,325,Andriy Lunin,ua UKR,GK,Real Madrid,22,1999,2.0,0,0,0,,0.00,0.00,,,,0,0,0,0.0,0.0,,0.0,0.0,Matches
325,326,Darwin Machís,ve VEN,"MF,FW",Granada,28,1993,15.3,4,37,17,45.9,2.42,1.11,0.11,0.24,21.9,1,0,0,2.1,2.1,0.06,+1.9,+1.9,Matches
326,327,Pablo Maffeo,es ESP,DF,Mallorca,24,1997,32.7,1,29,7,24.1,0.89,0.21,0.03,0.14,20.0,0,0,0,2.2,2.2,0.08,-1.2,-1.2,Matches
327,328,Nemanja Maksimović,rs SRB,MF,Getafe,26,1995,32.6,1,31,5,16.1,0.95,0.15,0.03,0.20,15.9,0,0,0,2.9,2.9,0.09,-1.9,-1.9,Matches
328,329,Hugo Mallo,es ESP,DF,Celta Vigo,30,1991,20.3,1,17,2,11.8,0.84,0.10,0.06,0.50,17.9,0,0,0,1.1,1.1,0.07,-0.1,-0.1,Matches
329,330,Mickael Malsa,mq MTQ,MF,Levante,25,1995,12.7,1,13,2,15.4,1.02,0.16,0.08,0.50,22.8,0,0,0,1.0,1.0,0.08,0.0,0.0,Matches
330,331,Giorgi Mamardashvili,ge GEO,GK,Valencia,20,2000,18.0,0,0,0,,0.00,0.00,,,,0,0,0,0.0,0.0,,0.0,0.0,Matches
331,332,Reinildo Mandava,mz MOZ,DF,Atlético Madrid,27,1994,14.4,0,2,0,0.0,0.14,0.00,0.00,,8.7,0,0,0,0.4,0.4,0.19,-0.4,-0.4,Matches
332,333,Aïssa Mandi,dz ALG,DF,Villarreal,29,1991,15.3,1,10,3,30.0,0.65,0.20,0.10,0.33,10.1,0,0,0,1.6,1.6,0.16,-0.6,-0.6,Matches
333,334,Maranhão,br BRA,"FW,MF",Valencia,24,1996,10.8,1,30,8,26.7,2.77,0.74,0.03,0.13,14.8,0,0,0,3.7,3.7,0.12,-2.7,-2.7,Matches
334,335,Nikola Maraš,rs SRB,DF,Rayo Vallecano,25,1995,11.6,0,1,0,0.0,0.09,0.00,0.00,,17.0,0,0,0,0.0,0.0,0.02,0.0,0.0,Matches
335,336,Marcelo,br BRA,DF,Real Madrid,33,1988,5.8,0,8,3,37.5,1.37,0.51,0.00,0.00,20.8,0,0,0,0.4,0.4,0.05,-0.4,-0.4,Matches
336,337,Iván Marcone,ar ARG,MF,Elche,31,1990,9.0,0,2,0,0.0,0.22,0.00,0.00,,19.7,0,0,0,0.2,0.2,0.09,-0.2,-0.2,Matches
337,338,Óscar de Marcos,es ESP,DF,Athletic Club,32,1989,18.7,1,3,3,100.0,0.16,0.16,0.33,0.33,16.2,0,0,0,0.3,0.3,0.11,+0.7,+0.7,Matches
338,339,José Mari,es ESP,MF,Cádiz,33,1987,4.3,0,4,1,25.0,0.93,0.23,0.00,0.00,14.2,0,0,0,0.4,0.4,0.11,-0.4,-0.4,Matches
339,340,José María Giménez,uy URU,DF,Atlético Madrid,26,1995,22.7,1,20,7,35.0,0.88,0.31,0.05,0.14,13.5,0,0,0,2.0,2.0,0.10,-1.0,-1.0,Matches
340,341,Mariano,do DOM,FW,Real Madrid,27,1993,3.8,1,14,3,21.4,3.68,0.79,0.07,0.33,13.0,0,0,0,2.3,2.3,0.17,-1.3,-1.3,Matches
341,342,Mika Màrmol,es ESP,DF,Barcelona,20,2001,0.0,0,0,0,,0.00,0.00,,,,0,0,0,0.0,0.0,,0.0,0.0,Matches
342,343,Roger Martí,es ESP,FW,Levante,30,1991,23.5,7,46,17,37.0,1.96,0.72,0.13,0.35,17.0,0,1,3,9.0,6.6,0.15,-2.0,-0.6,Matches
343,344,Anthony Martial,fr FRA,"FW,MF",Sevilla,25,1995,5.4,0,7,3,42.9,1.29,0.55,0.00,0.00,21.8,1,0,0,0.6,0.6,0.09,-0.6,-0.6,Matches
344,345,Martín,es ESP,MF,Cádiz,22,1999,1.3,0,2,0,0.0,1.57,0.00,0.00,,30.0,1,0,0,0.1,0.1,0.04,-0.1,-0.1,Matches
345,346,Ander Martin,es ESP,"FW,MF",Real Sociedad,20,2000,1.0,0,3,2,66.7,3.07,2.05,0.00,0.00,25.7,0,0,0,0.1,0.1,0.05,-0.1,-0.1,Matches
346,347,Andrés Martín,es ESP,"FW,MF",Rayo Vallecano,22,1999,2.1,0,5,1,20.0,2.42,0.48,0.00,0.00,17.9,0,0,0,0.7,0.7,0.14,-0.7,-0.7,Matches
347,348,Carlos Martín,es ESP,DF,Atlético Madrid,19,2002,0.1,0,0,0,,0.00,0.00,,,,0,0,0,0.0,0.0,,0.0,0.0,Matches
348,349,Iván Martín,es ESP,"MF,FW",Alavés,22,1999,1.8,0,1,0,0.0,0.54,0.00,0.00,,20.8,0,0,0,0.1,0.1,0.11,-0.1,-0.1,Matches
349,350,Iñigo Martínez,es ESP,DF,Athletic Club,30,1991,26.0,3,27,8,29.6,1.04,0.31,0.11,0.38,13.4,3,0,0,2.2,2.2,0.08,+0.8,+0.8,Matches
350,351,Javi Martínez,es ESP,"MF,FW",Osasuna,21,1999,9.8,1,9,2,22.2,0.92,0.20,0.11,0.50,16.3,0,0,0,0.7,0.7,0.08,+0.3,+0.3,Matches
351,352,Pablo Martínez,es ESP,MF,Levante,23,1998,7.3,0,11,1,9.1,1.51,0.14,0.00,0.00,23.8,0,0,0,0.7,0.7,0.06,-0.7,-0.7,Matches
352,353,Omar Mascarell,es ESP,MF,Elche,28,1993,27.7,0,12,1,8.3,0.43,0.04,0.00,0.00,24.2,0,0,0,0.6,0.6,0.05,-0.6,-0.6,Matches
353,354,Jaime Mata,es ESP,FW,Getafe,32,1988,7.5,1,10,3,30.0,1.34,0.40,0.10,0.33,15.0,0,0,0,1.2,1.2,0.12,-0.2,-0.2,Matches
354,355,Luís Maximiano,pt POR,GK,Granada,22,1999,34.8,0,0,0,,0.00,0.00,,,,0,0,0,0.0,0.0,,0.0,0.0,Matches
355,356,Borja Mayoral,es ESP,FW,Getafe,24,1997,11.6,6,16,6,37.5,1.38,0.52,0.31,0.83,16.5,0,1,1,2.9,2.2,0.14,+3.1,+2.8,Matches
356,357,Jordi Mboula,es ESP,FW,Mallorca,22,1999,4.8,0,5,0,0.0,1.04,0.00,0.00,,13.0,0,0,0,0.7,0.7,0.13,-0.7,-0.7,Matches
357,358,Óscar Melendo,es ESP,"MF,FW",Espanyol,23,1997,11.0,0,8,0,0.0,0.73,0.00,0.00,,17.5,0,0,0,0.5,0.5,0.07,-0.5,-0.5,Matches
358,359,Gonzalo Melero,es ESP,MF,Levante,27,1994,18.8,7,20,9,45.0,1.06,0.48,0.25,0.56,17.1,0,2,2,4.2,2.6,0.13,+2.8,+2.4,Matches
359,360,Tomás Mendes,es ESP,MF,Alavés,16,2004,0.1,0,0,0,,0.00,0.00,,,,0,0,0,0.0,0.0,,0.0,0.0,Matches
360,361,Brais Méndez,es ESP,MF,Celta Vigo,24,1997,33.6,4,56,16,28.6,1.67,0.48,0.07,0.25,19.3,3,0,0,5.2,5.2,0.09,-1.2,-1.2,Matches
361,362,Édgar Méndez,es ESP,"FW,MF",Alavés,31,1990,17.9,1,25,8,32.0,1.39,0.45,0.04,0.13,19.3,0,0,0,1.9,1.9,0.08,-0.9,-0.9,Matches
362,363,Ferland Mendy,fr FRA,DF,Real Madrid,26,1995,19.3,2,12,5,41.7,0.62,0.26,0.17,0.40,19.4,0,0,0,1.1,1.1,0.09,+0.9,+0.9,Matches
363,364,Fran Mérida,es ESP,MF,Espanyol,31,1990,3.0,0,4,0,0.0,1.35,0.00,0.00,,22.6,0,0,0,0.2,0.2,0.04,-0.2,-0.2,Matches
364,365,Mikel Merino,es ESP,MF,Real Sociedad,25,1996,32.1,3,45,15,33.3,1.40,0.47,0.07,0.20,17.3,0,0,0,4.5,4.5,0.10,-1.5,-1.5,Matches
365,366,Martín Merquelanz,es ESP,"FW,MF",Rayo Vallecano,26,1995,1.9,0,2,0,0.0,1.04,0.00,0.00,,20.9,1,0,0,0.2,0.2,0.08,-0.2,-0.2,Matches
366,367,Matt Miazga,us USA,DF,Alavés,26,1995,9.3,0,7,3,42.9,0.76,0.32,0.00,0.00,12.6,0,0,0,0.5,0.5,0.08,-0.5,-0.5,Matches
367,368,Miguel,es ESP,"FW,MF",Alavés,21,1999,9.2,1,22,4,18.2,2.39,0.43,0.05,0.25,14.4,0,0,0,2.5,2.5,0.11,-1.5,-1.5,Matches
368,369,Éder Militão,br BRA,DF,Real Madrid,23,1998,33.7,1,33,8,24.2,0.98,0.24,0.03,0.13,16.8,0,0,0,3.0,3.0,0.09,-2.0,-2.0,Matches
369,370,Luis Milla,es ESP,MF,Granada,26,1994,30.8,3,19,3,15.8,0.62,0.10,0.00,0.00,25.6,3,3,3,3.9,1.5,0.08,-0.9,-1.5,Matches
370,371,Pere Milla,es ESP,"MF,FW",Elche,28,1992,18.3,8,29,14,48.3,1.59,0.77,0.28,0.57,13.1,0,0,0,4.6,4.6,0.16,+3.4,+3.4,Matches
371,372,Santi Mina,es ESP,FW,Celta Vigo,25,1995,26.3,7,59,21,35.6,2.24,0.80,0.12,0.33,14.8,1,0,1,8.4,7.6,0.13,-1.4,-0.6,Matches
372,373,Óscar Mingueza,es ESP,DF,Barcelona,22,1999,9.9,0,2,1,50.0,0.20,0.10,0.00,0.00,7.3,0,0,0,0.3,0.3,0.17,-0.3,-0.3,Matches
373,374,Rafa Mir,es ESP,FW,Sevilla,24,1997,20.1,10,62,22,35.5,3.09,1.10,0.16,0.45,13.0,0,0,0,8.7,8.7,0.14,+1.3,+1.3,Matches
374,375,Jorge Miramón,es ESP,DF,Levante,32,1989,22.0,1,7,2,28.6,0.32,0.09,0.14,0.50,18.1,0,0,0,0.5,0.5,0.07,+0.5,+0.5,Matches
375,376,Juan Miranda,es ESP,DF,Betis,21,2000,8.7,0,6,2,33.3,0.69,0.23,0.00,0.00,26.5,2,0,0,0.2,0.2,0.04,-0.2,-0.2,Matches
376,377,Stefan Mitrović,rs SRB,DF,Getafe,31,1990,29.6,0,4,1,25.0,0.13,0.03,0.00,0.00,12.4,0,0,0,0.2,0.2,0.05,-0.2,-0.2,Matches
377,378,Luka Modrić,hr CRO,MF,Real Madrid,35,1985,22.6,2,26,10,38.5,1.15,0.44,0.04,0.10,22.0,1,1,1,2.5,1.7,0.07,-0.5,-0.7,Matches
378,379,Johan Mojica,co COL,DF,Elche,28,1992,31.7,2,16,3,18.8,0.50,0.09,0.13,0.67,24.1,0,0,0,0.9,0.9,0.06,+1.1,+1.1,Matches
379,380,Jorge Molina,es ESP,FW,Granada,39,1982,21.8,10,45,22,48.9,2.06,1.01,0.22,0.45,14.0,0,0,1,7.0,6.2,0.14,+3.0,+3.8,Matches
380,381,Jon Moncayola,es ESP,MF,Osasuna,23,1998,32.4,2,41,12,29.3,1.27,0.37,0.05,0.17,25.5,2,0,0,2.6,2.6,0.06,-0.6,-0.6,Matches
381,382,Monchu,es ESP,MF,Granada,21,1999,7.4,0,8,1,12.5,1.08,0.13,0.00,0.00,22.8,1,0,0,0.5,0.5,0.06,-0.5,-0.5,Matches
382,383,Gonzalo Montiel,ar ARG,DF,Sevilla,24,1997,11.8,1,5,1,20.0,0.42,0.08,0.20,1.00,17.1,0,0,0,0.4,0.4,0.07,+0.6,+0.6,Matches
383,384,Ángel Montoro,es ESP,MF,Granada,33,1988,14.8,1,21,5,23.8,1.42,0.34,0.05,0.20,23.7,0,0,0,2.3,2.3,0.11,-1.3,-1.3,Matches
384,385,Martín Montoya,es ESP,DF,Betis,30,1991,5.8,0,5,2,40.0,0.87,0.35,0.00,0.00,20.8,0,0,0,0.4,0.4,0.07,-0.4,-0.4,Matches
385,386,Jon Morcillo,es ESP,"MF,FW",Athletic Club,22,1998,0.6,0,1,0,0.0,1.67,0.00,0.00,,7.5,0,0,0,0.3,0.3,0.27,-0.3,-0.3,Matches
386,387,Alberto Moreno,es ESP,"MF,DF",Villarreal,29,1992,13.6,3,22,10,45.5,1.62,0.74,0.14,0.30,18.0,1,0,0,3.3,3.3,0.15,-0.3,-0.3,Matches
387,388,Álex Moreno,es ESP,DF,Betis,28,1993,26.7,5,27,8,29.6,1.01,0.30,0.19,0.63,16.5,0,0,0,3.5,3.5,0.13,+1.5,+1.5,Matches
388,389,Gerard Moreno,es ESP,FW,Villarreal,29,1992,13.2,9,36,13,36.1,2.72,0.98,0.22,0.62,15.4,0,1,2,7.9,6.3,0.18,+1.1,+1.7,Matches
389,390,Tete Morente,es ESP,MF,Elche,24,1996,18.1,3,28,8,28.6,1.54,0.44,0.11,0.38,18.5,0,0,0,3.9,3.9,0.14,-0.9,-0.9,Matches
390,391,Ilaix Moriba,gn GUI,MF,Valencia,18,2003,9.1,0,14,5,35.7,1.54,0.55,0.00,0.00,19.6,1,0,0,1.0,1.0,0.07,-1.0,-1.0,Matches
391,392,Manu Morlanes,es ESP,MF,Espanyol,22,1999,12.7,2,8,2,25.0,0.63,0.16,0.25,1.00,19.8,0,0,0,0.8,0.8,0.10,+1.2,+1.2,Matches
392,393,Loren Morón,es ESP,"FW,MF",Espanyol,27,1993,6.3,1,10,2,20.0,1.60,0.32,0.10,0.50,20.8,0,0,0,0.7,0.7,0.07,+0.3,+0.3,Matches
393,394,Loren Morón,es ESP,FW,Betis,27,1993,0.0,0,0,0,,0.00,0.00,,,,0,0,0,0.0,0.0,,0.0,0.0,Matches
394,395,Cristhian Mosquera,co COL,DF,Valencia,17,2004,2.4,0,1,0,0.0,0.42,0.00,0.00,,5.7,0,0,0,0.2,0.2,0.23,-0.2,-0.2,Matches
395,396,Toni Moya,es ESP,MF,Alavés,23,1998,15.4,0,12,2,16.7,0.78,0.13,0.00,0.00,26.2,2,0,0,1.3,1.3,0.11,-1.3,-1.3,Matches
396,397,Iker Muniain,es ESP,MF,Athletic Club,28,1992,30.9,4,38,17,44.7,1.23,0.55,0.08,0.18,19.3,6,1,3,6.9,4.4,0.12,-2.9,-1.4,Matches
397,398,Aihen Muñoz,es ESP,DF,Real Sociedad,23,1997,14.9,0,7,0,0.0,0.47,0.00,0.00,,26.2,0,0,0,0.2,0.2,0.02,-0.2,-0.2,Matches
398,399,Jeison Murillo,co COL,DF,Celta Vigo,29,1992,12.4,0,6,1,16.7,0.48,0.08,0.00,0.00,15.8,0,0,0,0.6,0.6,0.10,-0.6,-0.6,Matches
399,400,Vedat Muriqi,xk KVX,FW,Mallorca,27,1994,16.0,5,49,16,32.7,3.07,1.00,0.06,0.19,15.6,0,2,2,6.0,4.4,0.09,-1.0,-1.4,Matches
400,401,Yunus Musah,us USA,"MF,FW",Valencia,18,2002,14.0,1,7,2,28.6,0.50,0.14,0.14,0.50,14.5,0,0,0,0.7,0.7,0.10,+0.3,+0.3,Matches
401,402,Shkodran Mustafi,de GER,DF,Levante,29,1992,7.3,1,4,2,50.0,0.55,0.27,0.25,0.50,17.0,0,0,0,0.2,0.2,0.05,+0.8,+0.8,Matches
402,403,Nacho,es ESP,DF,Real Madrid,31,1990,17.3,3,10,3,30.0,0.58,0.17,0.30,1.00,12.0,0,0,0,1.6,1.6,0.16,+1.4,+1.4,Matches
403,404,Roberto Navarro,es ESP,"MF,FW",Real Sociedad,19,2002,2.2,0,7,3,42.9,3.17,1.36,0.00,0.00,16.1,0,0,0,0.6,0.6,0.08,-0.6,-0.6,Matches
404,405,Ximo Navarro,es ESP,DF,Alavés,31,1990,15.0,0,10,3,30.0,0.67,0.20,0.00,0.00,18.1,0,0,0,0.7,0.7,0.07,-0.7,-0.7,Matches
405,406,Jesús Navas,es ESP,DF,Sevilla,35,1985,19.8,0,10,1,10.0,0.50,0.05,0.00,0.00,22.8,0,0,0,0.5,0.5,0.05,-0.5,-0.5,Matches
406,407,Loum Ndiaye,sn SEN,MF,Alavés,24,1996,25.7,2,33,8,24.2,1.28,0.31,0.06,0.25,21.3,0,0,0,3.1,3.1,0.09,-1.1,-1.1,Matches
407,408,Álvaro Negredo,es ESP,FW,Cádiz,35,1985,24.0,7,64,25,39.1,2.67,1.04,0.08,0.20,16.6,1,2,3,8.5,6.1,0.10,-1.5,-1.1,Matches
408,409,Neto,br BRA,GK,Barcelona,32,1989,3.0,0,0,0,,0.00,0.00,,,,0,0,0,0.0,0.0,,0.0,0.0,Matches
409,410,Carlos Neva,es ESP,DF,Granada,25,1996,23.4,0,6,1,16.7,0.26,0.04,0.00,0.00,18.7,0,0,0,0.8,0.8,0.13,-0.8,-0.8,Matches
410,411,Saúl Ñíguez,es ESP,"FW,MF",Atlético Madrid,26,1994,2.2,0,4,0,0.0,1.79,0.00,0.00,,16.3,0,0,0,0.2,0.2,0.06,-0.2,-0.2,Matches
411,412,Fernando Niño,es ESP,FW,Mallorca,20,2000,9.8,2,23,13,56.5,2.34,1.32,0.09,0.15,12.2,0,0,0,3.9,3.9,0.17,-1.9,-1.9,Matches
412,413,Peru Nolaskoain,es ESP,DF,Athletic Club,22,1998,0.0,0,0,0,,0.00,0.00,,,,0,0,0,0.0,0.0,,0.0,0.0,Matches
413,414,Nolito,es ESP,MF,Celta Vigo,34,1986,15.4,2,20,9,45.0,1.30,0.59,0.10,0.22,16.6,1,0,0,3.1,3.1,0.15,-1.1,-1.1,Matches
414,415,Randy Ntekja,fr FRA,"FW,MF",Rayo Vallecano,23,1997,16.2,3,29,8,27.6,1.79,0.49,0.10,0.38,13.3,0,0,0,3.7,3.7,0.13,-0.7,-0.7,Matches
415,416,Unai Núñez,es ESP,DF,Athletic Club,24,1997,6.9,0,6,1,16.7,0.87,0.14,0.00,0.00,8.5,0,0,0,0.8,0.8,0.14,-0.8,-0.8,Matches
416,417,Allan Nyom,cm CMR,DF,Getafe,33,1988,2.7,0,0,0,,0.00,0.00,,,,0,0,0,0.0,0.0,,0.0,0.0,Matches
417,418,Jan Oblak,si SVN,GK,Atlético Madrid,28,1993,38.0,0,1,0,0.0,0.03,0.00,0.00,,12.5,0,0,0,0.0,0.0,0.04,0.0,0.0,Matches
418,419,Lucas Ocampos,ar ARG,FW,Sevilla,27,1994,23.6,6,51,16,31.4,2.16,0.68,0.12,0.38,16.8,0,0,0,6.4,6.4,0.12,-0.4,-0.4,Matches
419,420,Lucas Olaza,uy URU,DF,Elche,27,1994,3.3,1,4,1,25.0,1.22,0.31,0.25,1.00,17.7,0,0,0,0.8,0.8,0.26,+0.2,+0.2,Matches
420,421,Oier Olazábal,es ESP,GK,Espanyol,31,1989,1.5,0,0,0,,0.00,0.00,,,,0,0,0,0.0,0.0,,0.0,0.0,Matches
421,422,Brian Oliván,es ESP,DF,Mallorca,27,1994,24.3,1,19,7,36.8,0.78,0.29,0.05,0.14,22.1,1,0,1,2.0,1.2,0.06,-1.0,-0.2,Matches
422,423,Mathías Olivera,uy URU,DF,Getafe,23,1997,31.1,1,24,7,29.2,0.77,0.22,0.04,0.14,12.2,0,0,0,2.3,2.0,0.08,-1.3,-1.0,Matches
423,424,Javier Ontiveros,es ESP,"FW,MF",Osasuna,23,1997,0.4,0,2,1,50.0,4.62,2.31,0.00,0.00,22.9,0,0,0,0.1,0.1,0.05,-0.1,-0.1,Matches
424,425,Pedro Ortiz,es ESP,MF,Sevilla,20,2000,0.1,0,1,1,100.0,12.86,12.86,0.00,0.00,9.0,0,0,0,0.1,0.1,0.15,-0.1,-0.1,Matches
425,426,Milutin Osmajić,me MNE,"FW,MF",Cádiz,22,1999,2.9,0,4,0,0.0,1.40,0.00,0.00,,12.1,0,0,0,0.5,0.5,0.12,-0.5,-0.5,Matches
426,427,Jesús Owono,gq EQG,GK,Alavés,20,2001,1.0,0,0,0,,0.00,0.00,,,,0,0,0,0.0,0.0,,0.0,0.0,Matches
427,428,Mikel Oyarzabal,es ESP,"FW,MF",Real Sociedad,24,1997,18.6,9,37,12,32.4,1.99,0.65,0.14,0.42,19.0,5,4,5,9.8,5.9,0.17,-0.8,-0.9,Matches
428,429,Fernando Pacheco,es ESP,GK,Alavés,29,1992,33.9,0,0,0,,0.00,0.00,,,,0,0,0,0.0,0.0,,0.0,0.0,Matches
429,430,Jon Pacheco,es ESP,DF,Real Sociedad,20,2001,4.2,0,0,0,,0.00,0.00,,,,0,0,0,0.0,0.0,,0.0,0.0,Matches
430,431,Helibelton Palacios,co COL,DF,Elche,28,1993,21.5,0,1,0,0.0,0.05,0.00,0.00,,12.6,0,0,0,0.1,0.1,0.06,-0.1,-0.1,Matches
431,432,Isaac Palazón Camacho,es ESP,"FW,MF",Rayo Vallecano,26,1994,25.4,2,58,12,20.7,2.28,0.47,0.03,0.17,21.8,6,0,0,3.7,3.7,0.06,-1.7,-1.7,Matches
432,433,Daniel Parejo,es ESP,MF,Villarreal,32,1989,30.0,2,15,5,33.3,0.50,0.17,0.07,0.20,24.8,3,1,1,1.7,0.9,0.06,+0.3,+0.1,Matches
433,434,Raúl Parra,es ESP,DF,Cádiz,21,1999,1.0,0,0,0,,0.00,0.00,,,,0,0,0,0.0,0.0,,0.0,0.0,Matches
434,435,Javier Pastore,ar ARG,"MF,FW",Elche,32,1989,5.8,0,8,2,25.0,1.37,0.34,0.00,0.00,18.1,0,0,0,0.5,0.5,0.07,-0.5,-0.5,Matches
435,436,Gabriel Paulista,br BRA,DF,Valencia,30,1990,17.7,2,6,3,50.0,0.34,0.17,0.33,0.67,16.5,0,0,0,1.0,1.0,0.17,+1.0,+1.0,Matches
436,437,Alfonso Pedraza,es ESP,DF,Villarreal,25,1996,18.9,4,22,8,36.4,1.16,0.42,0.18,0.50,15.6,0,0,0,2.0,2.0,0.09,+2.0,+2.0,Matches
437,438,Pedri,es ESP,MF,Barcelona,18,2002,9.8,3,12,5,41.7,1.22,0.51,0.25,0.60,18.6,0,0,0,1.4,1.4,0.11,+1.6,+1.6,Matches
438,439,Pedrosa,es ESP,DF,Espanyol,23,1998,30.2,1,25,7,28.0,0.83,0.23,0.04,0.14,23.0,0,0,0,1.6,1.6,0.06,-0.6,-0.6,Matches
439,440,Facundo Pellistri,uy URU,"MF,FW",Alavés,19,2001,7.5,0,7,2,28.6,0.94,0.27,0.00,0.00,12.9,0,0,0,0.9,0.9,0.13,-0.9,-0.9,Matches
440,441,Rubén Peña,es ESP,"MF,FW",Villarreal,30,1991,1.5,0,3,2,66.7,2.05,1.36,0.00,0.00,12.1,0,0,0,0.2,0.2,0.08,-0.2,-0.2,Matches
441,442,Alberto Perea,es ESP,MF,Cádiz,30,1990,8.6,0,17,3,17.6,1.97,0.35,0.00,0.00,21.6,1,0,0,1.5,1.5,0.09,-1.5,-1.5,Matches
442,443,Victor Perea,es ESP,DF,Espanyol,21,2000,0.0,0,0,0,,0.00,0.00,,,,0,0,0,0.0,0.0,,0.0,0.0,Matches
443,444,Iñigo Pérez,es ESP,MF,Osasuna,33,1988,3.8,1,4,1,25.0,1.07,0.27,0.25,1.00,25.6,1,0,0,0.2,0.2,0.04,+0.8,+0.8,Matches
444,445,Juan Pérez,es ESP,GK,Osasuna,25,1996,2.0,0,0,0,,0.00,0.00,,,,0,0,0,0.0,0.0,,0.0,0.0,Matches
445,446,Kike Pérez,es ESP,"MF,FW",Elche,24,1997,5.8,2,10,5,50.0,1.73,0.87,0.20,0.40,21.7,0,0,0,1.0,1.0,0.10,+1.0,+1.0,Matches
446,447,Lucas Pérez,es ESP,FW,Elche,32,1988,14.1,2,14,5,35.7,1.00,0.36,0.14,0.40,15.1,0,0,0,1.9,1.9,0.13,+0.1,+0.1,Matches
447,448,Lucas Pérez,es ESP,"FW,MF",Cádiz,32,1988,11.8,3,15,5,33.3,1.27,0.42,0.20,0.60,15.1,3,0,0,3.2,3.2,0.22,-0.2,-0.2,Matches
448,449,Njegoš Petrović,rs SRB,MF,Granada,22,1999,10.2,0,8,2,25.0,0.78,0.20,0.00,0.00,19.6,0,0,0,0.9,0.9,0.11,-0.9,-0.9,Matches
449,450,Alex Petxa,es ESP,"DF,MF",Athletic Club,24,1997,4.6,0,2,1,50.0,0.44,0.22,0.00,0.00,18.0,0,0,0,0.2,0.2,0.08,-0.2,-0.2,Matches
450,451,Germán Pezzella,ar ARG,DF,Betis,30,1991,22.1,1,19,6,31.6,0.86,0.27,0.05,0.17,12.5,0,0,0,1.6,1.6,0.08,-0.6,-0.6,Matches
451,452,Pablo Piatti,ar ARG,"MF,FW",Elche,32,1989,3.5,0,4,2,50.0,1.15,0.58,0.00,0.00,27.1,0,0,0,0.2,0.2,0.05,-0.2,-0.2,Matches
452,453,Cristiano Piccini,it ITA,DF,Valencia,28,1992,3.6,1,3,1,33.3,0.84,0.28,0.33,1.00,16.1,0,0,0,0.3,0.3,0.10,+0.7,+0.7,Matches
453,454,Tomás Pina Isla,es ESP,MF,Alavés,33,1987,16.0,0,5,1,20.0,0.31,0.06,0.00,0.00,23.9,0,0,0,0.4,0.4,0.08,-0.4,-0.4,Matches
454,455,Orbelín Pineda,mx MEX,"MF,FW",Celta Vigo,25,1996,1.1,0,5,1,20.0,4.55,0.91,0.00,0.00,19.4,0,0,0,0.7,0.7,0.15,-0.7,-0.7,Matches
455,456,Yeremi Pino,es ESP,"MF,FW",Villarreal,18,2002,18.6,6,27,15,55.6,1.45,0.80,0.22,0.40,11.3,0,0,0,6.4,6.4,0.24,-0.4,-0.4,Matches
456,457,Gerard Piqué,es ESP,DF,Barcelona,34,1987,23.2,1,19,2,10.5,0.82,0.09,0.05,0.50,13.3,1,0,0,2.1,2.1,0.11,-1.1,-1.1,Matches
457,458,Ezequiel Ponce,ar ARG,FW,Elche,24,1997,7.4,1,15,5,33.3,2.02,0.67,0.07,0.20,13.5,0,0,0,2.4,2.4,0.16,-1.4,-1.4,Matches
458,459,Pere Pons,es ESP,MF,Alavés,28,1993,15.2,1,15,4,26.7,0.99,0.26,0.07,0.25,15.0,0,0,0,1.7,1.7,0.11,-0.7,-0.7,Matches
459,460,Portu,es ESP,"FW,MF",Real Sociedad,29,1992,17.7,1,24,9,37.5,1.36,0.51,0.00,0.00,14.7,0,1,1,3.2,2.4,0.10,-2.2,-2.4,Matches
460,461,Sergio Postigo,es ESP,DF,Levante,32,1988,9.4,0,2,0,0.0,0.21,0.00,0.00,,16.6,0,0,0,0.1,0.1,0.05,-0.1,-0.1,Matches
461,462,Darío Poveda,es ESP,"FW,MF",Getafe,24,1997,4.2,1,4,4,100.0,0.95,0.95,0.25,0.25,29.6,0,0,0,0.3,0.3,0.09,+0.7,+0.7,Matches
462,463,José Pozo,es ESP,"MF,DF",Rayo Vallecano,25,1996,0.8,0,3,0,0.0,3.75,0.00,0.00,,19.6,0,0,0,0.2,0.2,0.06,-0.2,-0.2,Matches
463,464,Abdón Prats,es ESP,FW,Mallorca,28,1992,7.1,3,18,6,33.3,2.53,0.84,0.17,0.50,15.9,2,0,0,2.1,2.1,0.12,+0.9,+0.9,Matches
464,465,Alejandro Primo,es ESP,GK,Levante,17,2004,1.0,0,0,0,,0.00,0.00,,,,0,0,0,0.0,0.0,,0.0,0.0,Matches
465,466,Javi Puado,es ESP,"MF,FW",Espanyol,23,1998,24.9,4,40,12,30.0,1.60,0.48,0.10,0.33,14.9,0,0,0,5.1,5.1,0.13,-1.1,-1.1,Matches
466,467,Pubill,es ESP,"DF,MF",Levante,18,2003,5.7,0,6,1,16.7,1.05,0.18,0.00,0.00,11.8,0,0,0,1.3,1.3,0.22,-1.3,-1.3,Matches
467,468,Antonio Puertas,es ESP,"MF,FW",Granada,29,1992,25.1,6,33,14,42.4,1.31,0.56,0.18,0.43,14.2,0,0,0,4.2,4.2,0.13,+1.8,+1.8,Matches
468,469,Riqui Puig,es ESP,MF,Barcelona,21,1999,5.4,1,9,3,33.3,1.66,0.55,0.11,0.33,20.5,0,0,0,0.9,0.9,0.11,+0.1,+0.1,Matches
469,470,Yacine Qasmi,ma MAR,FW,Rayo Vallecano,30,1991,0.0,0,0,0,,0.00,0.00,,,,0,0,0,0.0,0.0,,0.0,0.0,Matches
470,471,Quini,es ESP,DF,Granada,31,1989,25.6,0,17,2,11.8,0.66,0.08,0.00,0.00,23.1,0,0,0,0.8,0.8,0.05,-0.8,-0.8,Matches
471,472,Dani Raba,es ESP,"MF,FW",Villarreal,25,1995,1.0,0,0,0,,0.00,0.00,,,,0,0,0,0.0,0.0,,0.0,0.0,Matches
472,473,Dani Raba,es ESP,"MF,FW",Granada,25,1995,0.3,0,0,0,,0.00,0.00,,,,0,0,0,0.0,0.0,,0.0,0.0,Matches
473,474,Uroš Račić,rs SRB,MF,Valencia,23,1998,13.4,0,16,1,6.3,1.19,0.07,0.00,0.00,21.5,0,0,0,1.2,1.2,0.08,-1.2,-1.2,Matches
474,475,Nemanja Radoja,rs SRB,MF,Levante,28,1993,13.5,0,5,1,20.0,0.37,0.07,0.00,0.00,18.7,0,0,0,0.3,0.3,0.07,-0.3,-0.3,Matches
475,476,Rafinha,br BRA,MF,Real Sociedad,28,1993,11.7,1,14,2,14.3,1.20,0.17,0.07,0.50,16.9,1,0,0,2.6,2.6,0.19,-1.6,-1.6,Matches
476,477,Antonio Raillo,es ESP,DF,Mallorca,29,1991,17.0,2,9,4,44.4,0.53,0.24,0.22,0.50,11.6,0,0,0,0.9,0.9,0.10,+1.1,+1.1,Matches
477,478,Ivan Rakitić,hr CRO,MF,Sevilla,33,1988,24.2,4,29,10,34.5,1.20,0.41,0.10,0.30,22.4,4,1,2,3.6,2.0,0.07,+0.4,+1.0,Matches
478,479,Jonás Ramalho,es ESP,DF,Osasuna,28,1993,2.7,0,2,0,0.0,0.74,0.00,0.00,,24.3,0,0,0,0.1,0.1,0.04,-0.1,-0.1,Matches
479,480,Sandro Ramírez,es ESP,FW,Getafe,26,1995,16.2,3,50,13,26.0,3.08,0.80,0.06,0.23,23.1,7,0,0,3.9,3.9,0.08,-0.9,-0.9,Matches
480,481,Raúl,es ESP,"FW,DF",Betis,20,2000,0.0,0,0,0,,0.00,0.00,,,,0,0,0,0.0,0.0,,0.0,0.0,Matches
481,482,Lluís Recasens,es ESP,DF,Espanyol,19,2002,0.5,0,0,0,,0.00,0.00,,,,0,0,0,0.0,0.0,,0.0,0.0,Matches
482,483,Manolo Reina,es ESP,GK,Mallorca,36,1985,21.0,0,0,0,,0.00,0.00,,,,0,0,0,0.0,0.0,,0.0,0.0,Matches
483,484,Karim Rekik,nl NED,DF,Sevilla,26,1994,12.2,0,4,0,0.0,0.33,0.00,0.00,,10.4,0,0,0,0.4,0.4,0.09,-0.4,-0.4,Matches
484,485,Álex Remiro,es ESP,GK,Real Sociedad,26,1995,35.0,0,0,0,,0.00,0.00,,,,0,0,0,0.0,0.0,,0.0,0.0,Matches
485,486,Nico Ribaudo,es ESP,"MF,FW",Espanyol,20,2001,12.4,2,20,4,20.0,1.61,0.32,0.10,0.50,21.8,0,0,0,1.2,1.2,0.06,+0.8,+0.8,Matches
486,487,Diego Rico,es ESP,DF,Real Sociedad,28,1993,18.3,0,10,1,10.0,0.55,0.05,0.00,0.00,26.3,0,0,0,0.5,0.5,0.05,-0.5,-0.5,Matches
487,488,Sergio Rico,es ESP,GK,Mallorca,27,1993,14.0,0,0,0,,0.00,0.00,,,,0,0,0,0.0,0.0,,0.0,0.0,Matches
488,489,Luis Rioja,es ESP,"MF,FW",Alavés,27,1993,34.6,1,44,16,36.4,1.27,0.46,0.02,0.06,18.3,0,0,0,3.8,3.8,0.09,-2.8,-2.8,Matches
489,490,Rober,es ESP,DF,Levante,26,1995,22.3,1,8,1,12.5,0.36,0.04,0.13,1.00,8.4,0,0,0,1.4,1.4,0.17,-0.4,-0.4,Matches
490,491,Sergi Roberto,es ESP,"MF,DF",Barcelona,29,1992,4.4,2,4,3,75.0,0.90,0.68,0.50,0.67,10.1,0,0,0,1.5,1.5,0.37,+0.5,+0.5,Matches
491,492,Rubén Rochina,es ESP,"MF,FW",Granada,30,1991,8.3,1,15,5,33.3,1.82,0.61,0.07,0.20,25.4,1,0,0,0.7,0.7,0.05,+0.3,+0.3,Matches
492,493,Enzo Roco,cl CHI,DF,Elche,28,1992,28.4,1,11,3,27.3,0.39,0.11,0.09,0.33,11.4,0,0,0,1.2,1.2,0.11,-0.2,-0.2,Matches
493,494,Rodrigo,es ESP,FW,Betis,21,2000,9.8,1,15,7,46.7,1.53,0.72,0.07,0.14,16.0,0,0,0,1.4,1.4,0.09,-0.4,-0.4,Matches
494,495,Kévin Rodrigues,pt POR,"DF,FW",Rayo Vallecano,27,1994,4.8,0,4,0,0.0,0.83,0.00,0.00,,26.9,0,0,0,0.1,0.1,0.04,-0.1,-0.1,Matches
495,496,Ángel Rodríguez,es ESP,"FW,MF",Mallorca,34,1987,17.2,4,29,11,37.9,1.69,0.64,0.14,0.36,13.0,0,0,0,4.6,4.6,0.16,-0.6,-0.6,Matches
496,497,Óscar Rodríguez Arnaiz,es ESP,"MF,FW",Getafe,23,1998,10.5,0,26,8,30.8,2.48,0.76,0.00,0.00,25.7,9,0,0,1.3,1.3,0.05,-1.3,-1.3,Matches
497,498,Óscar Rodríguez Arnaiz,es ESP,"FW,MF",Sevilla,23,1998,4.6,0,14,1,7.1,3.02,0.22,0.00,0.00,24.5,1,0,0,1.0,1.0,0.07,-1.0,-1.0,Matches
498,499,Dani Rodríguez,es ESP,"MF,FW",Mallorca,33,1988,31.5,3,42,10,23.8,1.33,0.32,0.07,0.30,19.8,3,0,0,3.4,3.4,0.08,-0.4,-0.4,Matches
499,500,Guido Rodríguez,ar ARG,MF,Betis,27,1994,28.1,1,21,8,38.1,0.75,0.28,0.05,0.13,21.4,0,0,0,1.2,1.2,0.06,-0.2,-0.2,Matches
500,501,Rodrygo,br BRA,FW,Real Madrid,20,2001,16.9,4,34,15,44.1,2.01,0.89,0.12,0.27,16.4,0,0,0,3.5,3.5,0.10,+0.5,+0.5,Matches
501,502,Leonardo Román,es ESP,GK,Mallorca,21,2000,2.0,0,0,0,,0.00,0.00,,,,0,0,0,0.0,0.0,,0.0,0.0,Matches
502,503,Iván Romero,es ESP,FW,Sevilla,20,2001,2.0,0,2,1,50.0,1.01,0.51,0.00,0.00,12.5,0,0,0,0.6,0.6,0.32,-0.6,-0.6,Matches
503,504,Unai Ropero,es ESP,MF,Alavés,19,2001,0.1,0,0,0,,0.00,0.00,,,,0,0,0,0.0,0.0,,0.0,0.0,Matches
504,505,Rubén,es ESP,DF,Espanyol,20,2001,1.7,0,1,0,0.0,0.60,0.00,0.00,,31.2,0,0,0,0.0,0.0,0.02,0.0,0.0,Matches
505,506,Aitor Ruibal,es ESP,"FW,DF",Betis,25,1996,9.5,0,20,3,15.0,2.10,0.32,0.00,0.00,18.2,0,0,0,1.4,1.4,0.07,-1.4,-1.4,Matches
506,507,Isma Ruiz,es ESP,MF,Granada,20,2001,3.1,0,4,1,25.0,1.27,0.32,0.00,0.00,27.2,0,0,0,0.2,0.2,0.05,-0.2,-0.2,Matches
507,508,Víctor Ruiz,es ESP,DF,Betis,32,1989,15.8,0,7,1,14.3,0.44,0.06,0.00,0.00,8.5,0,0,0,1.0,1.0,0.14,-1.0,-1.0,Matches
508,509,Gerónimo Rulli,ar ARG,GK,Villarreal,29,1992,32.0,0,0,0,,0.00,0.00,,,,0,0,0,0.0,0.0,,0.0,0.0,Matches
509,510,Franco Russo,ar ARG,DF,Mallorca,26,1994,16.3,1,6,2,33.3,0.37,0.12,0.17,0.50,12.8,0,0,0,0.4,0.4,0.06,+0.6,+0.6,Matches
510,511,Mathew Ryan,au AUS,GK,Real Sociedad,29,1992,3.0,0,0,0,,0.00,0.00,,,,0,0,0,0.0,0.0,,0.0,0.0,Matches
511,512,Youssouf Sabaly,sn SEN,DF,Betis,28,1993,8.8,0,4,1,25.0,0.46,0.11,0.00,0.00,24.2,0,0,0,0.2,0.2,0.05,-0.2,-0.2,Matches
512,513,Salvi,es ESP,"MF,FW",Cádiz,30,1991,15.5,2,19,7,36.8,1.23,0.45,0.11,0.29,16.1,0,0,1,2.9,2.1,0.11,-0.9,-0.1,Matches
513,514,Fede San Emeterio,es ESP,MF,Cádiz,24,1997,9.2,0,0,0,,0.00,0.00,,,,0,0,0,0.0,0.0,,0.0,0.0,Matches
514,515,Oihan Sancet,es ESP,FW,Athletic Club,21,2000,15.8,6,30,14,46.7,1.90,0.89,0.20,0.43,15.0,0,0,0,3.3,3.3,0.11,+2.7,+2.7,Matches
515,516,Antonio Sánchez,es ESP,"MF,FW",Mallorca,24,1997,18.0,1,18,4,22.2,1.00,0.22,0.06,0.25,22.0,0,0,0,1.9,1.9,0.10,-0.9,-0.9,Matches
516,517,Germán Sánchez,es ESP,DF,Granada,34,1986,25.5,2,13,4,30.8,0.51,0.16,0.15,0.50,9.4,0,0,0,2.0,2.0,0.15,0.0,0.0,Matches
517,518,Juan Sánchez,es ESP,,Sevilla,17,2003,0.1,0,0,0,,0.00,0.00,,,,,0,0,,,,,,Matches
518,519,Manuel Sánchez,es ESP,DF,Osasuna,20,2000,25.1,1,6,2,33.3,0.24,0.08,0.17,0.50,21.0,0,0,0,0.5,0.5,0.08,+0.5,+0.5,Matches
519,520,Oier Sanjurjo,es ESP,MF,Osasuna,35,1986,8.4,1,9,1,11.1,1.07,0.12,0.11,1.00,17.5,0,0,0,0.8,0.8,0.09,+0.2,+0.2,Matches
520,521,Jesús Santiago,es ESP,MF,Valencia,17,2004,0.9,0,0,0,,0.00,0.00,,,,0,0,0,0.0,0.0,,0.0,0.0,Matches
521,522,Sergio Santos,es ESP,DF,Real Madrid,20,2001,0.1,0,0,0,,0.00,0.00,,,,0,0,0,0.0,0.0,,0.0,0.0,Matches
522,523,Alvaro Sanz,es ESP,MF,Barcelona,20,2001,0.3,0,0,0,,0.00,0.00,,,,0,0,0,0.0,0.0,,0.0,0.0,Matches
523,524,Marcelo Saracchi,uy URU,DF,Levante,23,1998,2.1,0,0,0,,0.00,0.00,,,,0,0,0,0.0,0.0,,0.0,0.0,Matches
524,525,Joan Sastre Vanrell,es ESP,DF,Mallorca,24,1997,2.9,0,2,0,0.0,0.70,0.00,0.00,,25.4,0,0,0,0.1,0.1,0.05,-0.1,-0.1,Matches
525,526,Esteban Saveljich,me MNE,DF,Rayo Vallecano,30,1991,18.9,0,9,3,33.3,0.48,0.16,0.00,0.00,8.4,0,0,0,0.9,0.9,0.10,-0.9,-0.9,Matches
526,527,Stefan Savić,me MNE,DF,Atlético Madrid,30,1991,27.1,0,15,5,33.3,0.55,0.18,0.00,0.00,8.8,0,0,0,2.3,2.3,0.16,-2.3,-2.3,Matches
527,528,Valentino Scotta,es ESP,DF,Sevilla,19,2001,0.0,0,0,0,,0.00,0.00,,,,0,0,0,0.0,0.0,,0.0,0.0,Matches
528,529,Aleksandar Sedlar,rs SRB,"DF,MF",Mallorca,29,1991,4.5,0,0,0,,0.00,0.00,,,,0,0,0,0.0,0.0,,0.0,0.0,Matches
529,530,Javier Serrano,es ESP,MF,Atlético Madrid,18,2003,0.8,0,0,0,,0.00,0.00,,,,0,0,0,0.0,0.0,,0.0,0.0,Matches
530,531,Nicolás Serrano,es ESP,"MF,FW",Athletic Club,18,2003,3.5,1,9,4,44.4,2.56,1.14,0.11,0.25,25.1,0,0,0,0.7,0.7,0.08,+0.3,+0.3,Matches
531,532,Salva Sevilla,es ESP,MF,Mallorca,37,1984,16.7,5,22,4,18.2,1.31,0.24,0.05,0.25,27.4,7,4,4,4.9,1.7,0.08,+0.1,-0.7,Matches
532,533,David Silva,es ESP,MF,Real Sociedad,35,1986,19.1,2,21,6,28.6,1.10,0.31,0.10,0.33,16.4,0,0,0,3.4,3.4,0.16,-1.4,-1.4,Matches
533,534,Jonathan Silva,ar ARG,"DF,FW",Getafe,27,1994,2.5,0,1,1,100.0,0.40,0.40,0.00,0.00,23.8,0,0,0,0.0,0.0,0.04,0.0,0.0,Matches
534,535,Rui Silva,pt POR,GK,Betis,27,1994,21.8,0,0,0,,0.00,0.00,,,,0,0,0,0.0,0.0,,0.0,0.0,Matches
535,536,Giuliano Simeone,ar ARG,MF,Atlético Madrid,18,2002,0.0,0,0,0,,0.00,0.00,,,,0,0,0,0.0,0.0,,0.0,0.0,Matches
536,537,Unai Simón,es ESP,GK,Athletic Club,24,1997,34.0,0,0,0,,0.00,0.00,,,,0,0,0,0.0,0.0,,0.0,0.0,Matches
537,538,Antonio Sivera,es ESP,GK,Alavés,24,1996,3.1,0,0,0,,0.00,0.00,,,,0,0,0,0.0,0.0,,0.0,0.0,Matches
538,539,Rubén Sobrino,es ESP,MF,Valencia,29,1992,0.2,0,0,0,,0.00,0.00,,,,0,0,0,0.0,0.0,,0.0,0.0,Matches
539,540,Rubén Sobrino,es ESP,"FW,MF",Cádiz,29,1992,20.7,4,33,10,30.3,1.60,0.48,0.12,0.40,13.0,0,0,0,6.4,6.3,0.19,-2.4,-2.3,Matches
540,541,Alex Sola,es ESP,"DF,FW",Real Sociedad,22,1999,0.5,0,1,0,0.0,2.20,0.00,0.00,,19.7,0,0,0,0.1,0.1,0.10,-0.1,-0.1,Matches
541,542,Augusto Solari,ar ARG,"MF,DF",Celta Vigo,29,1992,7.9,0,7,1,14.3,0.88,0.13,0.00,0.00,24.3,0,0,0,0.5,0.5,0.07,-0.5,-0.5,Matches
542,543,Roberto Soldado,es ESP,FW,Levante,36,1985,7.4,3,17,8,47.1,2.30,1.08,0.18,0.38,12.3,0,0,0,3.8,3.8,0.22,-0.8,-0.8,Matches
543,544,Carlos Soler,es ESP,MF,Valencia,24,1997,27.5,11,34,14,41.2,1.24,0.51,0.12,0.29,23.7,6,7,7,8.2,3.4,0.10,+2.8,+0.6,Matches
544,545,Son,es ESP,DF,Levante,27,1994,21.9,1,14,7,50.0,0.64,0.32,0.07,0.14,19.4,0,0,0,1.3,1.3,0.09,-0.3,-0.3,Matches
545,546,David Soria,es ESP,GK,Getafe,28,1993,37.9,0,0,0,,0.00,0.00,,,,0,0,0,0.0,0.0,,0.0,0.0,Matches
546,547,Alberto Soro,es ESP,"MF,FW",Granada,22,1999,6.4,0,7,4,57.1,1.09,0.62,0.00,0.00,13.2,0,0,0,0.8,0.8,0.11,-0.8,-0.8,Matches
547,548,Hugo Sotelo,es ESP,FW,Celta Vigo,17,2003,0.0,0,0,0,,0.00,0.00,,,,0,0,0,0.0,0.0,,0.0,0.0,Matches
548,549,Damián Suárez,uy URU,DF,Getafe,33,1988,30.1,0,14,4,28.6,0.46,0.13,0.00,0.00,29.7,2,0,0,0.6,0.6,0.04,-0.6,-0.6,Matches
549,550,Denis Suárez,es ESP,MF,Celta Vigo,27,1994,31.3,4,22,8,36.4,0.70,0.26,0.18,0.50,23.4,1,0,0,1.9,1.9,0.09,+2.1,+2.1,Matches
550,551,Luis Suárez,uy URU,FW,Atlético Madrid,34,1987,20.4,11,51,23,45.1,2.50,1.13,0.18,0.39,19.6,2,2,3,9.7,7.3,0.14,+1.3,+1.7,Matches
551,552,Mario Suárez,es ESP,DF,Rayo Vallecano,34,1987,7.9,0,9,3,33.3,1.14,0.38,0.00,0.00,13.1,0,0,0,1.2,1.2,0.15,-1.2,-1.2,Matches
552,553,Suso,es ESP,FW,Sevilla,27,1993,4.3,0,6,2,33.3,1.41,0.47,0.00,0.00,23.2,0,0,0,0.4,0.4,0.06,-0.4,-0.4,Matches
553,554,Mamadou Sylla,sn SEN,"FW,MF",Alavés,27,1994,4.4,0,2,0,0.0,0.46,0.00,0.00,,8.9,0,0,0,0.6,0.6,0.32,-0.6,-0.6,Matches
554,555,Mamadou Sylla,sn SEN,FW,Rayo Vallecano,27,1994,2.8,0,11,1,9.1,3.91,0.36,0.00,0.00,11.3,1,0,0,1.6,1.6,0.15,-1.6,-1.6,Matches
555,556,Alexander Sørloth,no NOR,FW,Real Sociedad,25,1995,19.6,4,35,12,34.3,1.79,0.61,0.11,0.33,12.5,0,0,0,6.9,6.9,0.20,-2.9,-2.9,Matches
556,557,Tachi,es ESP,DF,Alavés,23,1997,2.7,0,0,0,,0.00,0.00,,,,0,0,0,0.0,0.0,,0.0,0.0,Matches
557,558,Renato Tapia,pe PER,MF,Celta Vigo,26,1995,15.7,0,12,3,25.0,0.76,0.19,0.00,0.00,24.5,0,0,0,0.7,0.7,0.06,-0.7,-0.7,Matches
558,559,Cristian Tello,es ESP,FW,Betis,29,1991,9.1,2,29,9,31.0,3.19,0.99,0.07,0.22,21.1,2,0,0,2.3,2.3,0.08,-0.3,-0.3,Matches
559,560,Nahuel Tenaglia,ar ARG,DF,Alavés,25,1996,11.9,0,6,1,16.7,0.50,0.08,0.00,0.00,19.1,0,0,0,0.4,0.4,0.06,-0.4,-0.4,Matches
560,561,Marc Tenas,es ESP,"FW,MF",Alavés,20,2001,0.6,0,0,0,,0.00,0.00,,,,0,0,0,0.0,0.0,,0.0,0.0,Matches
561,562,Marc-André ter Stegen,de GER,GK,Barcelona,29,1992,35.0,0,0,0,,0.00,0.00,,,,0,0,0,0.0,0.0,,0.0,0.0,Matches
562,563,David Timor,es ESP,MF,Getafe,31,1989,3.8,0,8,0,0.0,2.11,0.00,0.00,,29.9,2,0,0,0.2,0.2,0.03,-0.2,-0.2,Matches
563,564,Raúl de Tomás,es ESP,FW,Espanyol,26,1994,32.4,17,101,40,39.6,3.12,1.24,0.12,0.30,18.9,9,5,5,15.5,11.6,0.11,+1.5,+0.4,Matches
564,565,Raúl Torrente,es ESP,DF,Granada,19,2001,14.2,0,4,0,0.0,0.28,0.00,0.00,,14.9,0,0,0,0.2,0.2,0.06,-0.2,-0.2,Matches
565,566,Ferrán Torres,es ESP,FW,Barcelona,21,2000,15.7,4,51,18,35.3,3.25,1.15,0.06,0.17,16.5,3,1,1,7.2,6.4,0.13,-3.2,-3.4,Matches
566,567,Óliver Torres,es ESP,"MF,FW",Sevilla,26,1994,11.2,2,14,5,35.7,1.25,0.45,0.14,0.40,19.1,0,0,0,1.0,1.0,0.07,+1.0,+1.0,Matches
567,568,Pau Torres,es ESP,DF,Villarreal,24,1997,31.7,5,24,9,37.5,0.76,0.28,0.21,0.56,8.2,0,0,0,3.9,3.9,0.17,+1.1,+1.1,Matches
568,569,Roberto Torres,es ESP,"MF,FW",Osasuna,32,1989,9.0,2,13,3,23.1,1.45,0.33,0.00,0.00,25.0,0,2,2,2.2,0.6,0.05,-0.2,-0.6,Matches
569,570,Lucas Torró,es ESP,MF,Osasuna,27,1994,30.3,1,34,9,26.5,1.12,0.30,0.03,0.11,21.1,0,0,0,2.0,2.0,0.06,-1.0,-1.0,Matches
570,571,Adama Traoré,es ESP,FW,Barcelona,25,1996,4.2,0,9,3,33.3,2.12,0.71,0.00,0.00,15.1,0,0,0,0.9,0.9,0.09,-0.9,-0.9,Matches
571,572,Óscar Trejo,ar ARG,MF,Rayo Vallecano,33,1988,22.3,3,20,6,30.0,0.90,0.27,0.00,0.00,25.5,0,3,3,3.8,1.5,0.07,-0.8,-1.5,Matches
572,573,Manu Trigueros,es ESP,"MF,FW",Villarreal,29,1991,24.2,6,41,18,43.9,1.69,0.74,0.15,0.33,17.6,0,0,0,6.2,6.2,0.15,-0.2,-0.2,Matches
573,574,Kieran Trippier,eng ENG,"DF,FW",Atlético Madrid,30,1990,10.8,0,2,0,0.0,0.18,0.00,0.00,,18.9,1,0,0,0.2,0.2,0.08,-0.2,-0.2,Matches
574,575,Beñat Turrientes,es ESP,MF,Real Sociedad,19,2002,2.3,0,7,2,28.6,3.04,0.87,0.00,0.00,23.2,0,0,0,0.6,0.6,0.08,-0.6,-0.6,Matches
575,576,Samuel Umtiti,fr FRA,DF,Barcelona,27,1993,1.0,0,0,0,,0.00,0.00,,,,0,0,0,0.0,0.0,,0.0,0.0,Matches
576,577,Enes Ünal,tr TUR,FW,Getafe,24,1997,31.1,16,82,24,29.3,2.64,0.77,0.17,0.58,16.5,7,2,4,11.0,7.9,0.10,+5.0,+6.1,Matches
577,578,Myrto Uzuni,al ALB,"FW,MF",Granada,26,1995,9.5,1,11,2,18.2,1.16,0.21,0.09,0.50,20.7,0,0,0,1.3,1.3,0.12,-0.3,-0.3,Matches
578,579,Álvaro Vadillo,es ESP,"DF,MF",Espanyol,26,1994,0.1,0,0,0,,0.00,0.00,,,,0,0,0,0.0,0.0,,0.0,0.0,Matches
579,580,Óscar Valentín,es ESP,MF,Rayo Vallecano,26,1994,28.5,0,11,1,9.1,0.39,0.04,0.00,0.00,19.9,0,0,0,1.6,1.6,0.14,-1.6,-1.6,Matches
580,581,Germán Valera,es ESP,FW,Real Sociedad,19,2002,0.6,0,1,0,0.0,1.76,0.00,0.00,,25.8,0,0,0,0.0,0.0,0.04,0.0,0.0,Matches
581,582,Martin Valjent,sk SVK,DF,Mallorca,25,1995,35.3,0,10,1,10.0,0.28,0.03,0.00,0.00,28.4,0,0,0,0.4,0.4,0.04,-0.4,-0.4,Matches
582,583,Jesús Vallejo,es ESP,DF,Real Madrid,24,1997,3.8,0,0,0,,0.00,0.00,,,,0,0,0,0.0,0.0,,0.0,0.0,Matches
583,584,Manu Vallejo,es ESP,"MF,FW",Alavés,24,1997,4.1,1,3,2,66.7,0.73,0.49,0.33,0.50,12.8,0,0,0,0.7,0.7,0.23,+0.3,+0.3,Matches
584,585,Manu Vallejo,es ESP,"FW,MF",Valencia,24,1997,1.1,0,3,1,33.3,2.76,0.92,0.00,0.00,20.6,0,0,0,0.2,0.2,0.05,-0.2,-0.2,Matches
585,586,Federico Valverde,uy URU,MF,Real Madrid,23,1998,20.4,0,34,9,26.5,1.67,0.44,0.00,0.00,25.7,0,0,0,1.5,1.5,0.04,-1.5,-1.5,Matches
586,587,José Luis García Vayá,es ESP,MF,Levante,22,1998,22.4,0,14,2,14.3,0.63,0.09,0.00,0.00,23.5,2,0,0,0.8,0.8,0.06,-0.8,-0.8,Matches
587,588,Jesus Vazquez,es ESP,DF,Valencia,18,2003,9.0,0,4,1,25.0,0.44,0.11,0.00,0.00,15.9,0,0,0,0.7,0.7,0.18,-0.7,-0.7,Matches
588,589,Kevin Vázquez,es ESP,DF,Celta Vigo,28,1993,14.8,0,3,1,33.3,0.20,0.07,0.00,0.00,9.4,0,0,0,0.6,0.6,0.19,-0.6,-0.6,Matches
589,590,Lucas Vázquez,es ESP,DF,Real Madrid,30,1991,20.4,3,18,5,27.8,0.88,0.25,0.17,0.60,20.6,0,0,0,2.2,2.2,0.12,+0.8,+0.8,Matches
590,591,Gabriel Veiga,es ESP,MF,Celta Vigo,19,2002,1.2,0,2,0,0.0,1.67,0.00,0.00,,28.6,0,0,0,0.0,0.0,0.02,0.0,0.0,Matches
591,592,Unai Vencedor Paris,es ESP,MF,Athletic Club,20,2000,26.5,0,20,2,10.0,0.76,0.08,0.00,0.00,21.0,0,0,0,1.3,1.3,0.06,-1.3,-1.3,Matches
592,593,Gonzalo Verdú,es ESP,DF,Elche,32,1988,15.5,0,3,0,0.0,0.19,0.00,0.00,,17.6,1,0,0,0.1,0.1,0.04,-0.1,-0.1,Matches
593,594,Mikel Vesga,es ESP,MF,Athletic Club,28,1993,15.1,2,14,4,28.6,0.93,0.27,0.14,0.50,17.9,0,0,0,1.2,1.2,0.09,+0.8,+0.8,Matches
594,595,Rúben Vezo,pt POR,DF,Levante,27,1994,26.9,0,18,4,22.2,0.67,0.15,0.00,0.00,13.4,0,0,0,0.7,0.7,0.04,-0.7,-0.7,Matches
595,596,Aleix Vidal,es ESP,"DF,MF",Espanyol,31,1989,21.1,2,6,3,50.0,0.28,0.14,0.33,0.67,18.4,0,0,0,0.9,0.9,0.15,+1.1,+1.1,Matches
596,597,Nacho Vidal,es ESP,DF,Osasuna,26,1995,32.2,0,21,1,4.8,0.65,0.03,0.00,0.00,19.3,0,0,0,1.5,1.5,0.07,-1.5,-1.5,Matches
597,598,Dídac Vilà,es ESP,"DF,MF",Espanyol,32,1989,2.3,0,0,0,,0.00,0.00,,,,0,0,0,0.0,0.0,,0.0,0.0,Matches
598,599,Tonny Vilhena,nl NED,"MF,FW",Espanyol,26,1995,10.3,1,15,3,20.0,1.45,0.29,0.07,0.33,21.1,0,0,0,1.0,1.0,0.07,0.0,0.0,Matches
599,600,Daniel Villahermosa,es ESP,MF,Espanyol,20,2001,0.3,0,0,0,,0.00,0.00,,,,0,0,0,0.0,0.0,,0.0,0.0,Matches
600,601,Asier Villalibre,es ESP,FW,Athletic Club,23,1997,6.1,2,19,6,31.6,3.12,0.99,0.11,0.33,12.3,0,0,0,2.7,2.7,0.14,-0.7,-0.7,Matches
601,602,Gonzalo Villar,es ESP,MF,Getafe,23,1998,3.3,0,2,2,100.0,0.60,0.60,0.00,0.00,20.4,0,0,0,0.5,0.5,0.23,-0.5,-0.5,Matches
602,603,Vitolo,es ESP,MF,Getafe,31,1989,2.5,0,1,0,0.0,0.41,0.00,0.00,,26.0,0,0,0,0.0,0.0,0.02,0.0,0.0,Matches
603,604,Daniel Vivian,es ESP,DF,Athletic Club,22,1999,22.1,2,17,8,47.1,0.77,0.36,0.12,0.25,12.6,0,0,0,1.6,1.6,0.09,+0.4,+0.4,Matches
604,605,Šime Vrsaljko,hr CRO,DF,Atlético Madrid,29,1992,10.2,1,4,1,25.0,0.39,0.10,0.25,1.00,13.4,0,0,0,1.1,1.1,0.29,-0.1,-0.1,Matches
605,606,Nikola Vukčević,me MNE,MF,Levante,29,1991,1.3,0,1,0,0.0,0.76,0.00,0.00,,32.1,0,0,0,0.0,0.0,0.03,0.0,0.0,Matches
606,607,Daniel Wass,dk DEN,"DF,FW",Atlético Madrid,32,1989,0.5,0,0,0,,0.00,0.00,,,,0,0,0,0.0,0.0,,0.0,0.0,Matches
607,608,Daniel Wass,dk DEN,MF,Valencia,32,1989,17.6,1,28,8,28.6,1.59,0.46,0.04,0.13,24.5,1,0,0,2.2,2.2,0.08,-1.2,-1.2,Matches
608,609,Iñaki Williams,gh GHA,FW,Athletic Club,27,1994,30.9,8,94,35,37.2,3.05,1.13,0.07,0.20,14.0,0,1,1,15.0,14.2,0.15,-7.0,-7.2,Matches
609,610,Nico Williams,es ESP,MF,Athletic Club,19,2002,14.9,0,33,10,30.3,2.22,0.67,0.00,0.00,15.5,0,0,0,3.5,3.5,0.11,-3.5,-3.5,Matches
610,611,Okay Yokuşlu,tr TUR,"DF,MF",Getafe,27,1994,5.2,0,4,1,25.0,0.77,0.19,0.00,0.00,14.0,0,0,0,0.2,0.2,0.04,-0.2,-0.2,Matches
611,612,Okay Yokuşlu,tr TUR,"DF,MF",Celta Vigo,27,1994,1.6,0,2,0,0.0,1.29,0.00,0.00,,10.8,0,0,0,0.1,0.1,0.07,-0.1,-0.1,Matches
612,613,Joseba Zaldúa,es ESP,DF,Real Sociedad,29,1992,13.0,0,6,3,50.0,0.46,0.23,0.00,0.00,26.8,0,0,0,0.2,0.2,0.03,-0.2,-0.2,Matches
613,614,Oier Zarraga,es ESP,MF,Athletic Club,22,1999,13.0,1,17,3,17.6,1.31,0.23,0.00,0.00,25.5,0,1,1,1.5,0.7,0.04,-0.5,-0.7,Matches
614,615,Luca Zidane,fr FRA,GK,Rayo Vallecano,23,1998,7.2,0,0,0,,0.00,0.00,,,,0,0,0,0.0,0.0,,0.0,0.0,Matches
615,616,Igor Zubeldia,es ESP,DF,Real Sociedad,24,1997,18.3,0,9,2,22.2,0.49,0.11,0.00,0.00,17.7,0,0,0,0.9,0.9,0.10,-0.9,-0.9,Matches
616,617,Martín Zubimendi,es ESP,MF,Real Sociedad,22,1999,28.8,2,20,9,45.0,0.69,0.31,0.10,0.22,13.2,0,0,0,2.3,2.3,0.12,-0.3,-0.3,Matches
