,Rk,Player,Nation,Pos,Squad,Age,Born,MP,Min,Mn/MP,Min%,90s,Starts,Mn/Start,Compl,Subs,Mn/Sub,unSub,PPM,onG,onGA,+/-,+/-90,On-Off,onxG,onxGA,xG+/-,xG+/-90,On-Off,Matches
0,1,José Abella,mx MEX,DF,Atlas,27,1994,13,1041,80,34.0,11.6,11,88,8,2,34,20,1.45,11,12,-1,-0.09,-0.89,11.6,12.4,-0.9,-0.08,-0.23,Matches
1,2,Diego Abitia,mx MEX,FW,Toluca,18,2003,1,1,1,0.0,0.0,0,,0,1,1,0,0.00,0,1,-1,-90.00,-89.59,0.0,0.4,-0.4,-38.14,-37.78,Matches
2,3,Clifford Aboagye,gh GHA,MF,Puebla,26,1995,1,15,15,0.5,0.2,0,,0,1,15,5,0.00,0,1,-1,-6.00,-6.21,0.4,0.3,+0.1,+0.89,+0.94,Matches
3,4,Luis Abram,pe PER,DF,Cruz Azul,25,1996,13,753,58,24.6,8.4,8,84,7,5,16,1,1.38,9,10,-1,-0.12,-0.43,8.0,11.2,-3.2,-0.39,-0.56,Matches
4,5,Iván Acero,mx MEX,,Toluca,21,2000,0,,,,,0,,0,0,,16,,,,,,,,,,,,Matches
5,6,Carlos Acevedo,mx MEX,GK,Santos,25,1996,26,2340,90,76.5,26.0,26,90,26,0,,0,1.41,38,31,+7,+0.27,+0.27,35.4,36.7,-1.3,-0.05,-0.10,Matches
6,7,Daniel Aceves,mx MEX,DF,Pachuca,20,2001,16,1391,87,45.5,15.5,16,87,13,0,,3,2.09,26,12,+14,+0.91,+0.96,21.8,17.0,+4.8,+0.31,+0.04,Matches
7,8,Sergio Adrián Flores,mx MEX,MF,Guadalajara,26,1995,29,2117,73,69.2,23.5,26,79,16,3,23,2,1.22,23,24,-1,-0.04,-0.52,22.8,22.0,+0.8,+0.03,-0.21,Matches
8,9,Juan Agüayo,mx MEX,MF,Guadalajara,24,1997,2,135,68,4.4,1.5,2,68,1,0,,1,2.00,3,1,+2,+1.33,+1.27,1.5,1.8,-0.3,-0.19,-0.30,Matches
9,10,Juan Agüayo,mx MEX,DF,UNAM,24,1997,1,45,45,1.5,0.5,0,,0,1,45,2,0.00,1,2,-1,-2.00,-1.94,0.8,1.4,-0.7,-1.35,-1.13,Matches
10,11,Washington Aguerre,uy URU,GK,Querétaro,28,1993,32,2874,90,93.9,31.9,32,90,31,0,,0,1.00,29,34,-5,-0.16,+2.75,35.7,41.4,-5.7,-0.19,+0.38,Matches
11,12,Bernardo Aguilar,mx MEX,GK,León,20,2001,0,,,,,0,,0,0,,2,,,,,,,,,,,,Matches
12,13,Daniel Aguilar,mx MEX,MF,Puebla,23,1998,4,177,44,5.8,2.0,2,62,0,2,27,0,0.43,0,2,-2,-1.02,-1.27,2.3,3.6,-1.4,-0.69,-0.69,Matches
13,14,Paul Aguilar,mx MEX,"DF,MF",FC Juárez,35,1986,8,414,52,13.5,4.6,6,65,1,2,12,2,1.63,4,5,-1,-0.22,+0.73,2.9,4.4,-1.5,-0.32,+0.08,Matches
14,15,Emanuel Aguilera,ar ARG,DF,América,32,1989,11,899,82,29.4,10.0,10,87,8,1,34,1,1.54,11,5,+6,+0.60,+0.10,12.7,8.6,+4.1,+0.41,-0.18,Matches
15,16,Emanuel Aguilera,ar ARG,DF,Atlas,32,1989,7,630,90,20.6,7.0,7,90,7,0,,3,1.92,11,5,+6,+0.86,+0.45,7.6,10.0,-2.4,-0.34,-0.53,Matches
16,17,Eduardo Aguirre,mx MEX,FW,Santos,22,1998,27,1832,68,59.9,20.4,22,77,6,5,28,0,1.40,29,25,+4,+0.20,-0.02,30.0,29.7,+0.3,+0.01,+0.10,Matches
17,18,Érick Aguirre,mx MEX,"DF,MF",Monterrey,24,1997,22,1558,71,50.9,17.3,16,90,14,6,21,1,1.31,16,16,0,0.00,-0.42,26.5,17.0,+9.5,+0.55,+0.08,Matches
18,19,Gaddi Aguirre,mx MEX,DF,Atlas,25,1996,15,982,65,32.1,10.9,11,78,7,4,30,18,1.70,6,13,-7,-0.64,-1.68,9.2,10.5,-1.2,-0.12,-0.28,Matches
19,20,Rodrigo Aguirre,uy URU,FW,Necaxa,26,1994,31,2156,70,70.5,24.0,25,81,8,6,24,1,1.34,32,29,+3,+0.13,+1.02,32.7,27.1,+5.6,+0.23,+0.83,Matches
20,21,Oswaldo Alanís,mx MEX,DF,Mazatlán,32,1989,9,810,90,26.5,9.0,9,90,9,0,,6,1.36,12,11,+1,+0.11,+0.55,10.1,15.2,-5.1,-0.53,+0.12,Matches
21,22,Ricardo Alba,mx MEX,FW,Atlético,19,2002,1,15,15,0.5,0.2,0,,0,1,15,4,1.00,0,0,0,0.00,+0.15,0.1,0.0,+0.1,+0.60,+0.55,Matches
22,23,Jesús Alberto Angulo,mx MEX,DF,Atlas,23,1998,12,1070,89,35.0,11.9,12,89,10,0,,1,1.67,18,7,+11,+0.93,+0.65,16.7,12.7,+4.0,+0.34,+0.40,Matches
23,24,Jesús Alberto Angulo,mx MEX,DF,UANL,23,1998,17,1451,85,47.4,16.1,16,90,15,1,18,0,1.86,30,18,+12,+0.74,+0.18,27.4,16.9,+10.5,+0.65,+0.57,Matches
24,25,Gil Alcalá,mx MEX,GK,Tijuana,29,1992,7,540,77,17.6,6.0,5,90,5,2,45,23,0.71,5,11,-6,-1.00,-0.39,6.0,14.2,-8.2,-1.37,-1.33,Matches
25,26,Jesús Alcantar Rodríguez,mx MEX,DF,Necaxa,18,2003,1,29,29,0.9,0.3,0,,0,1,29,2,3.00,2,0,+2,+6.21,+6.44,0.4,0.2,+0.2,+0.59,+0.61,Matches
26,27,Adrián Aldrete,mx MEX,DF,Cruz Azul,33,1988,19,1368,72,44.7,15.2,15,87,12,4,15,4,1.45,16,13,+3,+0.20,-0.02,15.8,15.1,+0.7,+0.05,+0.02,Matches
27,28,Daniel Alexis Parra,mx MEX,DF,Monterrey,22,1999,5,386,77,12.6,4.3,5,77,3,0,,25,1.00,6,4,+2,+0.47,+0.30,4.9,4.7,+0.2,+0.04,-0.54,Matches
28,29,Luis Alfonso Rodríguez,mx MEX,"DF,MF",UANL,30,1991,20,1345,67,44.0,14.9,14,85,9,6,26,7,1.62,17,12,+5,+0.33,-0.56,19.9,16.5,+3.4,+0.23,-0.22,Matches
29,30,David Alfredo Andrade,mx MEX,DF,Santos,28,1993,15,682,45,22.3,7.6,6,83,3,9,20,16,1.53,13,13,0,0.00,-0.26,11.4,9.3,+2.2,+0.28,+0.40,Matches
30,31,Carlos Alonso Vargas,mx MEX,"DF,MF",Mazatlán,22,1999,28,1966,70,64.2,21.8,23,81,14,5,20,6,1.14,19,27,-8,-0.37,-0.20,18.3,28.9,-10.6,-0.48,+0.37,Matches
31,32,Alfonso Alvarado,mx MEX,"FW,MF",Monterrey,21,2000,25,480,19,15.7,5.3,4,60,1,21,11,9,1.35,6,10,-4,-0.75,-1.13,9.0,9.7,-0.7,-0.12,-0.75,Matches
32,33,Christian Alvarado,mx MEX,DF,América,20,2001,0,,,,,0,,0,0,,1,,,,,,,,,,,,Matches
33,34,Roberto Alvarado,mx MEX,"DF,MF",Cruz Azul,22,1998,14,912,65,29.8,10.1,12,71,3,2,32,0,1.27,13,7,+6,+0.59,+0.55,10.2,9.0,+1.3,+0.12,+0.13,Matches
34,35,Roberto Alvarado,mx MEX,"FW,MF",Guadalajara,22,1998,16,1280,80,41.8,14.2,14,86,8,2,39,0,1.42,22,18,+4,+0.28,+0.28,15.2,13.4,+1.8,+0.13,+0.06,Matches
35,36,Ventura Alvarado,us USA,DF,FC Juárez,28,1992,11,783,71,25.6,8.7,10,77,5,1,12,3,0.73,6,12,-6,-0.69,+0.22,8.0,8.8,-0.7,-0.08,+0.42,Matches
36,37,Alek Álvarez,mx MEX,"MF,FW",UNAM,18,2003,7,208,30,6.8,2.3,1,65,0,6,24,14,1.88,2,3,-1,-0.43,-0.37,2.8,3.7,-1.0,-0.41,-0.19,Matches
37,38,Fabio Álvarez,ar ARG,"MF,FW",UNAM,28,1993,28,1783,64,58.3,19.8,20,79,5,8,25,2,1.35,25,23,+2,+0.10,+0.45,24.7,25.6,-0.9,-0.05,+0.45,Matches
38,39,Fernando Álvarez,us USA,DF,Pachuca,17,2003,0,,,,,0,,0,0,,2,,,,,,,,,,,,Matches
39,40,Kevin Álvarez,mx MEX,DF,Pachuca,22,1999,31,2738,88,89.5,30.4,30,90,28,1,45,0,1.73,42,30,+12,+0.39,+0.11,44.2,35.8,+8.5,+0.28,-0.12,Matches
40,41,Daniel Álvarez López,mx MEX,"FW,MF",Toluca,27,1994,13,568,44,18.6,6.3,7,64,0,6,20,3,1.00,9,12,-3,-0.48,-0.04,7.0,12.1,-5.1,-0.73,-0.45,Matches
41,42,Daniel Álvarez López,mx MEX,"FW,MF",Puebla,27,1994,15,784,52,25.6,8.7,9,76,1,6,17,2,1.12,7,10,-3,-0.34,-0.70,10.8,12.0,-1.2,-0.14,-0.13,Matches
42,43,Daniel Amador,mx MEX,"FW,MF",Mazatlán,24,1997,9,387,43,12.6,4.3,5,65,1,4,15,8,1.11,6,5,+1,+0.23,+0.60,3.0,6.6,-3.7,-0.85,-0.27,Matches
43,44,Fidel Ambríz,mx MEX,MF,León,18,2003,21,959,46,31.3,10.7,11,76,6,10,12,12,1.84,11,16,-5,-0.47,-0.73,14.6,17.5,-2.9,-0.28,-0.76,Matches
44,45,Esteban Andrada,ar ARG,GK,Monterrey,30,1991,31,2790,90,91.2,31.0,31,90,31,0,,3,1.54,39,29,+10,+0.32,+1.32,47.9,29.9,+18.0,+0.58,+0.78,Matches
45,46,Alejandro Andrade,mx MEX,MF,Necaxa,19,2001,0,,,,,0,,0,0,,2,,,,,,,,,,,,Matches
46,47,Miguel Ángel Herrera,mx MEX,DF,Pachuca,32,1989,13,727,56,23.8,8.1,8,75,4,5,25,11,1.46,14,8,+6,+0.74,+0.47,12.8,9.8,+3.1,+0.38,+0.11,Matches
47,48,Luis Ángel Mendoza,mx MEX,"FW,MF",Cruz Azul,31,1990,7,263,38,8.6,2.9,3,61,0,4,20,10,1.43,3,7,-4,-1.37,-1.72,3.3,3.6,-0.3,-0.13,-0.18,Matches
48,49,Miguel Ángel Ponce,mx MEX,DF,Guadalajara,32,1989,24,1368,57,44.7,15.2,18,72,7,6,12,6,1.42,15,14,+1,+0.07,-0.09,13.9,13.5,+0.3,+0.02,-0.13,Matches
49,50,Brayan Angulo,ec ECU,FW,Cruz Azul,25,1995,26,1293,50,42.3,14.4,18,62,0,8,22,1,1.37,19,12,+7,+0.49,+0.49,18.4,17.0,+1.4,+0.10,+0.11,Matches
50,51,Brayan Angulo,co COL,DF,Tijuana,31,1989,31,2729,88,89.2,30.3,31,88,30,0,,0,1.00,29,45,-16,-0.53,+1.38,38.2,44.9,-6.7,-0.22,+0.51,Matches
51,52,Jesús Angulo,mx MEX,"MF,FW",Guadalajara,24,1997,31,2387,77,78.0,26.5,27,85,14,4,24,0,1.45,24,23,+1,+0.04,-0.36,24.7,23.7,+1.0,+0.04,-0.27,Matches
52,53,Francisco Antonio Figueroa,mx MEX,"FW,MF",Pachuca,22,1999,7,314,45,10.3,3.5,3,62,0,4,32,7,1.00,6,3,+3,+0.86,+0.53,4.4,4.4,0.0,0.00,-0.33,Matches
53,54,Francisco Antonio Figueroa,mx MEX,"MF,FW",Querétaro,22,1999,4,87,22,2.8,1.0,0,,0,4,22,3,1.00,0,2,-2,-2.07,-1.80,1.0,1.5,-0.6,-0.59,-0.38,Matches
54,55,Jorge Antonio Padilla,mx MEX,DF,Mazatlán,27,1993,29,1986,68,64.9,22.1,21,84,15,8,28,2,1.27,22,34,-12,-0.54,-0.71,19.5,32.7,-13.3,-0.60,+0.04,Matches
55,56,José Antonio Rodríguez,mx MEX,GK,Guadalajara,29,1992,5,450,90,14.7,5.0,5,90,5,0,,1,1.00,5,7,-2,-0.40,-0.61,6.3,5.6,+0.7,+0.15,+0.06,Matches
56,57,José Antonio Rodríguez,mx MEX,GK,Querétaro,29,1992,1,90,90,2.9,1.0,1,90,1,0,,15,0.00,0,2,-2,-2.00,-1.73,2.9,2.8,+0.1,+0.11,+0.34,Matches
57,58,Uriel Antuna,mx MEX,"FW,MF",Cruz Azul,23,1997,17,1263,74,41.3,14.0,13,83,5,4,45,0,1.45,18,8,+10,+0.71,+0.86,17.1,14.0,+3.1,+0.22,+0.31,Matches
58,59,Uriel Antuna,mx MEX,"FW,MF",Guadalajara,23,1997,14,860,61,28.1,9.6,9,81,4,5,26,0,1.27,5,4,+1,+0.10,-0.02,10.1,8.6,+1.4,+0.15,+0.08,Matches
59,60,Javier Aquino,mx MEX,"DF,MF",UANL,31,1990,33,2963,90,96.8,32.9,33,90,32,0,,0,1.80,55,33,+22,+0.67,+0.67,49.8,38.3,+11.5,+0.35,-0.10,Matches
60,61,Pedro Aquino,pe PER,MF,América,26,1995,20,1384,69,45.2,15.4,16,79,7,4,30,2,2.04,19,9,+10,+0.65,+0.22,20.8,10.7,+10.0,+0.65,+0.21,Matches
61,62,Ángelo Araos,cl CHI,"MF,FW",Necaxa,24,1997,12,469,39,15.3,5.2,4,70,0,8,24,4,1.54,6,9,-3,-0.58,-0.47,5.7,7.8,-2.1,-0.40,-0.46,Matches
62,63,Maximiliano Araújo,uy URU,"MF,DF",Puebla,21,2000,32,2626,82,85.8,29.2,31,84,15,1,34,0,1.45,35,29,+6,+0.21,+0.21,42.5,41.5,+1.0,+0.03,+0.56,Matches
63,64,Fernando Arce Jr.,us USA,MF,FC Juárez,24,1996,14,1145,82,37.4,12.7,14,82,10,0,,2,0.57,7,20,-13,-1.02,-0.27,9.0,14.8,-5.8,-0.45,-0.09,Matches
64,65,Fernando Arce Jr.,us USA,"FW,MF",Necaxa,24,1996,3,16,5,0.5,0.2,0,,0,3,5,11,3.00,0,0,0,0.00,+0.18,0.0,0.0,0.0,+0.01,+0.02,Matches
65,66,Sagir Arce,us USA,"FW,MF",Mazatlán,19,2002,12,323,27,10.6,3.6,4,64,0,8,9,6,1.08,6,7,-1,-0.28,+0.02,2.5,8.9,-6.4,-1.77,-1.29,Matches
66,67,Fernando Aristeguieta,ve VEN,FW,Puebla,29,1992,29,1519,52,49.6,16.9,17,78,4,12,16,2,1.41,16,18,-2,-0.12,-0.59,22.1,26.9,-4.8,-0.29,-0.48,Matches
67,68,Eduardo Armenta,mx MEX,MF,Tijuana,19,2001,0,,,,,0,,0,0,,1,,,,,,,,,,,,Matches
68,69,Blas Armoa,py PAR,"FW,MF",FC Juárez,21,2000,4,139,35,4.5,1.5,1,65,0,3,25,2,0.25,2,5,-3,-1.94,-1.14,0.9,3.7,-2.7,-1.76,-1.43,Matches
69,70,Alejandro Arribas,es ESP,DF,FC Juárez,32,1989,15,1252,83,40.9,13.9,14,89,13,1,3,2,0.73,7,22,-15,-1.08,-0.38,11.4,16.9,-5.5,-0.39,+0.01,Matches
70,71,Giovanni Augusto,br BRA,"FW,MF",Mazatlán,31,1989,14,720,51,23.5,8.0,6,82,2,8,29,0,1.00,7,14,-7,-0.87,-0.76,8.2,13.1,-4.9,-0.62,0.00,Matches
71,72,Erick Ávalos,mx MEX,DF,UANL,21,2000,2,144,72,4.7,1.6,2,72,0,0,,3,1.50,3,2,+1,+0.62,-0.02,1.2,2.6,-1.4,-0.89,-1.30,Matches
72,73,José Ávila,mx MEX,"MF,DF",Santos,23,1998,8,103,13,3.4,1.1,1,45,0,7,8,9,1.63,3,1,+2,+1.75,+1.60,3.0,1.8,+1.1,+1.00,+1.06,Matches
73,74,David Ayala,mx MEX,MF,UANL,21,2000,9,245,27,8.0,2.7,1,89,0,8,20,16,1.55,6,5,+1,+0.37,-0.30,5.0,2.8,+2.2,+0.81,+0.50,Matches
74,75,Hugo Ayala,mx MEX,DF,UANL,34,1987,16,1167,73,38.1,13.0,15,77,9,1,5,16,1.71,23,11,+12,+0.93,+0.45,15.9,12.7,+3.2,+0.25,-0.17,Matches
75,76,Ettson Ayon,mx MEX,FW,Tijuana,20,2001,1,24,24,0.8,0.3,0,,0,1,24,1,0.00,0,0,0,0.00,+0.68,0.2,0.7,-0.5,-1.91,-1.64,Matches
76,77,Rafael Baca,mx MEX,MF,Cruz Azul,31,1989,34,2341,69,76.5,26.0,27,82,16,7,19,0,1.32,32,29,+3,+0.12,-0.39,30.6,28.9,+1.7,+0.06,+0.12,Matches
77,78,Claudio Baeza,cl CHI,MF,Toluca,27,1993,32,2736,86,89.4,30.4,32,86,22,0,,0,1.30,39,47,-8,-0.26,+1.68,33.4,43.5,-10.0,-0.33,+0.42,Matches
78,79,Kevin Balanta,co COL,"MF,DF",Querétaro,24,1997,25,1855,74,60.6,20.6,20,83,14,5,41,4,1.04,16,22,-6,-0.29,+0.08,23.1,29.2,-6.1,-0.29,-0.19,Matches
79,80,Miguel Barbieri,ar ARG,DF,Toluca,27,1993,7,586,84,19.2,6.5,7,84,5,0,,0,2.00,10,9,+1,+0.15,+0.74,11.3,6.1,+5.1,+0.78,+1.43,Matches
80,81,David Barbona,ar ARG,"FW,MF",Tijuana,26,1995,23,1071,47,35.0,11.9,13,70,2,10,16,10,1.04,11,22,-11,-0.92,-0.38,19.3,19.6,-0.3,-0.03,+0.39,Matches
81,82,Diego Barbosa,mx MEX,DF,Atlas,24,1996,23,1985,86,64.9,22.1,23,86,19,0,,0,1.65,28,13,+15,+0.68,+0.51,26.4,22.9,+3.5,+0.16,+0.23,Matches
82,83,Adam Bareiro,py PAR,FW,Atlético,25,1996,11,611,56,20.0,6.8,7,79,3,4,14,2,1.27,8,7,+1,+0.15,+0.37,10.4,6.7,+3.6,+0.54,+0.60,Matches
83,84,Sergio Bareiro,py PAR,FW,Necaxa,22,1998,7,221,32,7.2,2.5,2,56,0,5,22,4,0.29,0,2,-2,-0.81,-0.69,2.4,2.7,-0.3,-0.13,-0.12,Matches
84,85,Marcelo Barovero,ar ARG,GK,Atlético,37,1984,30,2700,90,88.2,30.0,30,90,30,0,,1,1.12,34,41,-7,-0.23,-0.73,42.1,40.9,+1.2,+0.04,-0.15,Matches
85,86,Julio Barragán,mx MEX,DF,UNAM,21,2000,0,,,,,0,,0,0,,6,,,,,,,,,,,,Matches
86,87,Martín Barragán,mx MEX,"MF,DF",Puebla,30,1991,10,270,27,8.8,3.0,1,69,0,9,22,7,0.67,5,5,0,0.00,-0.19,6.6,5.4,+1.3,+0.42,+0.51,Matches
87,88,Jaine Barreiro,co COL,DF,León,27,1994,31,2429,78,79.4,27.0,26,88,24,5,30,2,1.41,26,31,-5,-0.19,-1.04,39.0,32.7,+6.3,+0.23,-0.04,Matches
88,89,Pablo Barrera,mx MEX,"MF,FW",Querétaro,34,1987,34,2626,77,85.8,29.2,30,84,18,4,27,0,0.94,25,26,-1,-0.03,+2.04,31.8,36.4,-4.6,-0.16,+0.33,Matches
89,90,Abraham Bass,mx MEX,MF,Atlas,19,2001,0,,,,,0,,0,0,,6,,,,,,,,,,,,Matches
90,91,Damián Batallini,ar ARG,FW,Atlético,25,1996,3,198,66,6.5,2.2,2,77,0,1,45,0,0.00,1,7,-6,-2.73,-2.76,2.0,4.1,-2.1,-0.94,-1.07,Matches
91,92,Facundo Batista,uy URU,"FW,MF",Necaxa,22,1999,17,351,21,11.5,3.9,1,61,0,16,18,3,1.50,3,7,-4,-1.03,-0.96,5.4,5.7,-0.3,-0.08,-0.07,Matches
92,93,Cristian Battocchio,it ITA,MF,UNAM,29,1992,17,705,41,23.0,7.8,6,74,1,11,24,3,1.22,8,15,-7,-0.89,-1.05,6.9,15.5,-8.5,-1.09,-1.11,Matches
93,94,Alán Bautista,mx MEX,MF,Pachuca,18,2002,0,,,,,0,,0,0,,1,,,,,,,,,,,,Matches
94,95,Eduard Bello,ve VEN,"MF,FW",Mazatlán,25,1995,9,487,54,15.9,5.4,6,76,2,3,11,1,1.36,9,10,-1,-0.18,+0.13,6.7,10.7,-4.0,-0.62,-0.01,Matches
95,96,Fernando Beltrán,mx MEX,MF,Guadalajara,23,1998,26,1519,58,49.6,16.9,17,73,5,9,31,2,1.30,20,16,+4,+0.24,+0.24,18.0,15.5,+2.5,+0.15,+0.11,Matches
96,97,Nicolás Benedetti,co COL,"MF,FW",América,24,1997,8,244,31,8.0,2.7,3,65,0,5,10,6,1.67,2,1,+1,+0.37,-0.17,3.6,1.0,+2.6,+0.94,+0.44,Matches
97,98,Nicolás Benedetti,co COL,"FW,MF",Mazatlán,24,1997,17,1295,76,42.3,14.4,17,76,6,0,,0,1.24,18,19,-1,-0.07,+0.39,14.8,21.7,-6.8,-0.47,+0.25,Matches
98,99,Cristopher Benítez,mx MEX,MF,Cruz Azul,16,2005,0,,,,,0,,0,0,,2,,,,,,,,,,,,Matches
99,100,Pablo Bennevendo Peña,mx MEX,DF,UNAM,21,2000,3,180,60,5.9,2.0,3,60,1,0,,2,0.67,0,2,-2,-1.00,-0.97,1.5,3.7,-2.1,-1.07,-0.89,Matches
100,101,Germán Berterame,ar ARG,FW,Atlético,22,1998,33,2851,86,93.2,31.7,33,86,25,0,,0,1.22,39,43,-4,-0.13,+0.30,45.0,41.0,+4.0,+0.13,+1.01,Matches
101,102,Unai Bilbao,es ESP,DF,Atlético,27,1994,33,2930,89,95.8,32.6,33,89,31,0,,0,1.17,38,43,-5,-0.15,-0.15,45.6,43.4,+2.1,+0.06,+0.19,Matches
102,103,Alfonso Blanco Antúnez,mx MEX,GK,León,34,1987,1,90,90,2.9,1.0,1,90,1,0,,19,0.00,0,1,-1,-1.00,-1.06,1.7,1.1,+0.5,+0.52,+0.29,Matches
103,104,Williams Bravo,mx MEX,GK,UNAM,21,2000,0,,,,,0,,0,0,,1,,,,,,,,,,,,Matches
104,105,Antonio Briseño,mx MEX,DF,Guadalajara,27,1994,21,1558,74,50.9,17.3,17,85,14,4,30,10,1.26,18,20,-2,-0.12,-0.48,18.3,16.2,+2.1,+0.12,+0.05,Matches
105,106,Isaác Brizuela,mx MEX,"DF,FW",Guadalajara,30,1990,28,1905,68,62.3,21.2,23,77,9,5,28,1,1.27,23,28,-5,-0.24,-0.94,22.2,21.8,+0.4,+0.02,-0.20,Matches
106,107,Gil Burón,mx MEX,"DF,MF",León,27,1994,5,42,8,1.4,0.5,0,,0,5,8,28,2.00,1,1,0,0.00,-0.03,1.8,2.3,-0.6,-1.22,-1.48,Matches
107,108,Alfredo Cabañas,mx MEX,GK,Cruz Azul,18,2003,0,,,,,0,,0,0,,10,,,,,,,,,,,,Matches
108,109,Gustavo Cabral,ar ARG,DF,Pachuca,35,1985,31,2663,86,87.0,29.6,30,88,28,1,14,1,1.73,42,30,+12,+0.41,+0.18,45.7,35.5,+10.1,+0.34,+0.40,Matches
109,110,David Cabrera Pujol,mx MEX,MF,Querétaro,31,1989,22,760,35,24.8,8.4,8,72,3,14,13,8,1.09,7,11,-4,-0.47,-0.20,11.3,13.6,-2.4,-0.28,-0.08,Matches
110,111,Sebastián Cáceres,uy URU,DF,América,21,1999,19,1572,83,51.4,17.5,19,83,15,0,,6,1.92,26,10,+16,+0.92,+0.80,24.1,13.1,+11.0,+0.63,+0.19,Matches
111,112,José Caicedo,co COL,DF,UNAM,19,2002,1,90,90,2.9,1.0,1,90,1,0,,4,3.00,2,0,+2,+2.00,+2.15,1.5,0.6,+0.9,+0.86,+1.13,Matches
112,113,Cristian Calderón,mx MEX,"DF,FW",Guadalajara,24,1997,23,1156,50,37.8,12.8,13,74,4,10,19,8,1.26,18,19,-1,-0.08,-0.31,13.7,14.6,-0.9,-0.07,-0.27,Matches
113,114,Luis Calzadilla,mx MEX,"MF,FW",Atlético,21,2000,8,90,11,2.9,1.0,0,,0,8,11,16,1.00,0,3,-3,-3.00,-2.94,1.2,2.9,-1.6,-1.62,-1.73,Matches
114,115,Joel Campbell,cr CRC,"FW,MF",Monterrey,29,1992,28,1527,55,49.9,17.0,16,76,3,12,26,2,1.44,19,14,+5,+0.29,+0.18,26.6,14.1,+12.5,+0.74,+0.45,Matches
115,116,Karel Campos,mx MEX,"MF,DF",América,18,2003,6,33,6,1.1,0.4,0,,0,6,6,14,2.17,1,1,0,0.00,-0.54,0.5,0.5,+0.1,+0.23,-0.32,Matches
116,117,Omar Campos,mx MEX,DF,Santos,19,2002,26,2099,81,68.6,23.3,24,84,18,2,41,0,1.38,34,27,+7,+0.30,+0.30,33.6,33.2,+0.4,+0.02,+0.13,Matches
117,118,Alexis Canelo,ar ARG,"FW,MF",Toluca,29,1992,26,2049,79,67.0,22.8,23,85,15,3,34,0,1.37,31,40,-9,-0.40,+0.14,28.5,33.1,-4.5,-0.20,+0.53,Matches
118,119,Luis Cárdenas,mx MEX,GK,Monterrey,27,1993,3,270,90,8.8,3.0,3,90,3,0,,31,0.00,1,4,-3,-1.00,-1.32,3.0,3.6,-0.6,-0.20,-0.78,Matches
119,120,Ulises Cardona,mx MEX,"FW,MF",Mazatlán,22,1998,2,16,8,0.5,0.2,0,,0,2,8,11,0.50,0,0,0,0.00,+0.30,0.1,0.3,-0.1,-0.66,-0.04,Matches
120,121,Rafael Carioca,br BRA,MF,UANL,32,1989,33,2497,76,81.6,27.7,30,79,17,3,40,0,1.76,44,24,+20,+0.72,+0.40,40.3,30.5,+9.9,+0.36,+0.02,Matches
121,122,Miguel Carreón,mx MEX,FW,UNAM,17,2004,1,8,8,0.3,0.1,0,,0,1,8,3,3.00,0,0,0,0.00,+0.09,0.0,0.0,0.0,+0.42,+0.66,Matches
122,123,Jordan Carrillo,mx MEX,"FW,MF",Santos,19,2001,25,920,37,30.1,10.2,9,57,0,16,25,1,1.23,15,8,+7,+0.68,+0.68,15.9,14.6,+1.3,+0.13,+0.22,Matches
123,124,Bryan Carvallo,cl CHI,"FW,MF",Necaxa,24,1996,0,,,,,0,,0,0,,2,,,,,,,,,,,,Matches
124,125,Kevin Castañeda,mx MEX,"MF,FW",Toluca,21,1999,28,1594,57,52.1,17.7,17,74,4,11,31,3,1.03,20,30,-10,-0.56,-0.26,23.5,25.2,-1.8,-0.10,+0.57,Matches
125,126,Rubén Castellanos,mx MEX,GK,Necaxa,20,2001,0,,,,,0,,0,0,,5,,,,,,,,,,,,Matches
126,127,César Castillo,mx MEX,MF,Tijuana,20,2000,4,45,11,1.5,0.5,0,,0,4,11,12,0.75,0,2,-2,-4.00,-3.37,0.4,1.6,-1.2,-2.48,-2.23,Matches
127,128,Christian Castillo,cl CHI,"FW,MF",Tijuana,24,1996,10,165,17,5.4,1.8,0,,0,10,17,5,0.60,1,7,-6,-3.27,-2.74,4.1,4.9,-0.9,-0.47,-0.20,Matches
128,129,Erick Castillo,ec ECU,"FW,MF",Tijuana,26,1995,12,597,50,19.5,6.6,7,68,0,5,24,5,0.75,4,11,-7,-1.06,-0.47,6.9,8.3,-1.4,-0.21,+0.09,Matches
129,130,Fabián Castillo,co COL,"MF,FW",FC Juárez,29,1992,26,1552,60,50.7,17.2,16,76,8,10,34,0,0.85,12,25,-13,-0.75,+0.20,14.9,21.1,-6.1,-0.36,+0.08,Matches
130,131,Nicolás Castillo,cl CHI,FW,Necaxa,28,1993,2,56,28,1.8,0.6,1,45,0,1,11,0,0.00,0,3,-3,-4.82,-4.73,0.4,1.6,-1.2,-1.98,-2.00,Matches
131,132,José Castillo Pérez,mx MEX,"DF,MF",Pachuca,19,2001,3,16,5,0.5,0.2,0,,0,3,5,17,2.33,0,2,-2,-11.25,-11.69,0.0,1.5,-1.5,-9.29,-9.63,Matches
132,133,Raúl Castillo,mx MEX,"DF,MF",Puebla,19,2001,3,23,8,0.8,0.3,0,,0,3,8,18,0.00,1,1,0,0.00,-0.18,1.6,0.5,+1.1,+4.29,+4.37,Matches
133,134,Matías Catalán,ar ARG,"DF,FW",Pachuca,28,1992,11,711,65,23.2,7.9,7,84,6,4,32,5,1.18,10,12,-2,-0.25,-0.83,12.3,11.4,+0.9,+0.11,-0.24,Matches
134,135,Alan Cervantes,mx MEX,MF,Santos,23,1998,29,2081,72,68.0,23.1,25,80,13,4,21,0,1.22,31,31,0,0.00,-0.64,30.3,35.2,-4.8,-0.21,-0.58,Matches
135,136,Daniel Cervantes,mx MEX,DF,Querétaro,31,1990,16,1147,72,37.5,12.7,12,90,12,4,17,13,0.94,10,19,-9,-0.71,-0.61,16.2,20.7,-4.6,-0.36,-0.22,Matches
136,137,Pablo César Aguilar,py PAR,DF,Cruz Azul,34,1987,31,2533,82,82.8,28.1,27,89,25,4,35,1,1.44,30,27,+3,+0.11,-0.58,29.4,30.5,-1.1,-0.04,-0.45,Matches
137,138,Pablo César López,mx MEX,"MF,DF",Pachuca,23,1998,4,74,19,2.4,0.8,0,,0,4,19,10,1.75,1,1,0,0.00,-0.39,0.6,2.2,-1.6,-1.94,-2.29,Matches
138,139,Aníbal Chalá,ec ECU,"DF,MF",Atlas,25,1996,14,409,29,13.4,4.5,4,69,0,10,14,11,1.28,3,4,-1,-0.22,-0.83,4.2,5.6,-1.4,-0.31,-0.44,Matches
139,140,Diego Chávez Collins,mx MEX,"FW,MF",Toluca,26,1995,10,406,41,13.3,4.5,2,80,1,8,31,6,1.18,6,6,0,0.00,+0.51,6.4,7.0,-0.5,-0.14,+0.26,Matches
140,141,Juan Chávez,mx MEX,GK,FC Juárez,25,1996,0,,,,,0,,0,0,,2,,,,,,,,,,,,Matches
141,142,Luis Chávez,mx MEX,MF,Pachuca,25,1996,29,2247,77,73.4,25.0,25,86,20,4,24,2,1.86,42,25,+17,+0.68,+1.12,38.9,30.7,+8.2,+0.33,+0.15,Matches
142,143,Ricardo Chávez Soto,mx MEX,DF,Atlético,26,1994,31,2538,82,82.9,28.2,31,82,18,0,,0,1.26,37,36,+1,+0.04,+1.07,39.2,34.5,+4.7,+0.17,+0.64,Matches
143,144,Jesús Chiquete,mx MEX,DF,Guadalajara,19,2002,6,488,81,15.9,5.4,5,87,4,1,53,6,2.22,9,3,+6,+1.11,+1.18,5.4,3.8,+1.6,+0.29,+0.23,Matches
144,145,Ronaldo Cisneros,mx MEX,FW,Guadalajara,24,1997,5,24,5,0.8,0.3,0,,0,5,5,9,2.40,3,0,+3,+11.25,+11.22,0.9,0.1,+0.7,+2.72,+2.64,Matches
145,146,Léo Coelho,br BRA,DF,Atlético,28,1993,9,643,71,21.0,7.1,7,76,3,2,54,9,0.80,4,12,-8,-1.12,-1.23,8.0,11.3,-3.3,-0.46,-0.65,Matches
146,147,Santiago Colombatto,ar ARG,MF,León,24,1997,26,1944,75,63.5,21.6,23,82,13,3,19,3,1.59,21,19,+2,+0.09,+0.17,29.4,22.7,+6.7,+0.31,+0.19,Matches
147,148,Bryan Colula,mx MEX,"DF,FW",Mazatlán,25,1996,29,1717,59,56.1,19.1,19,78,8,10,23,0,1.23,22,29,-7,-0.37,-0.17,17.7,31.3,-13.6,-0.69,-0.18,Matches
148,149,Francisco Contreras,mx MEX,"DF,MF",FC Juárez,22,1999,14,518,37,16.9,5.8,5,66,1,9,21,11,0.43,3,9,-6,-1.04,-0.23,3.7,8.5,-4.8,-0.84,-0.53,Matches
149,150,José Corona,mx MEX,GK,Cruz Azul,40,1981,17,1530,90,50.0,17.0,17,90,17,0,,1,1.50,25,19,+6,+0.35,+0.29,21.6,19.4,+2.2,+0.13,+0.18,Matches
150,151,Washington Corozo,ec ECU,"FW,MF",UNAM,23,1998,28,1254,45,41.0,13.9,11,71,1,17,28,3,1.44,18,14,+4,+0.29,+0.64,18.2,21.1,-2.9,-0.21,+0.04,Matches
151,152,George Corral,mx MEX,"MF,DF",Puebla,31,1990,28,1698,61,55.5,18.9,20,75,7,8,24,1,1.59,25,20,+5,+0.27,+0.20,26.6,27.3,-0.7,-0.04,+0.02,Matches
152,153,Jordi Cortizo,mx MEX,"MF,FW",Puebla,25,1996,12,726,61,23.7,8.1,10,68,1,2,24,1,1.43,10,7,+3,+0.37,+0.26,12.3,11.5,+0.8,+0.10,+0.19,Matches
153,154,Jordi Cortizo,mx MEX,"FW,MF",Tijuana,25,1996,11,387,35,12.6,4.3,3,71,0,8,22,6,0.91,5,8,-3,-0.70,-0.02,6.1,6.9,-0.8,-0.19,+0.10,Matches
154,155,Rodolfo Cota,mx MEX,GK,León,34,1987,31,2790,90,91.2,31.0,31,90,31,0,,1,1.51,35,30,+5,+0.16,+1.49,45.2,36.4,+8.8,+0.28,+0.49,Matches
155,156,Aldo Cruz,mx MEX,"DF,MF",UANL,23,1997,7,168,24,5.5,1.9,2,70,0,5,6,20,1.13,4,2,+2,+1.07,+0.45,2.4,2.8,-0.4,-0.19,-0.58,Matches
156,157,Alessio da Cruz,cv CPV,"FW,MF",Santos,24,1997,8,566,71,18.5,6.3,7,78,3,1,17,0,1.13,6,7,-1,-0.16,-0.45,7.4,9.9,-2.5,-0.39,-0.45,Matches
157,158,Jorge Daniel Hernández,mx MEX,MF,Pachuca,32,1989,13,777,60,25.4,8.6,9,79,6,4,17,4,1.15,9,12,-3,-0.35,-0.98,11.1,12.6,-1.5,-0.17,-0.62,Matches
158,159,Jorge Daniel Hernández,mx MEX,MF,Querétaro,32,1989,15,1284,86,42.0,14.3,14,89,13,1,35,1,0.87,13,17,-4,-0.28,+0.07,16.6,17.2,-0.5,-0.04,+0.29,Matches
159,160,Juan David Castro,mx MEX,"MF,DF",Atlético,29,1991,20,667,33,21.8,7.4,6,76,3,14,15,13,1.22,4,11,-7,-0.94,-1.02,8.3,11.4,-3.1,-0.42,-0.61,Matches
160,161,José David Ramírez,mx MEX,DF,León,25,1995,30,1753,58,57.3,19.5,18,85,10,12,19,1,1.49,16,24,-8,-0.41,-1.03,27.0,25.7,+1.3,+0.07,-0.41,Matches
161,162,Dilan Dávila,mx MEX,MF,Toluca,17,2004,0,,,,,0,,0,0,,1,,,,,,,,,,,,Matches
162,163,Víctor Dávila,cl CHI,"FW,MF",León,23,1997,32,2257,71,73.8,25.1,26,80,14,6,30,0,1.50,29,26,+3,+0.12,+0.34,39.7,28.7,+11.0,+0.44,+0.76,Matches
163,164,Diego De Buen,mx MEX,"DF,MF",Puebla,30,1991,30,2056,69,67.2,22.8,23,82,16,7,24,3,1.44,30,26,+4,+0.18,0.00,33.1,33.7,-0.6,-0.03,+0.06,Matches
164,165,Everardo Del Villar,,,Toluca,16,2005,1,54,54,1.8,0.6,0,,0,1,54,6,0.00,0,3,-3,-5.00,-4.64,,,,,,Matches
165,166,Arturo Delgado,mx MEX,GK,UANL,19,2002,0,,,,,0,,0,0,,2,,,,,,,,,,,,Matches
166,167,Benny Díaz,mx MEX,GK,Tijuana,22,1998,2,180,90,5.9,2.0,2,90,2,0,,5,0.00,2,4,-2,-1.00,-0.34,3.3,3.5,-0.3,-0.13,+0.15,Matches
167,168,Nicolás Díaz Huincales,cl CHI,DF,Mazatlán,22,1999,28,2212,79,72.3,24.6,24,87,19,4,28,3,1.31,29,36,-7,-0.28,+0.03,22.5,39.5,-17.0,-0.69,-0.28,Matches
168,169,Jair Díaz,mx MEX,DF,Atlético,22,1998,26,1945,75,63.6,21.6,24,78,15,2,31,2,1.17,27,24,+3,+0.14,+0.78,31.3,28.0,+3.3,+0.15,+0.26,Matches
169,170,Jonathan Díaz,mx MEX,DF,Santos,22,1999,2,148,74,4.8,1.6,2,74,1,0,,5,0.50,1,2,-1,-0.61,-0.86,1.6,2.8,-1.2,-0.72,-0.73,Matches
170,171,Josué Díaz,mx MEX,DF,Cruz Azul,16,2004,0,,,,,0,,0,0,,2,,,,,,,,,,,,Matches
171,172,Ricardo Díaz,mx MEX,GK,Querétaro,25,1995,2,96,48,3.1,1.1,1,90,1,1,6,16,0.00,0,2,-2,-1.87,-1.60,0.5,2.3,-1.8,-1.73,-1.56,Matches
172,173,Diego,br BRA,"DF,MF",Toluca,33,1988,20,1014,51,33.1,11.3,11,76,6,9,20,1,1.24,15,18,-3,-0.27,+0.26,17.3,19.7,-2.5,-0.22,+0.23,Matches
173,174,Ronaldo Dimas,mx MEX,GK,Toluca,19,2002,0,,,,,0,,0,0,,2,,,,,,,,,,,,Matches
174,175,Diogo,br BRA,"FW,MF",UNAM,24,1996,23,1184,51,38.7,13.2,12,76,4,11,25,0,1.50,23,15,+8,+0.61,+1.14,18.6,17.5,+1.1,+0.08,+0.52,Matches
175,176,José Doldán,py PAR,DF,Querétaro,24,1997,12,679,57,22.2,7.5,7,90,6,5,10,4,0.67,2,9,-7,-0.93,-0.78,7.0,12.1,-5.1,-0.68,-0.59,Matches
176,177,Idekel Domínguez,mx MEX,DF,Necaxa,21,2000,18,1325,74,43.3,14.7,15,85,11,3,18,7,1.11,16,24,-8,-0.54,-0.65,17.9,19.2,-1.3,-0.09,-0.13,Matches
177,178,Julio Domínguez,mx MEX,DF,Cruz Azul,33,1987,31,2498,81,81.6,27.8,28,87,24,3,18,0,1.40,36,25,+11,+0.40,+1.04,35.0,30.4,+4.6,+0.17,+0.70,Matches
178,179,Misael Domínguez,mx MEX,"MF,FW",Tijuana,21,1999,17,614,36,20.1,6.8,6,66,1,11,20,7,0.71,8,19,-11,-1.61,-1.17,8.4,16.5,-8.1,-1.19,-1.14,Matches
179,180,Dória,br BRA,DF,Santos,26,1994,31,2789,90,91.1,31.0,31,90,30,0,,1,1.32,42,39,+3,+0.10,-1.23,42.9,44.3,-1.4,-0.05,-0.24,Matches
180,181,Jonathan dos Santos,mx MEX,MF,América,31,1990,9,203,23,6.6,2.3,2,56,0,7,13,6,1.36,3,5,-2,-0.89,-1.52,4.2,3.8,+0.5,+0.20,-0.36,Matches
181,182,Jesús Dueñas,mx MEX,"DF,MF",UANL,32,1989,24,1289,54,42.1,14.3,15,75,4,9,18,7,1.93,28,17,+11,+0.77,+0.21,24.1,17.8,+6.4,+0.45,+0.16,Matches
182,183,Jhon Duque Arias,co COL,"MF,FW",Atlético,29,1992,9,249,28,8.1,2.8,3,49,0,6,17,8,1.33,2,5,-3,-1.08,-1.02,2.3,2.9,-0.6,-0.22,-0.30,Matches
183,184,Jonathan David dos Santos Duré,uy URU,FW,Querétaro,29,1992,14,1002,72,32.7,11.1,12,78,8,2,34,0,0.79,8,17,-9,-0.81,-0.72,14.2,15.9,-1.7,-0.15,+0.10,Matches
184,185,Jorge Eduardo Sánchez,mx MEX,DF,América,23,1997,26,1943,75,63.5,21.6,20,89,18,6,27,1,1.50,28,17,+11,+0.51,-0.05,29.4,15.8,+13.6,+0.63,+0.25,Matches
185,186,Francisco Eduardo Venegas,mx MEX,DF,UANL,23,1998,5,173,35,5.7,1.9,2,67,0,3,13,14,2.17,3,4,-1,-0.52,-1.24,2.6,3.1,-0.5,-0.28,-0.67,Matches
186,187,Jesús Eduardo Zavala,mx MEX,"DF,MF",Mazatlán,34,1987,14,453,32,14.8,5.0,5,73,2,9,10,20,1.79,5,8,-3,-0.60,-0.35,4.4,10.7,-6.3,-1.25,-0.75,Matches
187,188,Alfonso Emilio Sánchez,mx MEX,MF,Mazatlán,27,1994,20,1118,56,36.5,12.4,12,81,4,8,19,7,1.45,14,15,-1,-0.08,+0.34,10.2,19.9,-9.6,-0.78,-0.25,Matches
188,189,José Enrique Angulo,ec ECU,FW,Querétaro,26,1995,15,957,64,31.3,10.6,12,73,2,3,27,1,1.07,16,7,+9,+0.85,+1.70,13.8,10.9,+2.9,+0.30,+0.73,Matches
189,190,Luis Enrique Quiñones,co COL,"MF,FW",UANL,30,1991,31,2175,70,71.1,24.2,24,82,7,7,31,0,1.69,43,21,+22,+0.91,+0.91,38.6,25.4,+13.2,+0.55,+0.67,Matches
190,191,Carlos Ernesto Cisneros,mx MEX,"DF,MF",Guadalajara,27,1993,29,1475,51,48.2,16.4,16,75,8,13,22,1,1.44,20,13,+7,+0.43,+0.60,17.1,12.6,+4.5,+0.27,+0.34,Matches
191,192,Kevin Escamilla,mx MEX,MF,Querétaro,27,1994,28,2040,73,66.7,22.7,25,77,9,3,36,5,1.04,19,23,-4,-0.18,+0.44,22.7,28.3,-5.6,-0.25,-0.09,Matches
192,193,Juan Escobar,py PAR,DF,Cruz Azul,26,1995,30,2137,71,69.8,23.7,23,85,14,7,26,0,1.38,32,22,+10,+0.42,+0.71,26.1,27.3,-1.3,-0.05,-0.30,Matches
193,194,Alonso Escoboza,mx MEX,"MF,DF",Necaxa,28,1993,31,1703,55,55.7,18.9,19,71,6,12,29,1,1.25,25,26,-1,-0.05,+0.28,26.7,19.9,+6.8,+0.36,+0.84,Matches
194,195,Amaury Escoto,mx MEX,"FW,MF",Puebla,28,1992,14,385,28,12.6,4.3,3,57,0,11,19,1,1.24,5,5,0,0.00,-0.20,6.2,7.7,-1.5,-0.36,-0.36,Matches
195,196,José Espino,mx MEX,"MF,FW",Querétaro,20,2000,3,87,29,2.8,1.0,1,59,0,2,14,3,0.33,0,2,-2,-2.07,-1.80,1.2,2.7,-1.5,-1.52,-1.34,Matches
196,197,Michael Estrada,ec ECU,FW,Toluca,25,1996,15,505,34,16.5,5.6,5,59,0,10,21,3,1.25,9,11,-2,-0.36,+0.10,8.3,8.4,-0.1,-0.01,+0.43,Matches
197,198,Marco Fabián,mx MEX,"MF,FW",Mazatlán,32,1989,12,733,61,24.0,8.1,7,82,3,5,32,0,1.62,12,9,+3,+0.37,+0.87,10.0,12.8,-2.9,-0.35,+0.34,Matches
198,199,Carlos Felipe Rodríguez,mx MEX,GK,FC Juárez,32,1989,6,433,72,14.2,4.8,4,90,4,2,37,28,0.67,3,9,-6,-1.25,-0.46,5.0,8.1,-3.1,-0.64,-0.28,Matches
199,200,Omar Fernández Frasica,co COL,"MF,FW",León,28,1993,27,1706,63,55.8,19.0,22,71,4,5,28,1,1.31,22,20,+2,+0.11,+0.17,29.4,23.4,+6.0,+0.32,+0.17,Matches
200,201,Gabriel Fernández,uy URU,FW,FC Juárez,27,1994,15,1133,76,37.0,12.6,13,81,10,2,38,1,0.60,9,22,-13,-1.03,-0.29,10.7,14.5,-3.8,-0.30,+0.16,Matches
201,202,Leonardo Fernández,uy URU,"MF,FW",Toluca,22,1998,15,1151,77,37.6,12.8,13,84,7,2,28,0,1.27,18,28,-10,-0.78,-0.55,13.9,24.0,-10.0,-0.78,-0.66,Matches
202,203,Leonardo Fernández,uy URU,"MF,FW",UANL,22,1998,11,365,33,11.9,4.1,4,49,0,7,24,2,1.92,8,3,+5,+1.23,+0.67,6.6,4.5,+2.0,+0.51,+0.17,Matches
203,204,Fernandinho,br BRA,"MF,DF",FC Juárez,24,1997,3,117,39,3.8,1.3,1,45,0,2,36,4,0.67,2,1,+1,+0.77,+1.69,1.8,0.9,+0.9,+0.70,+1.14,Matches
204,205,Luis Fernando Fuentes,mx MEX,DF,América,34,1986,27,1943,72,63.5,21.6,24,79,13,3,13,6,1.84,29,14,+15,+0.69,+0.45,31.0,15.8,+15.2,+0.70,+0.45,Matches
205,206,Luis Fernando León,ec ECU,DF,Atlético,28,1993,10,825,83,27.0,9.2,9,90,9,1,15,1,1.62,14,10,+4,+0.44,+0.80,13.3,12.2,+1.1,+0.12,+0.09,Matches
206,207,Iván Fernando Ochoa,mx MEX,MF,FC Juárez,24,1996,8,411,51,13.4,4.6,5,63,2,3,32,4,0.13,3,6,-3,-0.66,+0.23,3.7,4.8,-1.2,-0.26,+0.16,Matches
207,208,Luis Fernando Quintana,mx MEX,DF,Necaxa,29,1992,10,701,70,22.9,7.8,9,77,6,1,9,12,1.10,5,12,-7,-0.90,-0.94,10.7,11.9,-1.2,-0.15,-0.18,Matches
208,209,Juan Ferney Otero,co COL,"FW,MF",Santos,26,1995,19,1422,75,46.5,15.8,16,83,9,3,31,1,1.41,22,15,+7,+0.44,+0.44,24.9,21.7,+3.2,+0.20,+0.42,Matches
209,210,Juan Ferney Otero,co COL,"FW,MF",América,26,1995,8,284,36,9.3,3.2,2,72,0,6,23,4,1.18,3,4,-1,-0.32,-0.93,5.2,4.2,+1.0,+0.32,-0.24,Matches
210,211,Gustavo Ferrareis,br BRA,"DF,MF",Puebla,25,1996,33,2248,68,73.5,25.0,26,83,14,7,14,0,1.36,33,25,+8,+0.32,+0.54,38.4,34.3,+4.1,+0.16,+0.79,Matches
211,212,Facundo Ferreyra,ar ARG,"FW,MF",Tijuana,30,1991,14,646,46,21.1,7.2,7,72,0,7,21,0,0.79,3,9,-6,-0.84,-0.20,9.4,13.0,-3.6,-0.50,-0.29,Matches
212,213,Álvaro Fidalgo,es ESP,MF,América,24,1997,33,2449,74,80.0,27.2,30,79,12,3,28,1,1.72,38,20,+18,+0.66,+0.66,36.3,21.7,+14.6,+0.54,0.00,Matches
213,214,Carlos Fierro,mx MEX,"FW,MF",FC Juárez,27,1994,3,94,31,3.1,1.0,0,,0,3,31,5,0.00,2,3,-1,-0.96,-0.11,1.8,3.4,-1.6,-1.52,-1.16,Matches
214,215,Abraham Flores,mx MEX,DF,Tijuana,19,2002,0,,,,,0,,0,0,,5,,,,,,,,,,,,Matches
215,216,Leonardo Flores,mx MEX,FW,UANL,18,2003,1,24,24,0.8,0.3,0,,0,1,24,1,1.00,1,0,+1,+3.75,+3.13,1.0,0.2,+0.8,+3.04,+2.71,Matches
216,217,Fabricio Formiliano,uy URU,DF,Necaxa,28,1993,28,2430,87,79.4,27.0,27,89,26,1,34,1,1.28,32,35,-3,-0.11,+0.32,30.4,33.5,-3.0,-0.11,-0.49,Matches
217,218,Alexis Francisco Peña,mx MEX,DF,Cruz Azul,25,1996,9,532,59,17.4,5.9,6,80,3,3,17,3,1.10,9,5,+4,+0.68,+0.57,4.9,7.8,-2.9,-0.50,-0.65,Matches
218,219,Alexis Francisco Peña,mx MEX,DF,Necaxa,25,1996,13,1141,88,37.3,12.7,13,88,12,0,,2,1.54,13,11,+2,+0.16,+0.53,11.8,15.3,-3.5,-0.27,-0.42,Matches
219,220,Nicolás Freire,ar ARG,DF,UNAM,27,1994,27,2318,86,75.8,25.8,26,89,25,1,5,1,1.30,26,33,-7,-0.27,-0.76,29.6,39.5,-9.9,-0.38,-0.62,Matches
220,221,Gonzalo Freitas,uy URU,MF,Mazatlán,29,1991,19,1378,73,45.0,15.3,15,87,13,4,18,6,1.25,17,24,-7,-0.46,-0.30,14.5,23.9,-9.4,-0.61,0.00,Matches
221,222,Abraham Freyfeld,mx MEX,DF,UNAM,17,2004,0,,,,,0,,0,0,,2,,,,,,,,,,,,Matches
222,223,Raymundo Fulgencio,mx MEX,"MF,FW",UANL,21,2000,18,549,31,17.9,6.1,3,79,2,15,21,10,1.52,8,6,+2,+0.33,-0.39,10.3,8.1,+2.2,+0.35,0.00,Matches
223,224,Rogelio Funes Mori,mx MEX,FW,Monterrey,30,1991,21,1637,78,53.5,18.2,19,82,11,2,36,0,1.33,22,18,+4,+0.22,+0.03,28.5,19.0,+9.5,+0.52,+0.02,Matches
224,225,Julio Furch,ar ARG,FW,Atlas,32,1989,30,2494,83,81.5,27.7,29,84,12,1,45,0,1.57,32,18,+14,+0.51,+0.03,34.2,27.3,+6.9,+0.26,+0.84,Matches
225,226,Alam Galindo,mx MEX,MF,Tijuana,20,2001,0,,,,,0,,0,0,,3,,,,,,,,,,,,Matches
226,227,José Galindo,mx MEX,DF,UNAM,23,1998,18,1234,69,40.3,13.7,14,86,12,4,8,13,1.67,20,13,+7,+0.51,+1.00,17.6,17.4,+0.2,+0.02,+0.42,Matches
227,228,Jesús Gallardo,mx MEX,"DF,FW",Monterrey,26,1994,30,2098,70,68.6,23.3,22,84,14,8,31,0,1.47,26,22,+4,+0.17,-0.11,34.2,22.7,+11.5,+0.49,-0.06,Matches
228,229,Joe Gallardo,us USA,FW,Querétaro,23,1998,0,,,,,0,,0,0,,4,,,,,,,,,,,,Matches
229,230,Martín Galván,mx MEX,"MF,FW",FC Juárez,28,1993,12,685,57,22.4,7.6,9,70,1,3,20,13,0.17,3,13,-10,-1.31,-0.59,5.3,10.9,-5.6,-0.73,-0.43,Matches
230,231,Mauricio Galván,mx MEX,MF,América,21,2000,0,,,,,0,,0,0,,1,,,,,,,,,,,,Matches
231,232,Juan Gamboa,mx MEX,FW,Toluca,20,2001,1,1,1,0.0,0.0,0,,0,1,1,3,1.00,0,0,0,0.00,+0.44,0.0,0.0,0.0,0.00,+0.37,Matches
232,233,Luis Gamíz,mx MEX,MF,Tijuana,21,2000,3,23,8,0.8,0.3,0,,0,3,8,14,0.67,0,1,-1,-3.91,-3.26,0.2,1.3,-1.1,-4.39,-4.14,Matches
233,234,Alonso García,mx MEX,MF,FC Juárez,19,2002,0,,,,,0,,0,0,,1,,,,,,,,,,,,Matches
234,235,Amaury García,mx MEX,"MF,FW",UNAM,19,2001,6,116,19,3.8,1.3,1,45,0,5,14,16,1.33,2,2,0,0.00,+0.09,2.0,2.7,-0.7,-0.52,-0.30,Matches
235,236,Ángel García,mx MEX,"FW,DF",UNAM,20,2000,2,48,24,1.6,0.5,0,,0,2,24,2,0.50,0,1,-1,-1.87,-1.82,1.0,1.1,-0.1,-0.25,-0.01,Matches
236,237,Aristeo García,mx MEX,FW,Querétaro,22,1999,1,1,1,0.0,0.0,0,,0,1,1,12,3.00,1,0,+1,+90.00,+90.35,0.0,0.1,-0.1,-9.06,-8.84,Matches
237,238,Axel García,mx MEX,MF,Necaxa,21,2000,0,,,,,0,,0,0,,1,,,,,,,,,,,,Matches
238,239,Brian García,mx MEX,DF,Necaxa,23,1997,31,2438,79,79.7,27.1,27,85,23,4,35,2,1.38,32,29,+3,+0.11,+1.41,32.6,29.3,+3.3,+0.12,+0.66,Matches
239,240,Denzell García,mx MEX,MF,FC Juárez,17,2003,1,14,14,0.5,0.2,0,,0,1,14,2,0.00,0,1,-1,-6.43,-5.60,0.0,0.7,-0.7,-4.40,-4.02,Matches
240,241,Eduardo García,mx MEX,DF,Toluca,20,2001,0,,,,,0,,0,0,,2,,,,,,,,,,,,Matches
241,242,Emmanuel García,mx MEX,"DF,FW",Atlético,31,1989,13,734,56,24.0,8.2,7,87,4,6,20,20,1.23,8,18,-10,-1.23,-1.42,10.2,12.8,-2.6,-0.32,-0.49,Matches
242,243,Gilberto García,mx MEX,MF,Guadalajara,20,2000,0,,,,,0,,0,0,,3,,,,,,,,,,,,Matches
243,244,Joel García,mx MEX,GK,Santos,23,1998,0,,,,,0,,0,0,,8,,,,,,,,,,,,Matches
244,245,José García,mx MEX,DF,FC Juárez,25,1996,22,1892,86,61.8,21.0,20,88,16,2,67,12,0.86,16,31,-15,-0.71,+0.37,16.6,26.4,-9.8,-0.46,-0.18,Matches
245,246,Luis García,mx MEX,FW,Necaxa,29,1992,22,1035,47,33.8,11.5,12,68,0,10,22,8,1.14,9,11,-2,-0.17,0.00,,,,,,Matches
246,247,Marco García,mx MEX,MF,UNAM,21,2000,15,650,43,21.2,7.2,9,59,1,6,20,8,1.44,11,9,+2,+0.28,+0.46,10.8,9.4,+1.3,+0.19,+0.53,Matches
247,248,Matías García,ar ARG,MF,FC Juárez,29,1991,28,2364,84,77.3,26.3,28,84,21,0,,0,0.89,20,36,-16,-0.61,+1.07,25.6,30.4,-4.9,-0.19,+0.93,Matches
248,249,Oscar Garcia,mx MEX,MF,León,18,2003,0,,,,,0,,0,0,,1,,,,,,,,,,,,Matches
249,250,Pol García,es ESP,DF,FC Juárez,26,1995,8,447,56,14.6,5.0,4,87,3,4,25,5,1.13,4,13,-9,-1.81,-1.12,3.1,8.1,-4.9,-0.99,-0.70,Matches
250,251,Uziel García,mx MEX,DF,Atlético,20,2001,0,,,,,0,,0,0,,5,,,,,,,,,,,,Matches
251,252,Bryan Garnica,mx MEX,"DF,MF",Atlas,25,1996,8,122,15,4.0,1.4,0,,0,8,15,25,1.11,2,1,+1,+0.74,+0.25,3.8,3.7,+0.1,+0.08,0.00,Matches
252,253,Adrián Garza,mx MEX,FW,UANL,20,2000,2,14,7,0.5,0.2,0,,0,2,7,6,2.00,0,0,0,0.00,-0.65,0.1,0.3,-0.2,-1.18,-1.54,Matches
253,254,Jesús Garza,mx MEX,DF,UANL,21,2000,6,135,23,4.4,1.5,1,69,0,5,13,4,1.83,3,2,+1,+0.67,+0.02,2.8,0.6,+2.1,+1.44,+1.14,Matches
254,255,Rodolfo Garza,mx MEX,MF,Atlas,18,2003,0,,,,,0,,0,0,,1,,,,,,,,,,,,Matches
255,256,Emmanuel Gigliotti,ar ARG,"FW,MF",León,34,1987,13,423,33,13.8,4.7,4,69,0,9,17,3,1.44,4,5,-1,-0.21,-0.28,5.3,7.1,-1.8,-0.37,-0.71,Matches
256,257,André-Pierre Gignac,fr FRA,FW,UANL,35,1985,24,2096,87,68.5,23.3,24,87,19,0,,1,1.75,40,25,+15,+0.64,-0.01,35.1,27.0,+8.0,+0.34,-0.02,Matches
257,258,Milton Giménez,ar ARG,FW,Necaxa,24,1996,14,844,60,27.6,9.4,11,74,1,3,10,1,1.40,13,10,+3,+0.32,+0.69,10.4,11.5,-1.1,-0.12,-0.14,Matches
258,259,Santiago Giménez,mx MEX,FW,Cruz Azul,20,2001,31,1430,46,46.7,15.9,11,67,0,20,35,0,1.23,21,17,+4,+0.25,+0.09,17.4,17.4,+0.1,0.00,-0.06,Matches
259,260,Alejandro Gómez,mx MEX,DF,Atlas,19,2002,0,,,,,0,,0,0,,4,,,,,,,,,,,,Matches
260,261,Diego Gómez,mx MEX,DF,Necaxa,17,2003,1,45,45,1.5,0.5,0,,0,1,45,8,0.00,0,1,-1,-2.00,-1.85,0.1,0.5,-0.4,-0.87,-0.87,Matches
261,262,Jorge Gómez,mx MEX,DF,América,20,2001,0,,,,,0,,0,0,,2,,,,,,,,,,,,Matches
262,263,Miguel Gómez,mx MEX,DF,Guadalajara,18,2002,0,,,,,0,,0,0,,1,,,,,,,,,,,,Matches
263,264,Oscar Gómez,mx MEX,DF,Toluca,21,2000,0,,,,,0,,0,0,,1,,,,,,,,,,,,Matches
264,265,Pablo Gómez,mx MEX,"MF,FW",Querétaro,24,1997,4,90,23,2.9,1.0,0,,0,4,23,4,0.50,0,1,-1,-1.00,-0.70,1.5,1.9,-0.4,-0.36,-0.14,Matches
265,266,Jaime Gómez Valencia,mx MEX,"DF,MF",FC Juárez,28,1993,20,972,49,31.8,10.8,9,71,2,11,30,7,1.15,9,13,-4,-0.37,+0.71,11.4,13.0,-1.6,-0.15,+0.37,Matches
266,267,Alfonso González,mx MEX,"MF,FW",Monterrey,26,1994,34,2031,60,66.4,22.6,25,75,5,9,18,0,1.42,26,23,+3,+0.13,-0.22,30.8,21.0,+9.7,+0.43,-0.24,Matches
267,268,Bryan González,mx MEX,"MF,FW",Pachuca,18,2003,18,803,45,26.2,8.9,11,66,1,7,12,7,1.76,11,9,+2,+0.22,-0.21,12.9,8.6,+4.3,+0.48,+0.26,Matches
268,269,Pablo González Díaz,mx MEX,"MF,FW",Toluca,29,1992,4,40,10,1.3,0.4,0,,0,4,10,20,1.50,0,0,0,0.00,+0.45,0.1,0.4,-0.3,-0.60,-0.23,Matches
269,270,Pablo González Díaz,mx MEX,MF,Atlas,29,1992,0,,,,,0,,0,0,,7,,,,,,,,,,,,Matches
270,271,Hugo González Durán,mx MEX,GK,FC Juárez,30,1990,30,2627,88,85.8,29.2,30,88,28,0,,1,0.87,21,44,-23,-0.79,+0.46,24.2,34.6,-10.4,-0.36,+0.28,Matches
271,272,Carlos González Espínola,py PAR,"FW,MF",UANL,28,1993,30,1334,44,43.6,14.8,12,79,6,18,22,0,1.82,29,11,+18,+1.21,+1.01,25.1,18.6,+6.4,+0.43,+0.14,Matches
272,273,Ramiro González Hernández,ar ARG,DF,León,30,1990,7,377,54,12.3,4.2,5,74,4,2,4,5,2.70,7,1,+6,+1.43,+1.60,7.5,6.1,+1.4,+0.34,+0.11,Matches
273,274,Jonathan González,mx MEX,MF,Necaxa,22,1999,6,182,30,5.9,2.0,2,52,0,4,20,10,1.00,1,4,-3,-1.48,-1.39,3.4,2.9,+0.5,+0.25,+0.27,Matches
274,275,Jonathan González,mx MEX,MF,Querétaro,22,1999,4,127,32,4.2,1.4,1,45,0,3,27,3,0.50,1,2,-1,-0.71,-0.40,0.7,1.8,-1.1,-1.01,-0.81,Matches
275,276,José González,mx MEX,FW,UNAM,16,2004,0,,,,,0,,0,0,,1,,,,,,,,,,,,Matches
276,277,Luis González,mx MEX,DF,Santos,19,2002,0,,,,,0,,0,0,,2,,,,,,,,,,,,Matches
277,278,Ian Gonzalez Nieto,es ESP,FW,Toluca,28,1993,25,1516,61,49.5,16.8,21,69,2,4,18,2,1.15,23,26,-3,-0.18,+0.52,22.5,25.7,-3.1,-0.19,+0.37,Matches
278,279,Olaf González,mx MEX,DF,América,19,2002,0,,,,,0,,0,0,,1,,,,,,,,,,,,Matches
279,280,Ronaldo González,mx MEX,MF,Querétaro,21,1999,2,35,18,1.1,0.4,0,,0,2,18,2,0.50,0,0,0,0.00,+0.33,0.6,1.1,-0.5,-1.38,-1.17,Matches
280,281,Salvador González,mx MEX,FW,Atlético,21,1999,0,,,,,0,,0,0,,4,,,,,,,,,,,,Matches
281,282,Fernando Gorriarán,uy URU,MF,Santos,26,1994,32,2606,81,85.2,29.0,29,86,21,3,36,0,1.34,40,36,+4,+0.14,-0.46,39.4,37.9,+1.5,+0.05,+0.51,Matches
282,283,Ismael Govea,mx MEX,DF,Santos,24,1997,9,672,75,22.0,7.5,8,80,4,1,32,19,1.11,6,7,-1,-0.13,-0.44,7.4,13.0,-5.6,-0.75,-0.93,Matches
283,284,Axel Grijalva,mx MEX,DF,Monterrey,21,2000,1,73,73,2.4,0.8,1,73,0,0,,5,0.00,1,1,0,0.00,-0.21,0.4,0.8,-0.4,-0.50,-1.04,Matches
284,285,Andrés Gudiño,mx MEX,GK,Cruz Azul,24,1997,6,540,90,17.6,6.0,6,90,6,0,,7,1.33,7,7,0,0.00,-0.25,7.5,7.1,+0.4,+0.07,+0.05,Matches
285,286,Raúl Gudiño,mx MEX,GK,Guadalajara,25,1996,21,1890,90,61.8,21.0,21,90,21,0,,13,1.22,23,21,+2,+0.10,-0.06,20.7,20.6,+0.1,0.00,-0.24,Matches
286,287,Javier Güemez,mx MEX,MF,Atlético,29,1991,32,2776,87,90.7,30.8,32,87,26,0,,0,1.17,35,40,-5,-0.16,-0.16,41.8,39.9,+1.9,+0.06,+0.06,Matches
287,288,Luis Guerrero,mx MEX,MF,León,18,2003,0,,,,,0,,0,0,,3,,,,,,,,,,,,Matches
288,289,Rafael Guerrero,mx MEX,DF,Cruz Azul,18,2003,0,,,,,0,,0,0,,9,,,,,,,,,,,,Matches
289,290,Rodrigo Guerrero,mx MEX,DF,UANL,19,2001,0,,,,,0,,0,0,,1,,,,,,,,,,,,Matches
290,291,Emanuel Gularte,uy URU,DF,Puebla,23,1997,28,2249,80,73.5,25.0,27,83,20,1,10,3,1.45,33,24,+9,+0.36,+0.69,35.5,37.2,-1.7,-0.07,-0.08,Matches
291,292,Alexis Gutiérrez,mx MEX,"MF,FW",Cruz Azul,21,2000,3,75,25,2.5,0.8,1,45,0,2,15,12,0.33,1,3,-2,-2.40,-2.67,0.4,1.4,-1.0,-1.23,-1.30,Matches
292,293,Alfredo Gutierrez,mx MEX,DF,Necaxa,18,2003,0,,,,,0,,0,0,,3,,,,,,,,,,,,Matches
293,294,Carlos Gutiérrez,mx MEX,MF,UNAM,22,1999,0,,,,,0,,0,0,,3,,,,,,,,,,,,Matches
294,295,Edgar Gutiérrez,mx MEX,FW,Cruz Azul,19,2002,1,14,14,0.5,0.2,0,,0,1,14,3,3.00,0,0,0,0.00,-0.21,0.1,0.5,-0.4,-2.72,-2.77,Matches
295,296,Edson Gutiérrez,mx MEX,DF,Monterrey,25,1996,9,276,31,9.0,3.1,3,45,0,6,23,23,1.22,0,1,-1,-0.33,-0.58,2.3,3.4,-1.1,-0.36,-0.95,Matches
296,297,Gustavo Gutiérrez,mx MEX,GK,Toluca,24,1996,11,954,87,31.2,10.6,10,90,10,1,54,15,0.64,5,21,-16,-1.51,-1.55,7.0,19.6,-12.6,-1.19,-1.18,Matches
297,298,Luis Gutiérrez,mx MEX,FW,América,19,2001,0,,,,,0,,0,0,,4,,,,,,,,,,,,Matches
298,299,Marcos Mauro López Gutiérrez,ar ARG,DF,FC Juárez,30,1991,7,618,88,20.2,6.9,7,88,6,0,,0,0.14,4,14,-10,-1.46,-0.76,5.0,10.0,-5.0,-0.73,-0.41,Matches
299,300,Ricardo Gutiérrez,mx MEX,GK,Mazatlán,24,1997,0,,,,,0,,0,0,,34,,,,,,,,,,,,Matches
300,301,Carlos Guzmán,mx MEX,DF,Toluca,27,1994,11,706,64,23.1,7.8,8,79,5,3,26,0,1.36,10,11,-1,-0.13,+0.41,7.9,10.6,-2.7,-0.34,+0.04,Matches
301,302,Nahuel Guzmán,ar ARG,GK,UANL,35,1986,34,3060,90,100.0,34.0,34,90,34,0,,0,1.74,56,34,+22,+0.65,,50.6,38.7,+12.0,+0.35,,Matches
302,303,Víctor Guzmán,mx MEX,"MF,FW",Pachuca,26,1995,34,2205,65,72.1,24.5,27,77,6,7,16,0,1.68,32,21,+11,+0.45,+0.24,34.7,27.3,+7.4,+0.30,+0.04,Matches
303,304,Víctor Guzmán,mx MEX,DF,Tijuana,19,2002,24,1889,79,61.7,21.0,22,83,18,2,28,6,1.00,16,28,-12,-0.57,+0.27,22.0,28.0,-6.0,-0.29,-0.02,Matches
304,305,Jesús Haro,mx MEX,MF,Cruz Azul,19,2002,0,,,,,0,,0,0,,1,,,,,,,,,,,,Matches
305,306,Abel Hernández,uy URU,FW,Atlético,30,1990,16,587,37,19.2,6.5,6,77,0,10,13,0,1.33,8,5,+3,+0.46,+0.75,12.1,8.2,+3.9,+0.59,+0.67,Matches
306,307,Arelibetsiel Hernández,mx MEX,DF,Querétaro,26,1994,19,841,44,27.5,9.3,8,83,6,11,16,9,0.79,5,10,-5,-0.54,-0.29,10.3,14.8,-4.5,-0.48,-0.36,Matches
307,308,Édgar Hernández,mx MEX,GK,Necaxa,38,1982,10,682,68,22.3,7.6,7,90,7,3,17,23,1.30,11,14,-3,-0.40,-0.28,11.6,10.8,+0.8,+0.10,+0.15,Matches
308,309,Elías Hernández,mx MEX,"FW,MF",León,33,1988,30,1462,49,47.8,16.2,15,77,4,15,21,1,1.44,16,13,+3,+0.18,+0.30,24.6,17.7,+6.9,+0.43,+0.35,Matches
309,310,Illian Hernandez,mx MEX,FW,Pachuca,21,2000,5,48,10,1.6,0.5,0,,0,5,10,12,1.40,0,1,-1,-1.87,-2.29,1.2,1.6,-0.4,-0.80,-1.11,Matches
310,311,Jesús Hernández,mx MEX,"FW,MF",Pachuca,19,2001,3,27,9,0.9,0.3,0,,0,3,9,14,1.50,1,0,+1,+3.33,+2.98,0.3,0.4,-0.1,-0.35,-0.64,Matches
311,312,Jesús Hernández,mx MEX,"FW,MF",Querétaro,17,2004,4,114,29,3.7,1.3,0,,0,4,29,1,0.75,1,2,-1,-0.79,-0.48,1.3,1.4,-0.1,-0.05,+0.18,Matches
312,313,José Hernández,mx MEX,"DF,MF",Atlético,22,1999,13,459,35,15.0,5.1,4,82,2,9,15,15,0.81,4,7,-3,-0.59,-0.52,8.9,9.7,-0.8,-0.16,-0.25,Matches
313,314,Kaleth Hernández,mx MEX,"FW,MF",Monterrey,20,2001,7,90,13,2.9,1.0,0,,0,7,13,11,1.43,2,3,-1,-1.00,-1.24,1.8,2.5,-0.7,-0.70,-1.25,Matches
314,315,Pedro Hernández,mx MEX,DF,León,20,2000,2,39,20,1.3,0.4,1,4,0,1,35,20,0.50,0,1,-1,-2.31,-2.37,0.3,1.0,-0.7,-1.63,-1.90,Matches
315,316,Rubén Hernández,mx MEX,DF,Tijuana,19,2002,0,,,,,0,,0,0,,1,,,,,,,,,,,,Matches
316,317,Alberto Herrera,mx MEX,"MF,DF",Puebla,20,2001,16,376,24,12.3,4.2,2,54,0,14,19,10,2.00,6,3,+3,+0.72,+0.62,5.6,6.3,-0.6,-0.15,-0.12,Matches
317,318,Jonathan Herrera,mx MEX,"FW,MF",Atlas,20,2001,28,843,30,27.5,9.4,8,67,1,20,15,5,1.57,5,11,-6,-0.64,-1.57,11.0,12.0,-1.1,-0.11,-0.26,Matches
318,319,Higor,br BRA,MF,UNAM,27,1994,30,2206,74,72.1,24.5,26,79,15,4,38,3,1.49,25,30,-5,-0.20,-0.41,26.2,35.6,-9.4,-0.38,-0.53,Matches
319,320,Héctor Holguín,mx MEX,GK,Santos,20,2001,0,,,,,0,,0,0,,6,,,,,,,,,,,,Matches
320,321,César Huerta,mx MEX,"FW,MF",Guadalajara,20,2000,18,659,37,21.5,7.3,8,69,1,10,11,13,1.40,7,7,0,0.00,-0.15,6.1,5.6,+0.5,+0.07,-0.03,Matches
321,322,Valber Huerta,cl CHI,DF,Toluca,27,1993,11,836,76,27.3,9.3,9,85,8,2,36,1,0.91,11,22,-11,-1.18,-1.02,9.2,19.3,-10.2,-1.10,-0.99,Matches
322,323,Rodrigo Huescas,mx MEX,"FW,MF",Cruz Azul,17,2003,8,218,27,7.1,2.4,3,52,0,5,12,9,1.00,2,5,-3,-1.24,-1.56,2.2,3.7,-1.5,-0.62,-0.71,Matches
323,324,Avilés Hurtado,co COL,"FW,MF",Pachuca,34,1987,33,2135,65,69.8,23.7,27,73,6,6,25,0,1.69,33,25,+8,+0.34,-0.15,34.3,28.0,+6.3,+0.27,-0.08,Matches
324,325,Nicolás Ibáñez,ar ARG,FW,Pachuca,26,1994,32,2453,77,80.2,27.3,27,85,17,5,31,0,1.76,40,24,+16,+0.59,+1.03,40.4,30.6,+9.9,+0.36,+0.36,Matches
325,326,Andrés Ibargüen,co COL,"FW,MF",Santos,29,1992,7,212,30,6.9,2.4,1,72,0,6,23,6,1.57,4,2,+2,+0.85,+0.69,3.3,1.9,+1.5,+0.62,+0.69,Matches
326,327,Renato Ibarra,ec ECU,FW,América,30,1991,1,17,17,0.6,0.2,0,,0,1,17,1,3.00,2,0,+2,+10.59,+10.12,1.2,0.1,+1.1,+5.77,+5.26,Matches
327,328,Renato Ibarra,ec ECU,"FW,MF",Tijuana,30,1991,13,750,58,24.5,8.3,11,65,0,2,17,0,0.92,8,8,0,0.00,+0.90,11.4,12.1,-0.7,-0.08,+0.26,Matches
328,329,Romario Ibarra,ec ECU,"FW,MF",Pachuca,26,1994,26,1630,63,53.3,18.1,19,72,2,7,37,2,1.78,25,18,+7,+0.39,+0.01,26.7,22.4,+4.3,+0.24,-0.11,Matches
329,330,Juan Ignacio Dinenno,ar ARG,FW,UNAM,26,1994,29,2194,76,71.7,24.4,24,86,16,5,28,0,1.31,26,35,-9,-0.37,-0.99,27.8,38.5,-10.7,-0.44,-0.72,Matches
330,331,Andrés Iniestra,mx MEX,MF,FC Juárez,25,1996,4,257,64,8.4,2.9,3,82,2,1,12,13,0.25,3,7,-4,-1.40,-0.60,2.1,5.6,-3.5,-1.23,-0.91,Matches
331,332,Andrés Iniestra,mx MEX,MF,Atlético,25,1996,16,934,58,30.5,10.4,11,76,4,5,20,1,1.26,13,14,-1,-0.10,+0.07,14.4,16.2,-1.8,-0.17,-0.33,Matches
332,333,Jefferson Intriago,ec ECU,MF,FC Juárez,25,1996,13,1080,83,35.3,12.0,12,86,11,1,45,0,1.08,9,16,-7,-0.58,+0.42,9.0,15.6,-6.6,-0.55,-0.23,Matches
333,334,Jefferson Intriago,ec ECU,MF,Mazatlán,25,1996,17,1528,90,49.9,17.0,17,90,16,0,,0,1.22,20,24,-4,-0.24,+0.12,17.5,25.7,-8.1,-0.48,+0.27,Matches
334,335,Hugo Isaác Rodríguez,mx MEX,DF,Santos,31,1990,13,835,64,27.3,9.3,10,79,7,3,15,20,1.43,14,11,+3,+0.32,+0.16,12.3,14.9,-2.5,-0.27,-0.34,Matches
335,336,Mauricio Isais,us USA,DF,Pachuca,20,2001,1,83,83,2.7,0.9,1,83,0,0,,1,3.00,2,1,+1,+1.08,+0.72,0.7,0.6,+0.1,+0.09,-0.20,Matches
336,337,Jesús Isijara,mx MEX,"DF,MF",Santos,31,1989,7,308,44,10.1,3.4,4,71,1,3,8,7,1.43,7,6,+1,+0.29,+0.10,6.2,6.7,-0.5,-0.15,-0.14,Matches
337,338,Omar Islas,mx MEX,"MF,FW",UNAM,25,1996,12,298,25,9.7,3.3,4,50,0,8,12,5,0.77,4,9,-5,-1.51,-1.58,4.6,7.1,-2.4,-0.74,-0.55,Matches
338,339,Omar Israel Mendoza,mx MEX,DF,Querétaro,32,1988,29,2269,78,74.2,25.2,27,82,14,2,30,2,1.00,21,30,-9,-0.36,-0.13,27.2,33.2,-6.1,-0.25,-0.10,Matches
339,340,Edgar Iván López,mx MEX,FW,Tijuana,22,1999,13,286,22,9.3,3.2,2,61,0,11,15,14,0.69,4,11,-7,-2.20,-1.68,,,,,,Matches
340,341,José Iván Rodríguez,mx MEX,MF,León,25,1996,31,2202,71,72.0,24.5,26,82,16,5,14,2,1.54,28,22,+6,+0.25,+0.77,34.4,28.3,+6.1,+0.25,+0.03,Matches
341,342,Abolfazl Jalali,mx MEX,FW,Toluca,23,1998,0,,,,,0,,0,0,,2,,,,,,,,,,,,Matches
342,343,Vincent Janssen,nl NED,"FW,MF",Monterrey,27,1994,23,1292,56,42.2,14.4,14,74,3,9,28,1,1.41,19,10,+9,+0.63,+0.73,24.9,11.5,+13.4,+0.93,+0.73,Matches
343,344,Ignacio Jeraldino,cl CHI,FW,Santos,25,1995,16,422,26,13.8,4.7,4,63,0,12,14,8,1.32,8,8,0,0.00,-0.24,6.1,7.7,-1.5,-0.33,-0.35,Matches
344,345,José de Jesús Godínez,mx MEX,"FW,MF",Guadalajara,24,1997,8,240,30,7.8,2.7,1,63,0,7,25,2,1.25,4,3,+1,+0.37,+0.28,5.2,2.6,+2.6,+0.99,+0.97,Matches
345,346,José de Jesús Godínez,mx MEX,"FW,MF",Querétaro,24,1997,5,66,13,2.2,0.7,0,,0,5,13,4,1.20,1,2,-1,-1.36,-1.06,2.2,2.5,-0.3,-0.25,-0.03,Matches
346,347,Antonio de Jesús López,gt GUA,MF,América,24,1997,4,201,50,6.6,2.2,3,64,1,1,8,9,1.75,3,2,+1,+0.45,-0.09,1.8,1.5,+0.3,+0.13,-0.43,Matches
347,348,Antonio de Jesús López,gt GUA,MF,Necaxa,24,1997,10,123,12,4.0,1.4,0,,0,10,12,5,1.70,2,2,0,0.00,+0.18,1.5,3.4,-1.9,-1.39,-1.44,Matches
348,349,Cristian Jiménez,mx MEX,MF,Cruz Azul,19,2002,1,1,1,0.0,0.0,0,,0,1,1,21,3.00,0,0,0,0.00,-0.21,0.0,0.1,-0.1,-7.77,-7.80,Matches
349,350,Jaiber Jiménez,mx MEX,"DF,MF",Cruz Azul,26,1995,2,135,68,4.4,1.5,2,68,1,0,,8,2.00,2,2,0,0.00,-0.22,0.4,2.9,-2.5,-1.67,-1.78,Matches
350,351,Oscar Jiménez,mx MEX,GK,América,32,1988,3,270,90,8.8,3.0,3,90,3,0,,30,2.33,4,1,+3,+1.00,+0.52,5.1,3.4,+1.7,+0.57,+0.03,Matches
351,352,Miguel Jiménez Ponce,mx MEX,GK,Guadalajara,31,1990,8,720,90,23.5,8.0,8,90,8,0,,18,1.83,12,8,+4,+0.50,+0.50,8.2,5.8,+2.4,+0.31,+0.27,Matches
352,353,José Joaquín Esquivel,mx MEX,"MF,DF",FC Juárez,23,1998,28,2313,83,75.6,25.7,28,83,19,0,,1,0.89,17,33,-16,-0.62,+0.94,21.3,28.0,-6.7,-0.26,+0.55,Matches
353,354,José Joaquín Martínez,mx MEX,"DF,MF",Cruz Azul,34,1987,21,787,37,25.7,8.7,9,69,4,12,14,8,1.50,13,17,-4,-0.46,-0.89,11.2,12.1,-1.0,-0.11,-0.20,Matches
354,355,Julio José González,mx MEX,GK,UNAM,30,1991,9,810,90,26.5,9.0,9,90,9,0,,25,0.56,4,13,-9,-1.00,-1.24,9.3,12.9,-3.6,-0.40,-0.23,Matches
355,356,Juan José Sánchez,co COL,DF,UANL,23,1998,8,293,37,9.6,3.3,3,74,1,5,14,19,1.31,0,5,-5,-1.54,-2.41,2.5,2.9,-0.3,-0.11,-0.51,Matches
356,357,Alberto Joshimar Acosta,mx MEX,DF,FC Juárez,33,1988,20,1211,61,39.6,13.5,16,70,2,4,23,7,0.95,13,21,-8,-0.59,+0.43,12.2,17.4,-5.3,-0.39,+0.01,Matches
357,358,José Juan Macías,mx MEX,"FW,MF",Guadalajara,21,1999,8,265,33,8.7,2.9,1,61,0,7,29,0,1.00,5,7,-2,-0.68,-0.87,3.3,3.6,-0.3,-0.09,-0.20,Matches
358,359,José Juan Vázquez,mx MEX,MF,Toluca,33,1988,17,1417,83,46.3,15.7,17,83,11,0,,0,1.33,20,19,+1,+0.06,+0.94,23.5,21.4,+2.0,+0.13,+0.94,Matches
359,360,José Juan Vázquez,mx MEX,MF,Tijuana,33,1988,17,1217,72,39.8,13.5,15,80,9,2,10,0,1.00,10,20,-10,-0.74,-0.10,14.9,21.1,-6.2,-0.45,-0.29,Matches
360,361,Ramón Juárez,mx MEX,DF,Atlético,20,2001,12,787,66,25.7,8.7,8,88,7,4,22,3,1.20,10,12,-2,-0.23,-0.11,13.2,11.5,+1.7,+0.20,+0.19,Matches
361,362,Ramón Juárez,mx MEX,MF,Puebla,20,2001,1,1,1,0.0,0.0,0,,0,1,1,11,1.00,0,0,0,0.00,-0.18,0.0,0.0,0.0,0.00,+0.05,Matches
362,363,Heriberto Jurado,mx MEX,"FW,MF",Necaxa,16,2005,16,782,49,25.6,8.7,8,74,1,8,24,3,1.29,9,10,-1,-0.12,+0.08,9.9,9.7,+0.2,+0.02,+0.04,Matches
363,364,Sebastián Jurado,mx MEX,GK,Cruz Azul,23,1997,11,990,90,32.4,11.0,11,90,11,0,,16,1.21,9,8,+1,+0.09,-0.17,9.8,11.2,-1.4,-0.13,-0.24,Matches
364,365,Gary Kagelmacher,uy URU,DF,León,33,1988,7,501,72,16.4,5.6,6,81,4,1,16,5,1.00,5,8,-3,-0.54,-0.68,7.0,5.9,+1.2,+0.21,-0.04,Matches
365,366,Matías Kranevitter,ar ARG,"MF,DF",Monterrey,28,1993,30,1534,51,50.1,17.0,16,80,8,14,18,2,1.48,18,20,-2,-0.12,-0.65,24.1,19.1,+5.1,+0.30,-0.43,Matches
366,367,Roberto de la Rosa,mx MEX,"FW,MF",Pachuca,21,2000,26,945,36,30.9,10.5,8,74,3,18,20,7,1.38,16,16,0,0.00,-0.55,19.2,15.0,+4.1,+0.39,+0.15,Matches
367,368,Martín Lagunes,mx MEX,GK,Puebla,21,2000,0,,,,,0,,0,0,,2,,,,,,,,,,,,Matches
368,369,Mauro Laínez,mx MEX,"FW,MF",América,25,1996,22,1097,50,35.8,12.2,10,78,4,12,26,6,1.68,14,9,+5,+0.41,-0.19,17.0,10.8,+6.2,+0.51,-0.04,Matches
369,370,Daniel Lajud,mx MEX,FW,Monterrey,22,1999,0,,,,,0,,0,0,,1,,,,,,,,,,,,Matches
370,371,Gibran Lajud,mx MEX,GK,Santos,27,1993,8,720,90,23.5,8.0,8,90,8,0,,20,1.13,10,10,0,0.00,-0.27,12.0,11.6,+0.4,+0.05,+0.10,Matches
371,372,Emilio Lara,mx MEX,DF,América,19,2002,2,91,46,3.0,1.0,1,90,1,1,1,8,1.00,0,0,0,0.00,-0.55,0.5,0.4,+0.1,+0.15,-0.40,Matches
372,373,Miguel Layún,mx MEX,"DF,MF",América,33,1988,24,1628,68,53.2,18.1,19,83,12,5,8,7,1.63,20,19,+1,+0.06,-1.01,23.5,19.1,+4.4,+0.24,-0.63,Matches
373,374,Anderson Leite,br BRA,MF,FC Juárez,28,1993,9,575,64,18.8,6.4,5,83,3,4,40,0,1.11,4,11,-7,-1.10,-0.30,7.9,6.8,+1.1,+0.17,+0.69,Matches
374,375,Armando León,mx MEX,FW,León,21,2000,1,45,45,1.5,0.5,1,45,0,0,,1,3.00,0,0,0,0.00,-0.03,0.3,0.2,+0.1,+0.19,-0.05,Matches
375,376,Dario Lezcano,py PAR,"FW,MF",FC Juárez,31,1990,7,389,56,12.7,4.3,3,75,1,4,41,1,0.14,1,8,-7,-1.62,-0.88,2.8,4.7,-1.9,-0.44,-0.04,Matches
376,377,Igor Lichnovsky,cl CHI,DF,UANL,27,1994,7,372,53,12.2,4.1,3,90,3,4,26,0,2.27,11,6,+5,+1.21,+0.64,8.5,5.1,+3.3,+0.81,+0.52,Matches
377,378,Erik Lira,mx MEX,MF,Cruz Azul,21,2000,17,1293,76,42.3,14.4,15,83,11,2,22,0,1.45,16,14,+2,+0.14,-0.12,15.7,16.6,-0.9,-0.06,-0.17,Matches
378,379,Erik Lira,mx MEX,"MF,DF",UNAM,21,2000,16,1053,66,34.4,11.7,11,83,9,5,27,1,1.43,13,17,-4,-0.34,-0.39,13.1,20.3,-7.1,-0.61,-0.57,Matches
379,380,Alan López,mx MEX,MF,Mazatlán,19,2001,1,10,10,0.3,0.1,0,,0,1,10,5,0.00,0,1,-1,-9.00,-8.73,0.1,0.5,-0.4,-3.39,-2.78,Matches
380,381,Raúl López Gómez,mx MEX,DF,Toluca,28,1993,30,2393,80,78.2,26.6,27,87,23,3,17,2,1.10,33,46,-13,-0.49,-0.22,34.0,43.7,-9.7,-0.36,+0.05,Matches
381,382,José López,mx MEX,"MF,FW",FC Juárez,21,1999,2,49,25,1.6,0.5,0,,0,2,25,3,0.50,0,2,-2,-3.67,-2.87,0.3,1.3,-0.9,-1.73,-1.35,Matches
382,383,Leonel López,mx MEX,MF,UNAM,27,1994,30,1958,65,64.0,21.8,24,74,5,6,32,2,1.28,27,24,+3,+0.14,+0.63,28.1,29.1,-1.0,-0.04,+0.53,Matches
383,384,Lisandro López,ar ARG,DF,Tijuana,31,1989,13,1152,89,37.6,12.8,13,89,11,0,,0,1.15,13,20,-7,-0.55,+0.21,18.5,20.0,-1.5,-0.12,+0.25,Matches
384,385,Nicolás López,uy URU,"FW,MF",UANL,27,1993,26,1498,58,49.0,16.6,18,74,4,8,21,4,1.94,25,18,+7,+0.42,-0.44,24.3,19.3,+5.0,+0.30,-0.10,Matches
385,386,Vladimir Loroña,mx MEX,DF,Tijuana,22,1998,28,2355,84,77.0,26.2,27,86,21,1,45,2,0.89,24,43,-19,-0.73,-0.22,29.7,40.0,-10.2,-0.39,-0.50,Matches
386,387,Brian Lozano,uy URU,"MF,FW",Santos,27,1994,26,1600,62,52.3,17.8,19,74,2,7,27,0,1.41,20,25,-5,-0.28,-1.02,19.0,26.4,-7.4,-0.42,-0.83,Matches
387,388,Esteban Lozano,mx MEX,FW,América,18,2003,0,,,,,0,,0,0,,1,,,,,,,,,,,,Matches
388,389,José Lozano,mx MEX,"MF,FW",Atlético,22,1998,16,652,41,21.3,7.2,8,70,0,8,12,8,1.25,12,9,+3,+0.41,+0.71,12.8,10.6,+2.1,+0.30,+0.30,Matches
389,390,Miguel Lozano,mx MEX,DF,Mazatlán,19,2002,0,,,,,0,,0,0,,7,,,,,,,,,,,,Matches
390,391,Luis Lozoya,mx MEX,FW,Tijuana,28,1993,1,18,18,0.6,0.2,0,,0,1,18,7,1.00,0,0,0,0.00,+0.68,0.0,0.2,-0.2,-1.08,-0.80,Matches
391,392,Lucao,br BRA,"DF,MF",Puebla,28,1993,28,1670,60,54.6,18.6,17,83,12,11,23,2,1.44,24,21,+3,+0.16,-0.03,23.6,30.6,-7.0,-0.38,-0.72,Matches
392,393,Diego Luna,mx MEX,DF,León,19,2001,0,,,,,0,,0,0,,1,,,,,,,,,,,,Matches
393,394,Juan Machado,mx MEX,MF,Monterrey,22,1999,0,,,,,0,,0,0,,3,,,,,,,,,,,,Matches
394,395,Oscar Macías,mx MEX,MF,FC Juárez,23,1998,1,3,3,0.1,0.0,0,,0,1,3,7,0.00,0,1,-1,-30.00,-29.18,0.1,0.3,-0.2,-5.73,-5.34,Matches
395,396,Fernando Madrigal,mx MEX,MF,América,29,1991,13,605,47,19.8,6.7,6,78,3,7,20,4,1.73,5,3,+2,+0.30,-0.29,7.1,5.4,+1.6,+0.24,-0.37,Matches
396,397,Fernando Madrigal,mx MEX,MF,Necaxa,29,1991,15,1089,73,35.6,12.1,14,75,2,1,34,0,1.50,15,12,+3,+0.25,+0.66,13.5,14.3,-0.8,-0.07,-0.09,Matches
397,398,Luis Madrigal,mx MEX,FW,Querétaro,28,1993,8,239,30,7.8,2.7,2,79,0,6,14,2,0.75,2,2,0,0.00,+0.35,2.1,4.0,-2.0,-0.74,-0.57,Matches
398,399,José Madueña,mx MEX,DF,FC Juárez,31,1990,3,81,27,2.6,0.9,1,45,0,2,18,10,0.33,1,4,-3,-3.33,-2.55,1.1,1.4,-0.4,-0.42,-0.03,Matches
399,400,Deivoon Magaña,mx MEX,MF,Guadalajara,21,2000,1,23,23,0.8,0.3,0,,0,1,23,1,0.00,1,0,+1,+3.91,+3.82,1.3,0.1,+1.2,+4.86,+4.80,Matches
400,401,Luis Malagón,mx MEX,GK,Necaxa,24,1997,27,2372,88,77.5,26.4,27,88,24,0,,1,1.25,26,29,-3,-0.11,+0.28,29.8,31.0,-1.2,-0.04,-0.15,Matches
401,402,Federico Mancuello,ar ARG,MF,Puebla,32,1989,14,969,69,31.7,10.8,12,77,6,2,25,0,1.41,16,10,+6,+0.56,+0.56,17.4,16.5,+1.0,+0.09,+0.20,Matches
402,403,Mauro Manotas,co COL,FW,Tijuana,26,1995,30,2030,68,66.3,22.6,23,79,7,7,31,0,0.83,21,31,-10,-0.44,+0.69,26.3,30.0,-3.7,-0.17,+0.33,Matches
403,404,Luis Manuel García,mx MEX,GK,Toluca,28,1992,23,1936,84,63.3,21.5,23,84,21,0,,3,1.46,36,33,+3,+0.14,+1.58,32.3,33.1,-0.8,-0.04,+0.91,Matches
404,405,Jahaziel Marchand,mx MEX,MF,Pachuca,19,2001,5,274,55,9.0,3.0,4,57,0,1,45,15,1.20,3,3,0,0.00,-0.42,5.0,3.6,+1.4,+0.45,+0.17,Matches
405,406,Cristian Mares,mx MEX,FW,Puebla,16,2004,0,,,,,0,,0,0,,2,,,,,,,,,,,,Matches
406,407,Hedgardo Marín,mx MEX,DF,FC Juárez,28,1993,0,,,,,0,,0,0,,3,,,,,,,,,,,,Matches
407,408,Salvador Mariscal,mx MEX,MF,Santos,18,2003,0,,,,,0,,0,0,,1,,,,,,,,,,,,Matches
408,409,Gonzalo Maroni,ar ARG,"MF,FW",Atlas,22,1999,10,175,18,5.7,1.9,1,59,0,9,13,16,1.00,3,1,+2,+1.03,+0.56,2.1,4.3,-2.2,-1.13,-1.28,Matches
409,410,Ángel Márquez,mx MEX,MF,Atlas,21,2000,30,2044,68,66.8,22.7,25,76,9,5,28,1,1.65,25,16,+9,+0.40,-0.31,23.0,23.8,-0.8,-0.04,-0.32,Matches
410,411,Henry Martín,mx MEX,FW,América,28,1992,28,1427,51,46.6,15.9,16,76,6,12,18,2,1.56,20,16,+4,+0.25,-0.52,21.5,14.3,+7.2,+0.45,-0.16,Matches
411,412,Guillermo Martínez Ayala,mx MEX,FW,Puebla,26,1995,32,1267,40,41.4,14.1,11,76,1,21,21,2,1.32,20,14,+6,+0.43,+0.43,23.9,17.8,+6.1,+0.44,+0.82,Matches
412,413,Edder Martínez,mx MEX,GK,Querétaro,21,2000,0,,,,,0,,0,0,,2,,,,,,,,,,,,Matches
413,414,Enzo Martínez,uy URU,DF,Querétaro,23,1998,15,1350,90,44.1,15.0,15,90,15,0,,0,1.07,17,16,+1,+0.07,+0.70,16.6,17.1,-0.4,-0.03,+0.32,Matches
414,415,Federico Martínez,uy URU,"FW,MF",León,25,1996,13,548,42,17.9,6.1,7,66,0,6,14,0,1.23,7,9,-2,-0.33,-0.44,8.2,9.3,-1.1,-0.17,-0.51,Matches
415,416,Fidel Martínez,ec ECU,"FW,MF",Tijuana,31,1990,14,524,37,17.1,5.8,4,64,0,10,27,3,0.93,8,5,+3,+0.52,+1.44,9.0,6.4,+2.6,+0.45,+0.88,Matches
416,417,Fidel Martínez,ec ECU,"FW,MF",Querétaro,31,1990,3,107,36,3.5,1.2,1,45,0,2,31,9,0.33,0,2,-2,-1.68,-1.41,1.7,1.7,0.0,+0.04,+0.27,Matches
417,418,Gabriel Martínez,mx MEX,DF,Guadalajara,19,2002,0,,,,,0,,0,0,,1,,,,,,,,,,,,Matches
418,419,Emilio Martínez González,mx MEX,"DF,MF",Puebla,18,2003,2,29,15,0.9,0.3,0,,0,2,15,17,0.50,0,0,0,0.00,-0.18,0.6,0.2,+0.4,+1.13,+1.19,Matches
419,420,Jaziel Martínez,mx MEX,MF,Monterrey,20,2000,1,2,2,0.1,0.0,0,,0,1,2,12,0.00,0,0,0,0.00,-0.21,0.0,0.0,0.0,0.00,-0.51,Matches
420,421,Jesús Martínez,mx MEX,MF,Cruz Azul,18,2003,0,,,,,0,,0,0,,2,,,,,,,,,,,,Matches
421,422,Josué Martínez,mx MEX,MF,Monterrey,19,2002,0,,,,,0,,0,0,,1,,,,,,,,,,,,Matches
422,423,Osvaldo Martínez,py PAR,MF,Querétaro,35,1986,7,255,36,8.3,2.8,4,54,0,3,13,1,0.86,1,3,-2,-0.71,-0.42,2.0,4.6,-2.7,-0.95,-0.79,Matches
423,424,Roger Martínez,co COL,FW,América,27,1994,29,1618,56,52.9,18.0,18,75,6,11,24,3,1.71,29,11,+18,+1.00,+1.00,26.1,17.3,+8.8,+0.49,-0.10,Matches
424,425,Román Martínez,mx MEX,FW,América,18,2002,0,,,,,0,,0,0,,1,3.00,,,,,,,,,,,Matches
425,426,Sebastián Martínez,mx MEX,DF,Guadalajara,20,2001,1,3,3,0.1,0.0,0,,0,1,3,0,0.00,0,0,0,0.00,-0.12,0.4,0.2,+0.2,+6.65,+6.56,Matches
426,427,Héctor Mascorro,mx MEX,MF,Pachuca,24,1997,0,,,,,0,,0,0,,1,,,,,,,,,,,,Matches
427,428,Héctor Mascorro,mx MEX,DF,Atlético,24,1997,1,1,1,0.0,0.0,0,,0,1,1,3,1.00,1,0,+1,+90.00,+90.18,0.4,0.0,+0.4,+36.76,+36.71,Matches
428,429,Guillermo Matías Fernández,ar ARG,MF,Cruz Azul,29,1991,14,1043,75,34.1,11.6,13,77,5,1,45,1,1.27,13,10,+3,+0.26,+0.08,12.4,9.9,+2.5,+0.22,+0.27,Matches
429,430,Alejandro Mayorga,mx MEX,DF,Cruz Azul,24,1997,12,682,57,22.3,7.6,7,81,5,5,24,0,1.57,8,9,-1,-0.13,-0.43,9.1,8.2,+0.9,+0.12,+0.11,Matches
430,431,Alejandro Mayorga,mx MEX,"DF,MF",Guadalajara,24,1997,13,802,62,26.2,8.9,9,75,4,4,33,4,1.29,8,6,+2,+0.22,+0.14,10.5,9.6,+0.9,+0.10,0.00,Matches
431,432,Alan Medina,mx MEX,"MF,FW",Necaxa,23,1997,27,1676,62,54.8,18.6,18,77,7,9,32,5,1.00,22,27,-5,-0.27,-0.20,23.5,25.4,-1.9,-0.10,-0.20,Matches
432,433,Diego Medina,mx MEX,"MF,FW",Santos,20,2001,11,323,29,10.6,3.6,2,59,0,9,23,5,1.36,8,6,+2,+0.56,+0.39,6.8,4.1,+2.7,+0.75,+0.86,Matches
433,434,Stefan Medina,co COL,DF,Monterrey,29,1992,32,2433,76,79.5,27.0,28,82,22,4,33,0,1.45,36,29,+7,+0.26,+0.26,42.8,26.7,+16.2,+0.60,+0.42,Matches
434,435,William Mejía,mx MEX,MF,Atlético,22,1999,0,,,,,0,,0,0,,4,,,,,,,,,,,,Matches
435,436,William Mejía,mx MEX,MF,Monterrey,22,1999,0,,,,,0,,0,0,,1,,,,,,,,,,,,Matches
436,437,Ángel Mena,ec ECU,"FW,MF",León,33,1988,29,2333,80,76.2,25.9,27,85,19,2,14,1,1.49,29,32,-3,-0.12,-0.61,41.4,32.5,+8.9,+0.34,+0.43,Matches
437,438,Víctor Mendoza,mx MEX,GK,Tijuana,20,2001,0,,,,,0,,0,0,,2,,,,,,,,,,,,Matches
438,439,Jean Meneses,cl CHI,"FW,MF",León,28,1993,30,1929,64,63.0,21.4,22,79,7,8,25,1,1.56,22,23,-1,-0.05,-0.21,30.8,27.1,+3.8,+0.18,-0.18,Matches
439,440,Roberto Meraz,mx MEX,MF,Mazatlán,21,1999,30,2199,73,71.9,24.4,25,84,12,5,19,2,1.19,26,34,-8,-0.33,-0.12,21.0,37.0,-16.0,-0.64,-0.09,Matches
440,441,Jorge Meré,es ESP,DF,América,24,1997,9,627,70,20.5,7.0,5,90,5,4,44,6,1.80,14,9,+5,+0.72,+0.24,12.9,6.8,+6.1,+0.88,+0.43,Matches
441,442,Fernando Meza,ar ARG,"MF,DF",Necaxa,31,1990,11,625,57,20.4,6.9,7,76,5,4,24,7,1.33,5,8,-3,-0.43,-0.32,6.4,9.0,-2.7,-0.38,-0.47,Matches
442,443,Maximiliano Meza,ar ARG,"FW,MF",Monterrey,28,1992,33,2658,81,86.9,29.5,29,87,21,4,34,0,1.46,35,27,+8,+0.27,+0.49,44.3,27.1,+17.3,+0.58,+0.56,Matches
443,444,Hiram Mier,mx MEX,DF,Guadalajara,31,1989,19,1424,75,46.5,15.8,16,85,15,3,20,10,1.59,19,15,+4,+0.25,+0.25,16.7,14.6,+2.1,+0.13,+0.07,Matches
444,445,Juan Miguel,mx MEX,MF,UNAM,24,1997,1,18,18,0.6,0.2,0,,0,1,18,0,0.00,0,2,-2,-10.00,-9.97,0.1,1.3,-1.3,-6.49,-6.29,Matches
445,446,Jesús Molina,mx MEX,MF,Guadalajara,33,1988,13,870,67,28.4,9.7,12,72,1,1,5,8,1.71,6,7,-1,-0.10,-0.31,6.6,8.7,-2.1,-0.21,-0.43,Matches
446,447,Andres Montaño,mx MEX,"MF,FW",Mazatlán,19,2002,9,316,35,10.3,3.5,3,68,1,6,19,1,1.50,2,6,-4,-1.14,-0.94,2.7,5.3,-2.6,-0.74,-0.14,Matches
447,448,Joaquín Montecinos,cl CHI,FW,Tijuana,25,1995,13,772,59,25.2,8.6,8,77,2,5,32,0,1.15,7,13,-6,-0.70,-0.03,9.3,14.4,-5.2,-0.60,-0.43,Matches
448,449,Emanuel Montejano Arroyo,mx MEX,"MF,FW",UNAM,20,2001,6,175,29,5.7,1.9,2,54,0,4,17,18,0.83,0,2,-2,-1.03,-1.00,2.0,2.0,0.0,-0.02,+0.22,Matches
449,450,Jefferson Montero,ec ECU,"MF,FW",Querétaro,31,1989,17,479,28,15.7,5.3,2,73,1,15,22,9,0.94,7,7,0,0.00,+0.38,10.4,9.4,+1.0,+0.21,+0.50,Matches
450,451,Alán Montes,mx MEX,DF,Monterrey,20,2000,4,332,83,10.8,3.7,3,90,3,1,62,10,0.25,1,4,-3,-0.81,-1.14,3.1,4.7,-1.6,-0.43,-1.06,Matches
451,452,César Montes,mx MEX,DF,Monterrey,24,1997,27,2269,84,74.2,25.2,27,84,23,0,,0,1.43,30,25,+5,+0.20,-0.03,41.7,24.0,+17.7,+0.70,+0.75,Matches
452,453,Luis Montes,mx MEX,MF,León,35,1986,19,1210,64,39.5,13.4,13,81,6,6,27,0,1.33,14,20,-6,-0.45,-0.79,18.6,17.5,+1.1,+0.08,-0.27,Matches
453,454,Walter Montoya,ar ARG,"MF,FW",Cruz Azul,28,1993,14,514,37,16.8,5.7,6,65,0,8,16,3,1.20,8,9,-1,-0.18,-0.46,8.1,7.0,+1.1,+0.19,+0.18,Matches
454,455,Adrián Mora,mx MEX,"DF,MF",FC Juárez,23,1997,14,742,53,24.2,8.2,7,82,5,7,24,17,0.71,4,15,-11,-1.33,-0.64,7.3,11.4,-4.2,-0.51,-0.14,Matches
455,456,Iván Morales Bravo,cl CHI,"FW,MF",Cruz Azul,22,1999,11,346,31,11.3,3.8,4,54,0,7,19,2,1.07,2,6,-4,-1.04,-1.41,3.1,5.2,-2.0,-0.52,-0.63,Matches
456,457,Fernando Morales,mx MEX,MF,León,20,2001,0,,,,,0,,0,0,,2,,,,,,,,,,,,Matches
457,458,Carlos Moreno,mx MEX,GK,Pachuca,23,1998,2,180,90,5.9,2.0,2,90,2,0,,32,1.50,5,2,+3,+1.50,+1.19,3.7,2.7,+1.0,+0.49,+0.21,Matches
458,459,Gerardo Moreno,mx MEX,DF,UNAM,27,1993,1,90,90,2.9,1.0,1,90,1,0,,6,0.00,0,2,-2,-2.00,-1.97,0.6,1.9,-1.3,-1.29,-1.09,Matches
459,460,Héctor Moreno,mx MEX,DF,Monterrey,33,1988,20,1423,71,46.5,15.8,16,86,14,4,13,5,1.48,19,15,+4,+0.25,+0.09,23.5,15.7,+7.8,+0.49,-0.04,Matches
460,461,Iker Moreno,mx MEX,MF,América,17,2003,1,1,1,0.0,0.0,0,,0,1,1,2,3.00,0,0,0,0.00,-0.53,0.1,0.0,+0.1,+10.08,+9.54,Matches
461,462,Iván Moreno,mx MEX,"MF,FW",Mazatlán,23,1998,27,1598,59,52.2,17.8,19,76,3,8,20,4,1.28,21,22,-1,-0.06,+0.50,19.7,27.3,-7.6,-0.41,+0.46,Matches
462,463,Yairo Moreno,co COL,"DF,MF",Pachuca,26,1995,25,1469,59,48.0,16.3,15,79,9,10,29,0,1.56,20,19,+1,+0.06,-0.62,27.9,19.3,+8.7,+0.53,+0.46,Matches
463,464,Andrés Mosquera Guardia,co COL,DF,León,31,1990,31,2317,75,75.7,25.7,25,86,18,6,29,3,1.61,28,21,+7,+0.27,+1.00,37.6,33.1,+4.5,+0.17,-0.28,Matches
464,465,Alan Mozo,mx MEX,DF,UNAM,24,1997,29,2454,85,80.2,27.3,28,86,25,1,45,0,1.32,35,38,-3,-0.11,-0.11,35.4,37.4,-2.0,-0.07,+0.81,Matches
465,466,Isaác Muniz,mx MEX,MF,León,18,2002,1,2,2,0.1,0.0,0,,0,1,2,11,3.00,0,0,0,0.00,-0.03,0.0,0.2,-0.2,-8.23,-8.48,Matches
466,467,Zahid Muñoz,mx MEX,"MF,FW",Atlético,20,2001,17,343,20,11.2,3.8,1,60,0,16,18,9,1.11,6,6,0,0.00,+0.17,7.8,4.8,+3.0,+0.77,+0.81,Matches
467,468,Jhon Murillo,ve VEN,"FW,MF",Atlético,26,1995,16,1101,69,36.0,12.2,13,80,3,3,22,0,1.32,15,16,-1,-0.08,+0.10,,,,,,Matches
468,469,Óscar Murillo,co COL,DF,Pachuca,33,1988,19,1420,75,46.4,15.8,16,83,12,3,32,4,1.48,17,17,0,0.00,-0.71,27.0,17.6,+9.4,+0.59,+0.57,Matches
469,470,Eduardo Mustre,mx MEX,FW,Pachuca,18,2003,0,,,,,0,,0,0,,1,,,,,,,,,,,,Matches
470,471,Ariel Nahuelpán,ar ARG,FW,Querétaro,33,1987,7,152,22,5.0,1.7,0,,0,7,22,2,1.14,4,2,+2,+1.18,+1.59,4.0,2.8,+1.2,+0.69,+0.96,Matches
471,472,Luis Nájera,mx MEX,MF,UANL,18,2003,0,,,,,0,,0,0,,4,,,,,,,,,,,,Matches
472,473,Luis Navarro,mx MEX,MF,Necaxa,18,2003,0,,,,,0,,0,0,,1,,,,,,,,,,,,Matches
473,474,Fernando Navarro Morán,mx MEX,"FW,MF",Pachuca,32,1989,12,241,20,7.9,2.7,1,66,0,11,16,4,2.00,8,5,+3,+1.12,+0.80,4.7,2.0,+2.7,+0.99,+0.76,Matches
474,475,Fernando Navarro Morán,mx MEX,"MF,FW",León,32,1989,3,109,36,3.6,1.2,0,,0,3,36,1,1.50,3,1,+2,+1.65,+1.68,2.9,1.4,+1.5,+1.25,+1.05,Matches
475,476,Santiago Naveda,mx MEX,MF,América,20,2001,9,434,48,14.2,4.8,6,64,1,3,17,9,1.44,6,7,-1,-0.21,-0.86,5.1,5.0,+0.1,+0.01,-0.61,Matches
476,477,Hugo Nervo,ar ARG,DF,Atlas,30,1991,34,3060,90,100.0,34.0,34,90,34,0,,0,1.61,40,25,+15,+0.44,,39.4,36.7,+2.6,+0.08,+0.08,Matches
477,478,Francisco Nevarez,mx MEX,"DF,FW",FC Juárez,20,2000,2,66,33,2.2,0.7,0,,0,2,33,6,0.50,0,4,-4,-5.45,-4.70,0.2,2.2,-2.0,-2.67,-2.33,Matches
478,479,Ygor Nogueira,br BRA,DF,Mazatlán,26,1995,10,729,73,23.8,8.1,8,87,7,2,15,3,0.73,11,18,-7,-0.86,-0.75,9.5,16.4,-6.9,-0.76,-0.20,Matches
479,480,Alberto Ocejo,mx MEX,"FW,MF",Santos,23,1998,25,808,32,26.4,9.0,7,72,2,18,17,7,1.19,10,12,-2,-0.22,-0.58,13.5,10.6,+2.9,+0.32,+0.47,Matches
480,481,Guillermo Ochoa,mx MEX,GK,América,36,1985,31,2790,90,91.2,31.0,31,90,31,0,,0,1.62,41,26,+15,+0.48,-0.52,41.7,25.1,+16.6,+0.54,-0.03,Matches
481,482,Luis Olivas,mx MEX,DF,Guadalajara,21,2000,21,1752,83,57.3,19.5,21,83,15,0,,7,1.14,20,23,-3,-0.15,-0.64,20.5,20.3,+0.2,+0.01,-0.20,Matches
482,483,Araujo de Oliveira Henrique,mx MEX,"MF,DF",Santos,22,1998,6,126,21,4.1,1.4,1,90,1,5,7,14,1.83,2,0,+2,+1.43,+1.28,2.0,1.0,+1.0,+0.71,+0.76,Matches
483,484,Bryan Olivera,uy URU,MF,Querétaro,27,1994,15,987,66,32.3,11.0,14,67,1,1,45,0,0.93,7,13,-6,-0.55,-0.33,11.6,15.8,-4.2,-0.38,-0.24,Matches
484,485,Maximiliano Olivera,uy URU,DF,FC Juárez,29,1992,29,2549,88,83.3,28.3,29,88,27,0,,0,0.79,20,40,-20,-0.71,+0.88,26.5,33.4,-7.0,-0.25,+0.91,Matches
485,486,Agustín Oliveros,uy URU,DF,Necaxa,22,1998,21,1866,89,61.0,20.7,21,89,20,0,,2,1.18,24,29,-5,-0.24,-0.17,26.8,26.5,+0.3,+0.01,+0.07,Matches
486,487,Alejandro Organista,mx MEX,MF,Guadalajara,21,2000,2,27,14,0.9,0.3,0,,0,2,14,2,1.50,2,0,+2,+6.67,+6.61,1.4,0.1,+1.3,+4.47,+4.41,Matches
487,488,Santiago Ormeño,pe PER,"FW,MF",León,27,1994,25,763,31,24.9,8.5,6,72,1,19,17,5,1.39,12,8,+4,+0.47,+0.59,15.5,12.5,+3.1,+0.36,+0.16,Matches
488,489,Efraín Orona,mx MEX,DF,Atlético,22,1999,13,595,46,19.4,6.6,6,80,4,7,17,16,1.44,11,6,+5,+0.76,+1.12,8.4,9.7,-1.3,-0.19,-0.31,Matches
489,490,Jonathan Orozco,mx MEX,GK,Tijuana,35,1986,27,2340,87,76.5,26.0,27,87,25,0,,0,1.11,23,38,-15,-0.58,+0.42,32.4,33.4,-0.9,-0.04,+1.03,Matches
490,491,Carlos Orrantía,mx MEX,DF,Santos,30,1991,26,1948,75,63.7,21.6,22,85,13,4,19,6,1.38,28,27,+1,+0.05,-0.44,27.5,28.1,-0.6,-0.03,-0.01,Matches
491,492,Edyairth Ortega,mx MEX,"MF,FW",Atlas,24,1997,4,168,42,5.5,1.9,2,68,1,2,17,22,2.00,2,3,-1,-0.54,-1.10,1.8,3.1,-1.3,-0.69,-0.82,Matches
492,493,Haret Ortega,mx MEX,DF,Toluca,21,2000,28,2367,85,77.4,26.3,28,85,23,0,,1,1.41,34,37,-3,-0.11,+1.44,31.5,36.8,-5.4,-0.20,+0.75,Matches
493,494,Miguel Ortega,mx MEX,GK,UANL,26,1995,0,,,,,0,,0,0,,32,,,,,,,,,,,,Matches
494,495,Arturo Ortiz,mx MEX,DF,UNAM,28,1992,30,2619,87,85.6,29.1,29,89,28,1,26,0,1.42,40,39,+1,+0.03,+0.85,36.5,42.6,-6.1,-0.21,+0.18,Matches
495,496,Celso Ortiz,py PAR,MF,Monterrey,32,1989,28,1733,62,56.6,19.3,20,78,9,8,22,1,1.47,23,17,+6,+0.31,+0.24,30.1,16.5,+13.5,+0.70,+0.44,Matches
496,497,Christian Ortiz,ar ARG,"MF,FW",Tijuana,28,1992,17,795,47,26.0,8.8,10,64,0,7,22,1,0.88,7,15,-8,-0.91,-0.31,10.2,11.9,-1.7,-0.19,+0.12,Matches
497,498,Mario Osuna,mx MEX,MF,América,32,1988,5,172,34,5.6,1.9,1,90,1,4,21,8,3.00,3,0,+3,+1.57,+1.10,2.8,1.3,+1.5,+0.79,+0.26,Matches
498,499,Rómulo Otero,ve VEN,"MF,FW",Cruz Azul,28,1992,11,168,15,5.5,1.9,1,45,0,10,12,8,1.27,1,4,-3,-1.61,-1.92,2.3,3.1,-0.8,-0.42,-0.49,Matches
499,500,Juan Ozuna,mx MEX,MF,Toluca,17,2004,0,,,,,0,,0,0,,2,,,,,,,,,,,,Matches
500,501,Juan Pablo Meza,mx MEX,DF,Querétaro,27,1993,7,315,45,10.3,3.5,3,90,3,4,11,10,0.86,2,3,-1,-0.29,+0.04,3.6,7.3,-3.7,-1.06,-0.94,Matches
501,502,Juan Pablo Segovia,ar ARG,DF,Puebla,32,1989,29,2323,80,75.9,25.8,27,85,20,2,16,3,1.43,29,25,+4,+0.15,-0.09,36.9,39.1,-2.2,-0.08,-0.16,Matches
502,503,Juan Pablo Vigón,mx MEX,MF,UANL,30,1991,34,2302,68,75.2,25.6,29,74,7,5,33,0,1.74,43,21,+22,+0.86,+0.86,38.1,26.6,+11.4,+0.45,+0.39,Matches
503,504,Arturo Palma,mx MEX,"FW,MF",Necaxa,19,2002,3,85,28,2.8,0.9,0,,0,3,28,5,0.50,0,2,-2,-2.12,-2.00,1.7,1.4,+0.2,+0.26,+0.28,Matches
504,505,Felipe Pardo,co COL,"FW,MF",Toluca,30,1990,3,88,29,2.9,1.0,1,62,0,2,13,6,1.50,2,3,-1,-1.02,-0.60,0.8,1.2,-0.4,-0.45,-0.08,Matches
505,506,Pablo Parra,cl CHI,"MF,FW",Puebla,27,1994,29,1566,54,51.2,17.4,19,69,3,10,25,1,1.40,25,18,+7,+0.40,+0.46,26.3,23.9,+2.4,+0.14,+0.37,Matches
506,507,Rodrigo Parra,mx MEX,MF,Tijuana,17,2003,0,,,,,0,,0,0,,8,,,,,,,,,,,,Matches
507,508,Lucas Passerini,ar ARG,FW,Cruz Azul,27,1994,10,280,28,9.2,3.1,2,61,0,8,20,6,1.20,3,4,-1,-0.32,-0.58,5.2,3.4,+1.8,+0.57,+0.58,Matches
508,509,Esteban Pavez,cl CHI,MF,Tijuana,31,1990,17,1375,81,44.9,15.3,15,90,15,2,13,0,0.88,12,25,-13,-0.85,-0.32,16.5,21.1,-4.6,-0.30,-0.04,Matches
509,510,Luis Pavez Muñoz,cl CHI,DF,FC Juárez,25,1995,4,134,34,4.4,1.5,1,90,1,3,15,4,1.00,1,4,-3,-2.01,-1.22,0.8,3.5,-2.7,-1.85,-1.52,Matches
510,511,Octavio Paz,mx MEX,GK,UNAM,25,1996,0,,,,,0,,0,0,,6,,,,,,,,,,,,Matches
511,512,Pedro Pedraza,mx MEX,MF,Pachuca,21,2000,0,,,,,0,,0,0,,4,3.00,,,,,,,,,,,Matches
512,513,Miguel Pedroza,mx MEX,"FW,MF",Necaxa,18,2003,2,27,14,0.9,0.3,0,,0,2,14,1,0.00,0,0,0,0.00,+0.18,0.1,0.2,-0.1,-0.22,-0.21,Matches
513,514,Mauricio Peniche,mx MEX,GK,FC Juárez,18,2002,0,,,,,0,,0,0,,1,,,,,,,,,,,,Matches
514,515,Oribe Peralta,mx MEX,"FW,MF",Guadalajara,37,1984,5,93,19,3.0,1.0,0,,0,5,19,11,1.60,2,0,+2,+1.94,+1.87,2.1,1.6,+0.4,+0.43,+0.34,Matches
515,516,Geisson Perea,co COL,DF,Pachuca,29,1991,2,109,55,3.6,1.2,1,76,0,1,33,10,3.00,2,1,+1,+0.83,+0.46,1.0,1.2,-0.2,-0.17,-0.48,Matches
516,517,Sebastián Pérez Bouquet,mx MEX,MF,Guadalajara,18,2003,8,369,46,12.1,4.1,5,67,1,3,11,6,1.25,4,3,+1,+0.24,+0.14,3.7,3.6,+0.1,+0.03,-0.07,Matches
517,518,Emiliano Pérez,mx MEX,GK,Necaxa,18,2003,0,,,,,0,,0,0,,2,,,,,,,,,,,,Matches
518,519,Oliver Pérez,mx MEX,DF,UNAM,19,2002,3,183,61,6.0,2.0,2,90,2,1,3,4,1.33,4,2,+2,+0.98,+1.14,3.9,2.1,+1.8,+0.88,+1.19,Matches
519,520,Pavel Pérez,mx MEX,"FW,MF",Guadalajara,23,1998,5,182,36,5.9,2.0,1,58,0,4,31,0,2.13,3,1,+2,+0.99,+0.93,2.6,1.7,+0.9,+0.47,+0.40,Matches
520,521,Maximiliano Perg,uy URU,DF,Querétaro,29,1991,30,2462,82,80.5,27.4,28,86,24,2,29,3,1.03,21,31,-10,-0.37,-0.22,30.0,37.4,-7.3,-0.28,-0.26,Matches
521,522,Orbelín Pineda,mx MEX,"FW,MF",Cruz Azul,25,1996,12,999,83,32.6,11.1,11,87,7,1,45,0,1.54,17,11,+6,+0.54,+0.50,13.9,11.4,+2.5,+0.23,+0.29,Matches
522,523,Jesús Piñuelas,mx MEX,DF,Atlético,23,1998,17,1324,78,43.3,14.7,15,84,11,2,29,0,1.18,15,19,-4,-0.27,-0.22,19.2,18.9,+0.3,+0.02,-0.07,Matches
523,524,Guido Pizarro,ar ARG,"DF,MF",UANL,31,1990,28,2405,86,78.6,26.7,27,87,23,1,45,0,1.82,45,24,+21,+0.79,+0.65,39.8,28.6,+11.3,+0.42,+0.33,Matches
524,525,Rodolfo Pizarro,mx MEX,"FW,MF",Monterrey,27,1994,10,485,49,15.8,5.4,6,66,0,4,22,0,1.18,6,4,+2,+0.37,+0.20,8.1,4.8,+3.3,+0.61,+0.12,Matches
525,526,Franco Pizzichillo,uy URU,DF,Santos,25,1996,3,31,10,1.0,0.3,0,,0,3,10,9,1.33,0,0,0,0.00,-0.21,0.2,0.2,0.0,+0.06,+0.09,Matches
526,527,Vicente Poggi,uy URU,MF,Necaxa,19,2002,4,151,38,4.9,1.7,2,63,0,2,13,8,0.75,2,4,-2,-1.19,-1.07,1.7,2.1,-0.4,-0.23,-0.23,Matches
527,528,Manuel Ponce,mx MEX,FW,Mazatlán,18,2003,0,,,,,0,,0,0,,2,,,,,,,,,,,,Matches
528,529,Osvaldo Rodríguez del Portal,mx MEX,DF,León,24,1996,24,1898,79,62.0,21.1,23,82,13,1,19,0,1.48,28,20,+8,+0.38,+0.92,32.2,19.9,+12.3,+0.58,+0.90,Matches
529,530,Ayrton Preciado,ec ECU,FW,Santos,27,1994,9,474,53,15.5,5.3,7,64,0,2,12,0,1.33,9,8,+1,+0.19,-0.02,8.4,8.8,-0.4,-0.08,-0.07,Matches
530,531,Harold Preciado,co COL,FW,Santos,27,1994,14,1157,83,37.8,12.9,13,88,11,1,14,0,1.36,20,15,+5,+0.39,+0.29,17.1,18.6,-1.5,-0.12,-0.15,Matches
531,532,Leonel Prieto,mx MEX,FW,UANL,19,2001,0,,,,,0,,0,0,,1,,,,,,,,,,,,Matches
532,533,Ronaldo Prieto,mx MEX,"MF,DF",Santos,24,1997,18,1030,57,33.7,11.4,12,76,5,6,19,16,1.22,13,11,+2,+0.17,-0.05,13.5,17.8,-4.3,-0.37,-0.53,Matches
533,534,Julián Quiñones,co COL,"FW,MF",Atlas,24,1997,31,2586,83,84.5,28.7,29,87,16,2,29,0,1.70,35,20,+15,+0.52,+0.14,33.2,28.9,+4.4,+0.16,+0.43,Matches
534,535,Mauro Quiroga,ar ARG,FW,Necaxa,31,1989,15,588,39,19.2,6.5,5,68,2,10,25,1,0.93,7,7,0,0.00,+0.22,9.4,6.0,+3.4,+0.52,+0.66,Matches
535,536,Yonatthan Rak,uy URU,DF,Tijuana,27,1993,25,1907,76,62.3,21.2,21,89,20,4,11,8,1.00,18,35,-17,-0.80,-0.33,26.8,30.7,-4.0,-0.19,+0.24,Matches
536,537,Alonso Ramírez,mx MEX,MF,Atlas,19,2001,0,,,,,0,,0,0,,5,,,,,,,,,,,,Matches
537,538,Cándido Ramírez,mx MEX,"MF,DF",FC Juárez,28,1993,9,308,34,10.1,3.4,4,58,0,5,15,8,1.22,2,2,0,0.00,+0.95,3.5,2.7,+0.7,+0.21,+0.67,Matches
538,539,Kevin Ramírez,uy URU,MF,Puebla,27,1994,6,143,24,4.7,1.6,0,,0,6,24,0,2.33,3,0,+3,+1.89,+1.80,2.8,3.5,-0.7,-0.42,-0.40,Matches
539,540,Kevin Ramírez,uy URU,"MF,FW",Querétaro,27,1994,15,1159,77,37.9,12.9,14,82,3,1,18,0,0.80,8,13,-5,-0.39,-0.10,14.6,16.8,-2.2,-0.17,+0.08,Matches
540,541,Alan Ramos,mx MEX,FW,UANL,20,2001,0,,,,,0,,0,0,,8,,,,,,,,,,,,Matches
541,542,José Rangel Aguilar,mx MEX,GK,Guadalajara,21,2000,0,,,,,0,,0,0,,1,,,,,,,,,,,,Matches
542,543,Juan Rangel,mx MEX,DF,León,21,2000,1,1,1,0.0,0.0,0,,0,1,1,12,3.00,1,0,+1,+90.00,+90.00,0.3,0.0,+0.3,+27.33,+27.10,Matches
543,544,Michael Rangel,co COL,"FW,MF",Mazatlán,30,1991,8,114,14,3.7,1.3,0,,0,8,14,1,1.00,1,4,-3,-2.37,-2.15,1.9,3.3,-1.4,-1.12,-0.52,Matches
544,545,Pedro Raul,br BRA,FW,FC Juárez,24,1996,7,585,84,19.1,6.5,6,90,6,1,45,0,0.71,5,9,-4,-0.62,+0.29,6.5,8.2,-1.7,-0.27,+0.16,Matches
545,546,Salvador Reyes Chávez,mx MEX,"DF,FW",América,23,1998,31,2179,70,71.2,24.2,23,87,18,8,23,3,1.60,31,26,+5,+0.21,-1.12,31.6,24.3,+7.2,+0.30,-0.83,Matches
546,547,Diego Reyes,mx MEX,GK,Puebla,17,2003,0,,,,,0,,0,0,,1,,,,,,,,,,,,Matches
547,548,Diego Reyes,mx MEX,DF,UANL,28,1992,26,2044,79,66.8,22.7,23,86,20,3,21,2,1.83,35,22,+13,+0.57,-0.22,31.8,27.3,+4.5,+0.20,-0.47,Matches
548,549,Israel Reyes,mx MEX,"DF,MF",Puebla,21,2000,31,2424,78,79.2,26.9,27,85,24,4,32,0,1.46,29,29,0,0.00,-0.85,38.1,41.8,-3.7,-0.14,-0.44,Matches
549,550,Jacobo Reyes,us USA,FW,Monterrey,20,2000,1,62,62,2.0,0.7,0,,0,1,62,6,0.00,0,1,-1,-1.45,-1.69,0.7,1.8,-1.1,-1.57,-2.13,Matches
550,551,Josué Reyes,mx MEX,"DF,FW",Cruz Azul,23,1997,2,19,10,0.6,0.2,0,,0,2,10,5,1.00,0,2,-2,-9.47,-9.74,0.1,1.0,-1.0,-4.52,-4.58,Matches
551,552,Mauricio Reyes,mx MEX,MF,América,19,2002,0,,,,,0,,0,0,,5,,,,,,,,,,,,Matches
552,553,Luis Ricardo Reyes,mx MEX,"DF,MF",Atlas,30,1991,32,2601,81,85.0,28.9,31,84,20,1,11,0,1.59,38,21,+17,+0.59,+0.59,33.6,29.0,+4.6,+0.17,+0.49,Matches
553,554,Antonio Ríos,mx MEX,MF,Toluca,32,1988,5,63,13,2.1,0.7,1,45,0,4,5,12,1.60,0,3,-3,-4.29,-3.93,0.7,2.7,-2.0,-2.84,-2.52,Matches
554,555,José Ríos,mx MEX,MF,Mazatlán,18,2002,0,,,,,0,,0,0,,1,,,,,,,,,,,,Matches
555,556,Richard Rios Montoya,co COL,MF,Mazatlán,21,2000,6,128,21,4.2,1.4,2,40,0,4,12,3,1.17,0,1,-1,-0.70,-0.43,1.3,1.0,+0.3,+0.19,+0.84,Matches
556,557,Oswaldo Ríos,mx MEX,MF,América,19,2001,0,,,,,0,,0,0,,1,,,,,,,,,,,,Matches
557,558,Paolo Ríos,mx MEX,MF,América,21,2000,0,,,,,0,,0,0,,2,,,,,,,,,,,,Matches
558,559,Jesús Rivas,mx MEX,DF,UNAM,18,2002,1,27,27,0.9,0.3,0,,0,1,27,10,1.00,0,0,0,0.00,+0.09,0.3,0.3,+0.1,+0.21,+0.45,Matches
559,560,Ulises Rivas,mx MEX,MF,Santos,25,1996,13,628,48,20.5,7.0,5,84,2,8,26,7,1.62,15,8,+7,+1.00,+1.00,11.4,11.2,+0.1,+0.02,+0.06,Matches
560,561,Christian Rivera,co COL,MF,Tijuana,25,1996,32,2606,81,85.2,29.0,31,84,18,1,8,1,1.00,23,41,-18,-0.62,+0.37,31.0,40.0,-9.0,-0.31,-0.24,Matches
561,562,Ulises Rivera,mx MEX,DF,Puebla,21,2000,0,,,,,0,,0,0,,4,,,,,,,,,,,,Matches
562,563,Alejandro Rivero,mx MEX,MF,Querétaro,21,2000,1,9,9,0.3,0.1,0,,0,1,9,6,3.00,0,0,0,0.00,+0.32,0.2,0.2,0.0,-0.02,+0.21,Matches
563,564,Ignacio Rivero,uy URU,"MF,DF",Cruz Azul,29,1992,32,2645,83,86.4,29.4,29,86,20,3,49,0,1.42,36,23,+13,+0.44,+1.74,36.0,31.1,+4.9,+0.17,+0.96,Matches
564,565,Jorge Roberto Díaz,mx MEX,"MF,FW",León,23,1998,4,49,12,1.6,0.5,0,,0,4,12,11,0.25,0,0,0,0.00,-0.03,1.2,1.0,+0.2,+0.36,+0.12,Matches
565,566,Ángel Robles,mx MEX,"FW,MF",Puebla,19,2001,7,227,32,7.4,2.5,3,60,0,4,12,23,1.43,4,4,0,0.00,-0.19,3.5,2.7,+0.8,+0.31,+0.38,Matches
566,567,Aldo Rocha,mx MEX,MF,Atlas,28,1992,31,2690,87,87.9,29.9,30,89,28,1,34,0,1.70,36,20,+16,+0.54,+0.29,35.1,30.5,+4.6,+0.16,+0.54,Matches
567,568,Carlos Rodas,mx MEX,GK,Pachuca,19,2001,0,,,,,0,,0,0,,2,,,,,,,,,,,,Matches
568,569,Alan Rodríguez,mx MEX,"MF,FW",Toluca,25,1996,14,453,32,14.8,5.0,4,66,0,10,19,16,1.29,5,11,-6,-1.19,-0.88,3.6,9.7,-6.1,-1.21,-0.98,Matches
569,570,Charly Rodríguez,mx MEX,"MF,FW",Cruz Azul,24,1997,12,829,69,27.1,9.2,12,69,1,0,,0,1.50,15,8,+7,+0.76,+0.76,11.8,10.4,+1.5,+0.16,+0.17,Matches
570,571,Charly Rodríguez,mx MEX,MF,Monterrey,24,1997,14,1075,77,35.1,11.9,12,84,6,2,36,0,1.29,13,13,0,0.00,-0.32,14.5,13.6,+0.9,+0.07,-0.67,Matches
571,572,David Rodriguez,us USA,"MF,FW",Atlético,19,2002,4,122,31,4.0,1.4,1,64,0,3,19,4,0.40,1,1,0,0.00,+0.15,1.1,1.8,-0.7,-0.52,-0.60,Matches
572,573,Jerónimo Rodríguez,mx MEX,"DF,MF",UNAM,22,1999,19,1313,69,42.9,14.6,16,78,10,3,19,5,1.40,13,17,-4,-0.27,-0.33,16.5,20.0,-3.5,-0.24,-0.01,Matches
573,574,Jesús Rodríguez,mx MEX,GK,Puebla,28,1993,4,360,90,11.8,4.0,4,90,4,0,,30,2.50,8,3,+5,+1.25,+1.22,8.8,3.8,+5.0,+1.25,+1.47,Matches
574,575,Jonathan Rodríguez,uy URU,"FW,MF",Cruz Azul,28,1993,11,686,62,22.4,7.6,6,86,3,5,34,0,1.58,7,2,+5,+0.66,+0.58,8.0,6.8,+1.2,+0.16,+0.16,Matches
575,576,Jorge Rodríguez,mx MEX,DF,Toluca,19,2001,29,1789,62,58.5,19.9,19,82,11,10,23,4,1.07,22,37,-15,-0.75,-0.75,20.9,34.8,-13.9,-0.70,-0.78,Matches
576,577,Lucas Rodríguez,uy URU,"MF,DF",Atlas,24,1997,2,9,5,0.3,0.1,0,,0,2,5,8,0.00,0,0,0,0.00,-0.50,0.2,0.1,+0.1,+1.02,+0.94,Matches
577,578,Lucas Rodríguez,ar ARG,"FW,MF",Tijuana,24,1997,28,2278,81,74.4,25.3,25,87,15,3,32,0,1.07,27,33,-6,-0.24,+1.72,32.1,32.7,-0.6,-0.02,+0.99,Matches
578,579,Michell Rodríguez,mx MEX,"FW,MF",Monterrey,20,2000,2,17,9,0.6,0.2,0,,0,2,9,7,0.33,0,2,-2,-10.59,-10.85,0.1,0.5,-0.5,-2.54,-3.07,Matches
579,580,Salvador Rodríguez,mx MEX,"DF,FW",Mazatlán,19,2001,12,585,49,19.1,6.5,7,68,0,5,22,7,1.33,9,12,-3,-0.46,-0.21,5.0,12.0,-7.0,-1.08,-0.58,Matches
580,581,Rogério,br BRA,"FW,MF",UNAM,30,1990,25,1637,65,53.5,18.2,21,70,4,4,41,0,1.14,19,23,-4,-0.22,-0.28,20.4,23.4,-3.1,-0.17,+0.14,Matches
581,582,Diego Rolán,uy URU,FW,FC Juárez,28,1993,16,1203,75,39.3,13.4,13,83,7,3,40,0,1.31,12,15,-3,-0.22,+1.04,12.4,14.5,-2.1,-0.16,+0.39,Matches
582,583,Juan Romagnoli,ar ARG,MF,Querétaro,25,1996,13,393,30,12.8,4.4,4,67,0,9,14,3,1.08,5,5,0,0.00,+0.37,4.1,4.5,-0.5,-0.11,+0.13,Matches
583,584,Ángel Romero,py PAR,"MF,FW",Cruz Azul,29,1992,12,695,58,22.7,7.7,7,79,4,5,29,0,1.07,5,10,-5,-0.65,-1.10,6.3,8.8,-2.5,-0.32,-0.46,Matches
584,585,Bryan Romero,mx MEX,DF,León,18,2003,0,,,,,0,,0,0,,5,,,,,,,,,,,,Matches
585,586,Luis Romo,mx MEX,"MF,DF",Cruz Azul,26,1995,8,694,87,22.7,7.7,8,87,6,0,,0,1.44,8,5,+3,+0.39,+0.24,10.5,6.4,+4.1,+0.53,+0.64,Matches
586,587,Luis Romo,mx MEX,MF,Monterrey,26,1995,16,1152,72,37.6,12.8,13,80,7,3,38,0,1.53,18,10,+8,+0.62,+0.67,21.7,9.7,+12.0,+0.94,+0.69,Matches
587,588,Bryan Roque,mx MEX,FW,Necaxa,16,2004,0,,,,,0,,0,0,,2,,,,,,,,,,,,Matches
588,589,Carlos Rosel,mx MEX,"MF,FW",FC Juárez,25,1995,13,430,33,14.1,4.8,3,65,1,10,23,12,0.38,6,11,-5,-1.05,-0.23,5.9,6.5,-0.7,-0.14,+0.30,Matches
589,590,Fernando Rubén González,mx MEX,MF,Necaxa,27,1994,34,2704,80,88.4,30.0,32,82,22,2,36,0,1.26,32,35,-3,-0.10,+0.66,35.4,36.0,-0.6,-0.02,-0.07,Matches
590,591,Brian Rubio,mx MEX,FW,Mazatlán,24,1996,28,1260,45,41.2,14.0,14,75,2,14,15,5,1.37,20,19,+1,+0.07,+0.62,14.1,23.7,-9.6,-0.64,-0.04,Matches
591,592,Marcel Ruiz,mx MEX,MF,Tijuana,20,2000,26,1634,63,53.4,18.2,21,74,3,5,17,6,1.00,19,28,-9,-0.50,+0.39,25.7,28.5,-2.8,-0.15,+0.26,Matches
592,593,Jorge Ruvalcaba,us USA,"MF,FW",UNAM,20,2001,9,289,32,9.4,3.2,0,,0,9,32,2,1.10,7,4,+3,+0.93,+1.13,4.6,4.0,+0.7,+0.21,+0.49,Matches
593,594,Javier Salas,mx MEX,MF,Puebla,27,1993,28,2329,83,76.1,25.9,26,88,22,2,25,2,1.32,27,26,+1,+0.04,-0.58,35.0,37.0,-2.0,-0.08,-0.14,Matches
594,595,Maximiliano Salas,ar ARG,"FW,MF",Necaxa,23,1997,23,868,38,28.4,9.6,9,61,0,14,23,10,1.17,8,9,-1,-0.10,+0.10,10.7,13.6,-2.9,-0.30,-0.40,Matches
595,596,Carlos Salcedo,mx MEX,DF,UANL,27,1993,13,1094,84,35.8,12.2,13,84,10,0,,4,1.59,18,10,+8,+0.66,+0.02,16.3,15.4,+0.8,+0.07,-0.44,Matches
596,597,Alfredo Saldívar,mx MEX,GK,Toluca,31,1990,2,170,85,5.6,1.9,1,90,1,1,80,11,0.50,2,4,-2,-1.06,-0.65,2.5,1.7,+0.7,+0.38,+0.80,Matches
597,598,Rodrigo Salinas,mx MEX,DF,Toluca,33,1988,2,28,14,0.9,0.3,1,19,0,1,9,7,1.50,0,0,0,0.00,+0.45,0.5,0.4,+0.1,+0.37,+0.75,Matches
598,599,Leonardo Sámano,mx MEX,MF,UNAM,20,2001,0,,,,,0,,0,0,,3,,,,,,,,,,,,Matches
599,600,Rubens Sambueza,ar ARG,"FW,MF",Toluca,37,1984,16,1373,86,44.9,15.3,15,90,15,1,23,0,1.35,20,19,+1,+0.07,+0.92,22.5,19.3,+3.3,+0.21,+1.07,Matches
600,601,Rubens Sambueza,ar ARG,"MF,FW",Atlético,37,1984,14,924,66,30.2,10.3,11,76,2,3,30,0,1.06,12,9,+3,+0.29,+0.63,14.9,10.9,+4.0,+0.39,+0.48,Matches
601,602,Braian Samudio,py PAR,"FW,MF",Toluca,25,1995,26,931,36,30.4,10.3,9,61,0,17,22,1,1.26,11,18,-7,-0.68,-0.34,13.0,20.8,-7.8,-0.76,-0.55,Matches
602,603,Juan Sanabria,uy URU,"MF,FW",Atlético,21,2000,30,2368,79,77.4,26.3,27,82,12,3,56,1,1.21,32,31,+1,+0.04,+0.82,36.0,35.1,+0.9,+0.04,-0.09,Matches
603,604,Andrés Sánchez,mx MEX,GK,Atlético,23,1997,4,360,90,11.8,4.0,4,90,4,0,,26,1.75,6,4,+2,+0.50,+0.73,5.5,4.8,+0.7,+0.19,+0.15,Matches
604,605,Erick Sánchez,mx MEX,MF,Pachuca,21,1999,30,2483,83,81.1,27.6,30,83,16,0,,1,1.75,39,29,+10,+0.36,-0.11,40.8,31.2,+9.7,+0.35,+0.32,Matches
605,606,Jesús Sánchez García,mx MEX,DF,Guadalajara,31,1989,16,814,51,26.6,9.0,10,69,3,6,21,13,1.18,6,9,-3,-0.33,-0.61,7.7,9.6,-1.9,-0.21,-0.42,Matches
606,607,Luis Sánchez,mx MEX,DF,Monterrey,21,2000,1,45,45,1.5,0.5,0,,0,1,45,20,1.00,0,1,-1,-2.00,-2.24,0.3,0.5,-0.2,-0.43,-0.95,Matches
607,608,Richard Sánchez,py PAR,MF,América,25,1996,28,1994,71,65.2,22.2,22,85,14,6,21,3,1.61,32,16,+16,+0.72,+0.55,34.0,17.1,+16.9,+0.76,+0.64,Matches
608,609,Diego Sánchez Zavala,mx MEX,MF,Toluca,18,2002,0,,,,,0,,0,0,,1,,,,,,,,,,,,Matches
609,610,Gael Sandoval,mx MEX,"MF,DF",Mazatlán,25,1995,3,52,17,1.7,0.6,0,,0,3,17,4,0.00,1,3,-2,-3.46,-3.22,1.2,1.7,-0.5,-0.87,-0.26,Matches
610,611,Raúl Sandoval,mx MEX,"DF,FW",Necaxa,21,2000,4,197,49,6.4,2.2,3,58,0,1,24,11,0.75,1,4,-3,-1.37,-1.28,2.3,2.8,-0.6,-0.25,-0.26,Matches
611,612,Raúl Sandoval,mx MEX,"FW,DF",Mazatlán,21,2000,4,60,15,2.0,0.7,0,,0,4,15,8,0.75,1,1,0,0.00,+0.30,0.9,0.8,+0.1,+0.15,+0.78,Matches
612,613,Miguel Sansores,mx MEX,"FW,MF",Tijuana,30,1991,12,249,21,8.1,2.8,1,61,0,11,17,4,0.67,2,4,-2,-0.72,-0.05,3.4,3.7,-0.2,-0.09,+0.20,Matches
613,614,Miguel Sansores,mx MEX,"FW,MF",Mazatlán,30,1991,13,510,39,16.7,5.7,5,70,0,8,20,3,0.86,5,8,-3,-0.53,-0.28,5.8,7.7,-1.9,-0.33,+0.34,Matches
614,615,Anderson Santamaría,pe PER,DF,Atlas,29,1992,31,2625,85,85.8,29.2,31,85,23,0,,1,1.62,38,20,+18,+0.62,+0.82,34.4,29.3,+5.1,+0.18,+0.61,Matches
615,616,José Santiago Hernández,mx MEX,GK,Atlas,24,1997,0,,,,,0,,0,0,,34,,,,,,,,,,,,Matches
616,617,Harold Santiago Mosquera,co COL,"MF,FW",Pachuca,26,1995,12,283,24,9.2,3.1,2,53,0,10,18,4,0.83,3,6,-3,-0.95,-1.47,4.7,5.7,-1.0,-0.31,-0.66,Matches
617,618,Flavio Santos,mx MEX,"MF,FW",FC Juárez,34,1987,30,1390,46,45.4,15.4,18,65,5,12,18,4,0.87,9,25,-16,-1.04,-0.34,13.0,20.6,-7.7,-0.49,-0.18,Matches
618,619,Camilo Sanvezzo,br BRA,"FW,MF",Toluca,33,1988,17,1059,62,34.6,11.8,12,80,6,5,20,0,1.12,13,26,-13,-1.10,-1.01,12.8,21.4,-8.6,-0.73,-0.54,Matches
619,620,Camilo Sanvezzo,br BRA,FW,Mazatlán,33,1988,13,984,76,32.2,10.9,12,80,3,1,22,1,1.38,14,12,+2,+0.18,+0.70,8.9,13.0,-4.1,-0.38,+0.35,Matches
620,621,Brandon Sartiaguin,mx MEX,DF,Toluca,21,2000,5,283,57,9.2,3.1,2,90,2,3,34,20,0.80,3,10,-7,-2.23,-1.97,2.6,7.2,-4.6,-1.47,-1.21,Matches
621,622,Sebastián Saucedo,us USA,"MF,FW",UNAM,24,1997,28,1454,52,47.5,16.2,19,63,1,9,28,0,1.31,24,20,+4,+0.25,+0.64,19.0,21.1,-2.1,-0.13,+0.19,Matches
622,623,Francisco Sebastián Córdova,mx MEX,"FW,MF",América,24,1997,13,819,63,26.8,9.1,9,76,2,4,34,1,1.73,11,4,+7,+0.77,+0.33,10.7,7.4,+3.2,+0.35,-0.25,Matches
623,624,Francisco Sebastián Córdova,mx MEX,MF,UANL,24,1997,14,446,32,14.6,5.0,5,66,1,9,13,3,1.93,6,10,-4,-0.81,-1.70,7.5,5.8,+1.6,+0.33,-0.03,Matches
624,625,Ángel Sepúlveda,mx MEX,"FW,MF",Necaxa,30,1991,10,580,58,19.0,6.4,7,68,2,3,34,3,1.00,6,11,-5,-0.78,-0.74,9.4,6.8,+2.7,+0.41,+0.52,Matches
625,626,Ángel Sepúlveda,mx MEX,FW,Querétaro,30,1991,17,1307,77,42.7,14.5,16,81,6,1,16,0,1.00,14,16,-2,-0.14,+0.32,16.9,17.7,-0.7,-0.05,+0.28,Matches
626,627,Gilberto Sepúlveda,mx MEX,DF,Guadalajara,22,1999,22,1567,71,51.2,17.4,17,87,15,5,19,9,1.62,22,17,+5,+0.29,+0.35,19.8,15.1,+4.7,+0.27,+0.35,Matches
627,628,Leonardo Sequeira,ar ARG,"MF,FW",Querétaro,26,1995,16,1204,75,39.3,13.4,15,77,5,1,45,0,1.00,13,15,-2,-0.15,+0.29,16.5,14.4,+2.2,+0.17,+0.62,Matches
628,629,Jordan Sierra,ec ECU,MF,Toluca,24,1997,17,1304,77,42.6,14.5,16,79,7,1,45,0,1.12,18,29,-11,-0.76,-0.55,13.7,26.1,-12.4,-0.86,-0.85,Matches
629,630,Jordan Sierra,ec ECU,"DF,MF",UANL,24,1997,0,,,,,0,,0,0,,8,,,,,,,,,,,,Matches
630,631,Antony Silva,py PAR,GK,Puebla,37,1984,30,2700,90,88.2,30.0,30,90,30,0,,1,1.28,33,32,+1,+0.03,-1.22,40.2,46.7,-6.6,-0.22,-1.47,Matches
631,632,Jordan Silva,mx MEX,DF,América,27,1994,17,1120,66,36.6,12.4,12,85,11,5,19,17,1.41,16,17,-1,-0.08,-0.96,16.0,13.1,+2.8,+0.23,-0.49,Matches
632,633,Maximiliano Silvera,uy URU,FW,FC Juárez,23,1997,14,1018,73,33.3,11.3,13,74,8,1,60,0,0.36,6,19,-13,-1.15,-0.44,7.4,13.8,-6.5,-0.57,-0.26,Matches
633,634,Gonzalo Sosa,ar ARG,FW,Mazatlán,32,1989,14,920,66,30.1,10.2,12,72,1,2,28,1,1.07,9,11,-2,-0.20,+0.14,9.0,12.4,-3.4,-0.33,+0.41,Matches
634,635,Ismael Sosa,ar ARG,"FW,MF",Pachuca,34,1987,11,332,30,10.8,3.7,3,62,0,8,18,3,0.91,5,4,+1,+0.27,-0.12,7.8,5.4,+2.4,+0.65,+0.40,Matches
635,636,Nicolás Sosa,uy URU,"FW,MF",Querétaro,25,1996,17,824,48,26.9,9.2,9,65,1,8,30,2,0.71,7,8,-1,-0.11,+0.29,10.1,14.1,-4.0,-0.47,-0.33,Matches
636,637,Yeferson Soteldo,ve VEN,"MF,FW",UANL,24,1997,13,365,28,11.9,4.1,2,83,1,11,18,0,1.81,5,6,-1,-0.25,-1.01,6.1,5.6,+0.5,+0.12,-0.27,Matches
637,638,Jonathan Suárez,mx MEX,MF,Tijuana,24,1997,1,1,1,0.0,0.0,0,,0,1,1,11,1.00,0,0,0,0.00,+0.68,0.0,0.0,0.0,-2.28,-2.00,Matches
638,639,Leonardo Suárez,ar ARG,MF,Santos,25,1996,13,807,62,26.4,9.0,10,76,5,3,16,1,1.46,17,10,+7,+0.78,+0.78,13.7,13.7,0.0,0.00,+0.04,Matches
639,640,Leonardo Suárez,ar ARG,"MF,FW",América,25,1996,3,159,53,5.2,1.8,2,70,0,1,19,0,2.33,1,0,+1,+0.57,+0.04,2.2,2.0,+0.2,+0.09,-0.48,Matches
640,641,Christian Tabó,uy URU,"FW,MF",Cruz Azul,27,1993,9,412,46,13.5,4.6,5,61,1,4,27,0,1.25,3,5,-2,-0.44,-0.74,4.6,4.4,+0.2,+0.05,+0.02,Matches
641,642,Christian Tabó,uy URU,"FW,MF",Puebla,27,1993,16,1420,89,46.4,15.8,16,89,11,0,,0,1.56,16,12,+4,+0.25,+0.14,21.8,20.6,+1.3,+0.08,+0.23,Matches
642,643,Alfredo Talavera,mx MEX,GK,UNAM,38,1982,25,2250,90,73.5,25.0,25,90,25,0,,1,1.55,37,31,+6,+0.24,+1.24,32.0,36.4,-4.4,-0.17,+0.23,Matches
643,644,Leonardo Tapia,mx MEX,GK,UNAM,20,2001,0,,,,,0,,0,0,,1,,,,,,,,,,,,Matches
644,645,Fernando Tapia Méndez,mx MEX,GK,América,20,2001,0,,,,,0,,0,0,,4,,,,,,,,,,,,Matches
645,646,Miguel Tapias,mx MEX,DF,Pachuca,24,1997,19,1541,81,50.4,17.1,18,83,15,1,40,5,1.92,33,19,+14,+0.82,+0.88,22.2,21.2,+1.0,+0.06,-0.46,Matches
646,647,Jonathan Terán,mx MEX,FW,Guadalajara,19,2002,0,,,,,0,,0,0,,1,,,,,,,,,,,,Matches
647,648,Eduardo Tercero,mx MEX,DF,Tijuana,25,1996,26,1999,77,65.3,22.2,21,88,19,5,31,7,1.08,19,35,-16,-0.72,-0.13,28.6,35.2,-6.6,-0.30,-0.06,Matches
648,649,William Tesillo,co COL,DF,León,31,1990,30,2694,90,88.0,29.9,30,90,29,0,,1,1.53,34,32,+2,+0.07,+0.31,44.9,37.9,+7.1,+0.24,-0.05,Matches
649,650,Florian Thauvin,fr FRA,"MF,FW",UANL,28,1993,23,1463,64,47.8,16.3,19,69,2,4,39,1,1.75,25,19,+6,+0.37,-0.53,21.9,18.1,+3.7,+0.23,-0.23,Matches
650,651,Alan Torres,mx MEX,MF,Guadalajara,21,2000,30,1463,49,47.8,16.3,14,82,10,16,20,3,1.48,20,18,+2,+0.12,+0.01,18.1,16.1,+2.0,+0.12,+0.05,Matches
651,652,Félix Torres Caicedo,ec ECU,DF,Santos,24,1997,31,2685,87,87.7,29.8,30,89,29,1,12,0,1.41,43,36,+7,+0.23,+0.23,41.8,39.6,+2.3,+0.08,+0.82,Matches
652,653,Gabriel Torres,pa PAN,"FW,MF",UNAM,32,1988,8,318,40,10.4,3.5,3,72,1,5,21,1,0.75,2,6,-4,-1.13,-1.16,5.3,4.4,+0.9,+0.25,+0.54,Matches
653,654,Jairo Torres,mx MEX,"MF,FW",Atlas,21,2000,32,2360,74,77.1,26.2,31,75,8,1,25,0,1.61,31,15,+16,+0.61,+0.48,29.1,24.7,+4.4,+0.17,+0.39,Matches
654,655,Jorge Torres Nilo,mx MEX,DF,Toluca,33,1988,15,966,64,31.6,10.7,12,71,6,3,37,10,1.33,15,17,-2,-0.19,+0.37,14.7,13.9,+0.8,+0.07,+0.66,Matches
655,656,Raúl Torres Rodríguez,mx MEX,"MF,DF",Querétaro,24,1996,21,921,44,30.1,10.2,10,77,5,11,14,8,1.10,12,11,+1,+0.10,+0.60,14.9,16.6,-1.7,-0.16,+0.08,Matches
656,657,Christopher Trejo,mx MEX,"FW,MF",Atlas,21,1999,27,486,18,15.9,5.4,2,51,0,25,15,6,1.58,10,7,+3,+0.56,+0.07,8.2,8.6,-0.4,-0.08,-0.19,Matches
657,658,Sergio Trevino,mx MEX,FW,UANL,20,2001,0,,,,,0,,0,0,,2,,,,,,,,,,,,Matches
658,659,Santiago Trigos,mx MEX,MF,UNAM,19,2002,7,474,68,15.5,5.3,5,85,4,2,25,6,1.00,7,8,-1,-0.19,-0.12,6.7,6.6,+0.2,+0.03,+0.31,Matches
659,660,Jesús Trindade,uy URU,MF,Pachuca,28,1993,12,294,25,9.6,3.3,2,78,1,10,14,5,1.93,7,5,+2,+0.61,+0.25,4.8,3.9,+0.9,+0.27,-0.03,Matches
660,661,Julio César González Trinidad,py PAR,DF,Necaxa,29,1992,16,1146,72,37.5,12.7,13,80,9,3,36,0,1.25,11,16,-5,-0.39,-0.35,15.8,14.2,+1.6,+0.13,+0.23,Matches
661,662,Franco Troyansky,ar ARG,"FW,MF",Atlas,24,1997,19,512,27,16.7,5.7,5,70,0,14,12,14,1.80,6,3,+3,+0.53,+0.03,7.2,9.3,-2.1,-0.37,-0.54,Matches
662,663,Héctor Uribe,mx MEX,MF,León,17,2004,0,,,,,0,,0,0,,6,,,,,,,,,,,,Matches
663,664,Diego Urtiaga,mx MEX,DF,Atlético,22,1998,0,,,,,0,,0,0,,7,,,,,,,,,,,,Matches
664,665,Óscar Ustari,ar ARG,GK,Pachuca,35,1986,32,2880,90,94.1,32.0,32,90,32,0,,0,1.68,44,34,+10,+0.31,-1.19,47.4,38.5,+8.9,+0.28,-0.21,Matches
665,666,Diego Valdés,cl CHI,"MF,FW",Santos,27,1994,15,1170,78,38.2,13.0,13,84,7,2,39,0,1.61,19,9,+10,+0.77,+0.91,22.4,15.3,+7.0,+0.54,+0.92,Matches
666,667,Diego Valdés,cl CHI,"MF,FW",América,27,1994,15,1175,78,38.4,13.1,13,85,6,2,33,0,1.58,21,12,+9,+0.69,+0.26,19.5,9.8,+9.7,+0.75,+0.34,Matches
667,668,Bruno Valdez,py PAR,DF,América,28,1992,26,1990,77,65.0,22.1,23,83,18,3,25,2,1.73,27,17,+10,+0.45,-0.22,30.1,16.1,+14.0,+0.63,+0.27,Matches
668,669,Jorge Valdivia,cl CHI,MF,Necaxa,37,1983,4,164,41,5.4,1.8,1,65,0,3,33,0,0.75,3,5,-2,-1.10,-0.97,2.7,5.5,-2.7,-1.50,-1.57,Matches
669,670,Oscar Vanegas,co COL,DF,Toluca,25,1996,27,1953,72,63.8,21.7,21,86,19,6,24,1,1.21,26,35,-9,-0.41,+0.07,26.5,36.6,-10.1,-0.47,-0.26,Matches
670,671,Camilo Vargas,co COL,GK,Atlas,32,1989,34,3060,90,100.0,34.0,34,90,34,0,,0,1.61,40,25,+15,+0.44,,39.4,36.7,+2.6,+0.08,+0.08,Matches
671,672,Brayton Vázquez,mx MEX,DF,Atlas,23,1998,0,,,,,0,,0,0,,3,,,,,,,,,,,,Matches
672,673,Gerson Vázquez,mx MEX,"FW,MF",Tijuana,19,2001,2,38,19,1.2,0.4,0,,0,2,19,3,0.00,0,2,-2,-4.74,-4.11,0.0,0.7,-0.7,-1.64,-1.38,Matches
673,674,Iván Vázquez,mx MEX,GK,León,38,1982,2,180,90,5.9,2.0,2,90,2,0,,11,1.50,2,5,-3,-1.50,-1.62,3.5,4.6,-1.1,-0.56,-0.86,Matches
674,675,Ivo Vázquez,mx MEX,"DF,MF",Puebla,20,2000,14,706,50,23.1,7.8,9,70,2,5,15,14,1.38,7,11,-4,-0.51,-0.89,10.6,15.3,-4.7,-0.59,-0.71,Matches
675,676,Alexis Vega,mx MEX,"FW,MF",Guadalajara,23,1997,22,1797,82,58.7,20.0,21,84,11,1,34,1,1.27,22,20,+2,+0.10,-0.04,19.6,18.8,+0.9,+0.04,-0.13,Matches
676,677,Sebastián Vegas,cl CHI,DF,Monterrey,24,1996,27,2299,85,75.1,25.5,27,85,22,0,,1,1.58,32,25,+7,+0.27,+0.27,41.8,26.5,+15.2,+0.60,+0.35,Matches
677,678,Efraín Velarde,mx MEX,DF,UNAM,35,1986,23,1831,80,59.8,20.3,21,86,19,2,17,10,1.34,23,28,-5,-0.25,-0.39,23.2,30.0,-6.8,-0.34,-0.25,Matches
678,679,Gustavo Velásquez,py PAR,DF,FC Juárez,30,1991,16,1419,89,46.4,15.8,16,89,15,0,,0,1.00,13,22,-9,-0.57,+0.53,13.2,21.7,-8.5,-0.54,-0.26,Matches
679,680,Juan Velásquez,mx MEX,MF,FC Juárez,21,2000,0,,,,,0,,0,0,,3,,,,,,,,,,,,Matches
680,681,Érik Vera,mx MEX,DF,Querétaro,29,1992,28,2134,76,69.7,23.7,26,81,10,2,19,5,1.04,22,27,-5,-0.21,+0.37,26.0,30.8,-4.7,-0.21,+0.03,Matches
681,682,Duván Vergara,co COL,"FW,MF",Monterrey,24,1996,19,969,51,31.7,10.8,13,59,1,6,34,0,1.41,14,8,+6,+0.56,+0.51,14.6,9.3,+5.2,+0.48,-0.04,Matches
682,683,Néstor Vidrio,mx MEX,DF,Mazatlán,32,1989,33,2898,88,94.7,32.2,32,89,30,1,38,0,1.20,37,46,-9,-0.28,+0.28,31.1,49.6,-18.5,-0.56,+2.41,Matches
683,684,Nicolás Vikonis,uy URU,GK,Mazatlán,37,1984,34,3060,90,100.0,34.0,34,90,34,0,,0,1.20,38,48,-10,-0.29,,31.5,52.4,-20.9,-0.61,,Matches
684,685,Oscar Villa,mx MEX,DF,León,20,2001,4,272,68,8.9,3.0,3,79,2,1,36,7,1.75,3,3,0,0.00,-0.03,3.3,3.0,+0.2,+0.08,-0.18,Matches
685,686,Dieter Villalpando,mx MEX,MF,Puebla,29,1991,2,72,36,2.4,0.8,0,,0,2,36,5,1.33,2,1,+1,+1.25,+1.10,2.2,0.7,+1.5,+1.85,+1.94,Matches
686,687,Dieter Villalpando,mx MEX,MF,Necaxa,29,1991,16,1116,70,36.5,12.4,14,75,3,2,33,0,1.41,16,10,+6,+0.48,+1.04,14.0,14.9,-0.9,-0.07,-0.10,Matches
687,688,Sergio Villarreal,mx MEX,DF,Monterrey,21,2000,5,348,70,11.4,3.9,4,66,1,1,83,1,1.20,6,3,+3,+0.78,+0.64,5.6,3.6,+2.0,+0.52,0.00,Matches
688,689,Abraham Villegas,,DF,Toluca,18,2002,0,,,,,0,,0,0,,1,,,,,,,,,,,,Matches
689,690,Luis Villegas,mx MEX,GK,Tijuana,20,2001,0,,,,,0,,0,0,,2,,,,,,,,,,,,Matches
690,691,Federico Viñas,uy URU,FW,América,23,1998,25,1233,49,40.3,13.7,14,76,2,11,16,2,1.53,19,8,+11,+0.80,+0.46,18.9,8.2,+10.7,+0.78,+0.41,Matches
691,692,Manuel Viniegra,mx MEX,MF,Querétaro,33,1988,1,7,7,0.2,0.1,0,,0,1,7,5,0.00,0,1,-1,-12.86,-12.56,0.0,0.5,-0.5,-5.84,-5.64,Matches
692,693,Isaías Violante,mx MEX,"MF,FW",Toluca,17,2003,7,149,21,4.9,1.7,0,,0,7,21,2,0.43,3,4,-1,-0.60,-0.17,2.7,4.6,-1.8,-1.12,-0.78,Matches
693,694,Andrés Vombergar,si SVN,FW,Atlético,26,1994,21,1047,50,34.2,11.6,10,87,7,11,17,11,1.00,14,20,-6,-0.52,-0.56,17.1,20.0,-2.9,-0.25,-0.46,Matches
694,695,Facundo Waller,uy URU,"MF,DF",Atlético,24,1997,28,2140,76,69.9,23.8,25,82,13,3,26,1,1.25,29,32,-3,-0.13,+0.07,35.2,32.1,+3.1,+0.13,+0.25,Matches
695,696,Hugo Weckmann,mx MEX,FW,Tijuana,17,2004,1,3,3,0.1,0.0,0,,0,1,3,3,1.00,0,0,0,0.00,+0.68,0.1,0.1,+0.1,+1.94,+2.22,Matches
696,697,Sebastián Yanez,mx MEX,DF,Tijuana,18,2003,6,337,56,11.0,3.7,3,82,1,3,31,4,0.33,1,8,-7,-1.87,-1.34,3.8,7.6,-3.8,-1.01,-0.82,Matches
697,698,Yoshimar Yotún,pe PER,MF,Cruz Azul,31,1990,12,692,58,22.6,7.7,8,68,2,4,36,0,1.38,12,6,+6,+0.78,+0.74,10.8,7.9,+2.8,+0.36,+0.42,Matches
698,699,Paolo Yrizar,mx MEX,"FW,DF",Guadalajara,23,1997,4,48,12,1.6,0.5,0,,0,4,12,3,1.75,1,0,+1,+1.87,+1.79,0.8,0.7,+0.2,+0.35,+0.26,Matches
699,700,Diego Zago,mx MEX,MF,Puebla,19,2002,3,127,42,4.2,1.4,2,63,0,1,1,7,1.00,0,2,-2,-1.42,-1.66,0.8,2.0,-1.2,-0.85,-0.83,Matches
700,701,Ángel Zaldívar,mx MEX,FW,Guadalajara,27,1994,26,1595,61,52.1,17.7,17,81,8,9,24,2,1.28,22,20,+2,+0.11,-0.01,18.8,16.0,+2.8,+0.16,+0.13,Matches
701,702,Edgar Zaldívar,mx MEX,MF,Atlas,24,1996,32,1523,48,49.8,16.9,14,80,6,18,22,1,1.66,19,13,+6,+0.35,-0.29,20.4,18.1,+2.3,+0.14,+0.13,Matches
702,703,Mauro Zaleta,mx MEX,MF,Cruz Azul,19,2002,1,1,1,0.0,0.0,0,,0,1,1,5,3.00,0,0,0,0.00,-0.21,0.0,0.1,-0.1,-12.25,-12.29,Matches
703,704,Carlos Zamora,mx MEX,DF,Querétaro,25,1996,1,22,22,0.7,0.2,0,,0,1,22,2,1.00,0,1,-1,-4.09,-3.79,0.1,0.8,-0.7,-2.92,-2.72,Matches
704,705,Jesse Zamudio,mx MEX,"MF,FW",León,22,1999,3,35,12,1.1,0.4,0,,0,3,12,10,2.33,2,1,+1,+2.57,+2.57,3.2,1.3,+1.9,+4.77,+4.58,Matches
705,706,Ángel Zapata,mx MEX,"MF,FW",Monterrey,20,2001,9,132,15,4.3,1.5,1,57,0,8,9,12,1.67,2,2,0,0.00,-0.22,1.0,2.8,-1.8,-1.25,-1.84,Matches
706,707,José Zapata,mx MEX,FW,FC Juárez,18,2003,2,42,21,1.4,0.5,0,,0,2,21,2,1.50,1,0,+1,+2.14,+3.04,0.9,0.2,+0.7,+1.53,+1.96,Matches
707,708,Jorge Zárate,mx MEX,"MF,DF",Mazatlán,29,1992,12,383,32,12.5,4.3,3,75,0,9,17,13,0.69,5,5,0,0.00,+0.34,2.6,5.9,-3.3,-0.79,-0.20,Matches
708,709,Alejandro Zendejas,mx MEX,"FW,MF",América,23,1998,14,831,59,27.2,9.2,11,73,2,3,8,1,1.67,13,4,+9,+0.97,+0.61,14.5,4.8,+9.7,+1.06,+0.71,Matches
709,710,Alejandro Zendejas,mx MEX,MF,Necaxa,23,1998,18,1619,90,52.9,18.0,18,90,17,0,,0,1.11,17,24,-7,-0.39,-0.45,24.4,21.1,+3.4,+0.19,+0.42,Matches
