,Rk,Player,Nation,Pos,Squad,Age,Born,90s,Touches,Def Pen,Def 3rd,Mid 3rd,Att 3rd,Att Pen,Live,Succ,Att,Succ%,Mis,Dis,Rec,Prog,Matches
0,1,José Abella,mx MEX,DF,Atlas,27,1994,11.6,532,25,129,259,150,11,532,3,9,33.3,12,6,257,14,Matches
1,2,Diego Abitia,mx MEX,FW,Toluca,18,2003,0.0,4,0,0,3,1,0,4,0,0,,1,0,2,1,Matches
2,3,Clifford Aboagye,gh GHA,MF,Puebla,26,1995,0.2,12,1,2,8,2,0,12,0,1,0.0,0,0,9,1,Matches
3,4,Luis Abram,pe PER,DF,Cruz Azul,25,1996,8.4,384,40,205,167,13,6,384,0,0,,2,2,254,1,Matches
4,5,Carlos Acevedo,mx MEX,GK,Santos,25,1996,26.0,728,622,722,7,0,0,728,0,0,,0,0,148,0,Matches
5,6,Daniel Aceves,mx MEX,DF,Pachuca,20,2001,15.5,846,38,263,414,176,5,846,6,18,33.3,24,9,369,15,Matches
6,7,Sergio Adrián Flores,mx MEX,MF,Guadalajara,26,1995,23.5,1525,102,559,906,75,8,1525,3,6,50.0,14,6,895,4,Matches
7,8,Juan Agüayo,mx MEX,MF,Guadalajara,24,1997,1.5,67,5,13,43,11,0,67,0,0,,0,0,33,1,Matches
8,9,Juan Agüayo,mx MEX,DF,UNAM,24,1997,0.5,31,3,16,14,2,0,31,0,0,,1,0,14,1,Matches
9,10,Washington Aguerre,uy URU,GK,Querétaro,28,1993,31.9,1016,875,1006,9,1,1,1016,0,0,,1,0,268,0,Matches
10,11,Daniel Aguilar,mx MEX,MF,Puebla,23,1998,2.0,91,2,18,61,12,0,91,1,1,100.0,3,1,62,2,Matches
11,12,Paul Aguilar,mx MEX,"DF,MF",FC Juárez,35,1986,4.6,220,6,54,117,49,5,220,1,6,16.7,8,3,134,4,Matches
12,13,Emanuel Aguilera,ar ARG,DF,América,32,1989,10.0,597,40,268,325,11,7,596,0,1,0.0,8,0,384,0,Matches
13,14,Emanuel Aguilera,ar ARG,DF,Atlas,32,1989,7.0,360,28,135,210,17,0,360,2,2,100.0,1,3,183,1,Matches
14,15,Eduardo Aguirre,mx MEX,FW,Santos,22,1998,20.4,611,10,36,218,367,112,611,21,40,52.5,61,35,421,101,Matches
15,16,Érick Aguirre,mx MEX,"DF,MF",Monterrey,24,1997,17.3,924,32,293,407,234,20,924,7,14,50.0,15,6,494,36,Matches
16,17,Gaddi Aguirre,mx MEX,DF,Atlas,25,1996,10.9,596,31,203,343,53,9,596,1,1,100.0,4,0,319,3,Matches
17,18,Rodrigo Aguirre,uy URU,FW,Necaxa,26,1994,24.0,819,30,71,315,445,115,818,22,57,38.6,91,37,567,142,Matches
18,19,Oswaldo Alanís,mx MEX,DF,Mazatlán,32,1989,9.0,532,57,291,214,33,8,532,4,5,80.0,4,2,318,2,Matches
19,20,Ricardo Alba,mx MEX,FW,Atlético,19,2002,0.2,4,0,0,0,4,3,4,0,0,,2,0,5,0,Matches
20,21,Jesús Alberto Angulo,mx MEX,DF,Atlas,23,1998,11.9,716,32,217,430,81,4,716,4,9,44.4,9,7,365,2,Matches
21,22,Jesús Alberto Angulo,mx MEX,DF,UANL,23,1998,16.1,936,86,425,477,46,4,936,7,8,87.5,7,2,576,2,Matches
22,23,Gil Alcalá,mx MEX,GK,Tijuana,29,1992,6.0,170,149,169,1,0,0,170,0,0,,1,0,54,0,Matches
23,24,Jesús Alcantar Rodríguez,mx MEX,DF,Necaxa,18,2003,0.3,21,2,15,6,0,0,21,0,0,,0,0,8,0,Matches
24,25,Adrián Aldrete,mx MEX,DF,Cruz Azul,33,1988,15.2,837,43,308,405,129,13,837,1,4,25.0,7,4,466,17,Matches
25,26,Daniel Alexis Parra,mx MEX,DF,Monterrey,22,1999,4.3,218,5,67,101,53,6,218,2,2,100.0,12,4,98,8,Matches
26,27,Luis Alfonso Rodríguez,mx MEX,"DF,MF",UANL,30,1991,14.9,1018,39,265,550,217,8,1018,21,29,72.4,27,9,616,38,Matches
27,28,David Alfredo Andrade,mx MEX,DF,Santos,28,1993,7.6,378,11,90,199,98,4,378,12,18,66.7,7,7,212,11,Matches
28,29,Carlos Alonso Vargas,mx MEX,"DF,MF",Mazatlán,22,1999,21.8,1070,102,545,421,116,6,1070,12,20,60.0,17,0,496,4,Matches
29,30,Alfonso Alvarado,mx MEX,"FW,MF",Monterrey,21,2000,5.3,151,3,13,66,78,22,151,4,6,66.7,12,9,124,16,Matches
30,31,Roberto Alvarado,mx MEX,"DF,MF",Cruz Azul,22,1998,10.1,615,13,114,313,195,12,615,10,20,50.0,17,11,412,32,Matches
31,32,Roberto Alvarado,mx MEX,"FW,MF",Guadalajara,22,1998,14.2,734,23,118,363,274,35,734,27,54,50.0,34,24,524,61,Matches
32,33,Ventura Alvarado,us USA,DF,FC Juárez,28,1992,8.7,381,39,204,156,23,6,381,0,1,0.0,6,4,189,0,Matches
33,34,Alek Álvarez,mx MEX,"MF,FW",UNAM,18,2003,2.3,105,3,13,59,39,2,105,8,10,80.0,3,4,73,4,Matches
34,35,Fabio Álvarez,ar ARG,"MF,FW",UNAM,28,1993,19.8,1194,19,134,809,267,35,1194,32,54,59.3,32,29,888,86,Matches
35,36,Kevin Álvarez,mx MEX,DF,Pachuca,22,1999,30.4,1648,71,458,731,490,56,1648,35,71,49.3,54,28,811,88,Matches
36,37,Daniel Álvarez López,mx MEX,"FW,MF",Toluca,27,1994,6.3,281,3,35,135,114,16,281,8,16,50.0,14,9,208,24,Matches
37,38,Daniel Álvarez López,mx MEX,"FW,MF",Puebla,27,1994,8.7,320,4,32,165,126,20,320,14,26,53.8,20,14,220,38,Matches
38,39,Daniel Amador,mx MEX,"FW,MF",Mazatlán,24,1997,4.3,173,2,12,105,57,13,173,4,8,50.0,16,2,113,32,Matches
39,40,Fidel Ambríz,mx MEX,MF,León,18,2003,10.7,651,28,209,375,67,8,651,3,8,37.5,11,3,440,6,Matches
40,41,Esteban Andrada,ar ARG,GK,Monterrey,30,1991,31.0,1155,833,1146,10,0,0,1155,0,0,,0,0,521,0,Matches
41,42,Miguel Ángel Herrera,mx MEX,DF,Pachuca,32,1989,8.1,366,51,205,154,11,4,366,2,3,66.7,6,1,193,0,Matches
42,43,Luis Ángel Mendoza,mx MEX,"FW,MF",Cruz Azul,31,1990,2.9,143,1,14,81,49,6,143,4,7,57.1,5,2,95,7,Matches
43,44,Miguel Ángel Ponce,mx MEX,DF,Guadalajara,32,1989,15.2,971,32,328,496,159,12,971,8,13,61.5,25,9,556,18,Matches
44,45,Brayan Angulo,ec ECU,FW,Cruz Azul,25,1995,14.4,474,18,39,246,193,52,473,9,18,50.0,39,6,324,75,Matches
45,46,Brayan Angulo,co COL,DF,Tijuana,31,1989,30.3,1896,87,545,951,437,39,1896,51,83,61.4,33,29,1040,59,Matches
46,47,Jesús Angulo,mx MEX,"MF,FW",Guadalajara,24,1997,26.5,1456,5,117,793,573,55,1456,34,72,47.2,92,73,1127,129,Matches
47,48,Francisco Antonio Figueroa,mx MEX,"FW,MF",Pachuca,22,1999,3.5,171,2,16,67,94,5,171,7,14,50.0,13,12,121,16,Matches
48,49,Francisco Antonio Figueroa,mx MEX,"MF,FW",Querétaro,22,1999,1.0,66,2,4,27,37,2,66,4,5,80.0,1,5,53,4,Matches
49,50,Jorge Antonio Padilla,mx MEX,DF,Mazatlán,27,1993,22.1,1093,77,388,501,221,20,1093,7,12,58.3,25,7,535,34,Matches
50,51,José Antonio Rodríguez,mx MEX,GK,Guadalajara,29,1992,5.0,140,115,140,0,0,0,140,0,0,,0,0,62,0,Matches
51,52,José Antonio Rodríguez,mx MEX,GK,Querétaro,29,1992,1.0,25,19,25,0,0,0,25,0,0,,0,0,12,0,Matches
52,53,Uriel Antuna,mx MEX,"FW,MF",Cruz Azul,23,1997,14.0,520,11,62,183,282,40,519,16,37,43.2,14,6,361,60,Matches
53,54,Uriel Antuna,mx MEX,"FW,MF",Guadalajara,23,1997,9.6,389,6,41,148,208,25,389,11,24,45.8,30,12,294,55,Matches
54,55,Javier Aquino,mx MEX,"DF,MF",UANL,31,1990,32.9,2209,72,525,1102,620,28,2209,49,85,57.6,53,25,1369,93,Matches
55,56,Pedro Aquino,pe PER,MF,América,26,1995,15.4,916,29,205,633,96,14,916,9,19,47.4,13,10,514,12,Matches
56,57,Ángelo Araos,cl CHI,"MF,FW",Necaxa,24,1997,5.2,268,5,29,157,87,9,268,8,14,57.1,14,14,191,23,Matches
57,58,Maximiliano Araújo,uy URU,"MF,DF",Puebla,21,2000,29.2,1126,25,209,434,511,93,1126,58,143,40.6,91,38,659,118,Matches
58,59,Fernando Arce Jr.,us USA,MF,FC Juárez,24,1996,12.7,624,34,189,389,53,10,624,7,10,70.0,11,7,387,10,Matches
59,60,Fernando Arce Jr.,us USA,"FW,MF",Necaxa,24,1996,0.2,10,2,6,4,0,0,10,0,0,,0,0,5,0,Matches
60,61,Sagir Arce,us USA,"FW,MF",Mazatlán,19,2002,3.6,111,1,13,59,41,8,111,5,8,62.5,7,5,76,9,Matches
61,62,Fernando Aristeguieta,ve VEN,FW,Puebla,29,1992,16.9,626,27,54,274,301,96,625,11,23,47.8,56,30,492,71,Matches
62,63,Blas Armoa,py PAR,"FW,MF",FC Juárez,21,2000,1.5,46,1,11,9,26,4,46,1,6,16.7,4,0,29,3,Matches
63,64,Alejandro Arribas,es ESP,DF,FC Juárez,32,1989,13.9,824,100,461,355,18,10,824,2,2,100.0,8,3,483,1,Matches
64,65,Giovanni Augusto,br BRA,"FW,MF",Mazatlán,31,1989,8.0,339,1,32,165,150,18,338,19,23,82.6,17,15,246,30,Matches
65,66,Erick Ávalos,mx MEX,DF,UANL,21,2000,1.6,93,5,33,48,14,1,93,2,4,50.0,2,2,41,1,Matches
66,67,José Ávila,mx MEX,"MF,DF",Santos,23,1998,1.1,72,1,10,29,34,5,72,1,2,50.0,6,2,39,6,Matches
67,68,David Ayala,mx MEX,MF,UANL,21,2000,2.7,186,5,39,122,26,0,186,2,3,66.7,1,1,125,3,Matches
68,69,Hugo Ayala,mx MEX,DF,UANL,34,1987,13.0,648,67,376,269,6,3,648,1,1,100.0,1,0,402,1,Matches
69,70,Ettson Ayon,mx MEX,FW,Tijuana,20,2001,0.3,11,0,1,5,6,1,11,0,2,0.0,2,0,7,3,Matches
70,71,Rafael Baca,mx MEX,MF,Cruz Azul,31,1989,26.0,1310,47,262,892,169,7,1310,4,10,40.0,20,14,835,17,Matches
71,72,Claudio Baeza,cl CHI,MF,Toluca,27,1993,30.4,1855,75,467,1245,162,7,1855,24,38,63.2,29,13,1224,14,Matches
72,73,Kevin Balanta,co COL,"MF,DF",Querétaro,24,1997,20.6,1077,78,409,629,52,6,1077,6,14,42.9,17,13,633,3,Matches
73,74,Miguel Barbieri,ar ARG,DF,Toluca,27,1993,6.5,341,48,194,145,5,5,341,0,0,,4,0,176,1,Matches
74,75,David Barbona,ar ARG,"FW,MF",Tijuana,26,1995,11.9,644,7,58,273,322,32,643,25,38,65.8,27,13,439,74,Matches
75,76,Diego Barbosa,mx MEX,DF,Atlas,24,1996,22.1,1151,36,275,499,403,36,1151,24,45,53.3,34,15,509,64,Matches
76,77,Adam Bareiro,py PAR,FW,Atlético,25,1996,6.8,232,7,13,94,127,36,230,6,9,66.7,26,7,169,49,Matches
77,78,Sergio Bareiro,py PAR,FW,Necaxa,22,1998,2.5,118,8,14,60,46,9,118,2,4,50.0,11,3,82,12,Matches
78,79,Marcelo Barovero,ar ARG,GK,Atlético,37,1984,30.0,960,837,956,4,0,0,960,0,0,,1,0,272,0,Matches
79,80,Martín Barragán,mx MEX,"MF,DF",Puebla,30,1991,3.0,147,2,14,83,53,14,147,3,6,50.0,8,4,101,14,Matches
80,81,Jaine Barreiro,co COL,DF,León,27,1994,27.0,1666,173,836,777,74,28,1666,11,16,68.8,18,5,1121,10,Matches
81,82,Pablo Barrera,mx MEX,"MF,FW",Querétaro,34,1987,29.2,1314,17,186,588,573,33,1314,32,84,38.1,61,35,862,92,Matches
82,83,Damián Batallini,ar ARG,FW,Atlético,25,1996,2.2,89,0,3,53,34,2,89,2,4,50.0,6,6,58,12,Matches
83,84,Facundo Batista,uy URU,"FW,MF",Necaxa,22,1999,3.9,107,9,12,34,61,12,107,2,6,33.3,11,2,69,15,Matches
84,85,Cristian Battocchio,it ITA,MF,UNAM,29,1992,7.8,393,7,55,231,109,7,393,4,6,66.7,6,3,273,17,Matches
85,86,Eduard Bello,ve VEN,"MF,FW",Mazatlán,25,1995,5.4,157,4,22,66,69,14,157,1,3,33.3,9,9,97,15,Matches
86,87,Fernando Beltrán,mx MEX,MF,Guadalajara,23,1998,16.9,1087,16,170,684,255,15,1087,41,54,75.9,29,24,785,32,Matches
87,88,Nicolás Benedetti,co COL,"MF,FW",América,24,1997,2.7,130,1,12,74,48,2,130,7,13,53.8,6,3,92,16,Matches
88,89,Nicolás Benedetti,co COL,"FW,MF",Mazatlán,24,1997,14.4,647,6,63,339,260,36,647,32,67,47.8,40,22,459,51,Matches
89,90,Pablo Bennevendo Peña,mx MEX,DF,UNAM,21,2000,2.0,113,1,30,65,18,1,113,5,10,50.0,1,2,38,3,Matches
90,91,Germán Berterame,ar ARG,FW,Atlético,22,1998,31.7,1097,39,96,478,538,128,1091,27,70,38.6,103,33,740,163,Matches
91,92,Unai Bilbao,es ESP,DF,Atlético,27,1994,32.6,1630,306,979,623,41,28,1629,5,5,100.0,9,1,873,3,Matches
92,93,Alfonso Blanco Antúnez,mx MEX,GK,León,34,1987,1.0,40,37,40,0,0,0,40,0,0,,0,0,22,0,Matches
93,94,Antonio Briseño,mx MEX,DF,Guadalajara,27,1994,17.3,1036,117,548,457,33,20,1036,1,2,50.0,5,2,611,1,Matches
94,95,Isaác Brizuela,mx MEX,"DF,FW",Guadalajara,30,1990,21.2,1133,27,201,555,396,15,1133,46,71,64.8,50,18,760,69,Matches
95,96,Gil Burón,mx MEX,"DF,MF",León,27,1994,0.5,36,4,15,12,9,0,36,0,0,,1,2,22,0,Matches
96,97,Gustavo Cabral,ar ARG,DF,Pachuca,35,1985,29.6,1432,152,695,704,42,26,1432,3,6,50.0,18,6,684,5,Matches
97,98,David Cabrera Pujol,mx MEX,MF,Querétaro,31,1989,8.4,649,22,132,398,122,1,649,1,3,33.3,3,6,407,8,Matches
98,99,Sebastián Cáceres,uy URU,DF,América,21,1999,17.5,856,82,515,319,30,14,856,7,9,77.8,10,1,508,2,Matches
99,100,José Caicedo,co COL,DF,UNAM,19,2002,1.0,48,7,26,18,4,4,48,0,0,,0,0,31,0,Matches
100,101,Cristian Calderón,mx MEX,"DF,FW",Guadalajara,24,1997,12.8,660,30,126,289,255,37,660,11,27,40.7,42,22,418,68,Matches
101,102,Luis Calzadilla,mx MEX,"MF,FW",Atlético,21,2000,1.0,47,1,7,10,30,2,47,1,1,100.0,4,2,25,7,Matches
102,103,Joel Campbell,cr CRC,"FW,MF",Monterrey,29,1992,17.0,855,6,63,391,413,50,854,34,60,56.7,53,49,654,82,Matches
103,104,Karel Campos,mx MEX,"MF,DF",América,18,2003,0.4,26,0,2,14,10,0,26,0,0,,1,1,19,1,Matches
104,105,Omar Campos,mx MEX,DF,Santos,19,2002,23.3,1204,56,357,507,360,29,1204,30,70,42.9,37,16,590,45,Matches
105,106,Alexis Canelo,ar ARG,"FW,MF",Toluca,29,1992,22.8,852,22,74,404,382,104,850,16,51,31.4,58,22,655,133,Matches
106,107,Luis Cárdenas,mx MEX,GK,Monterrey,27,1993,3.0,97,76,93,4,0,0,97,0,0,,0,0,31,0,Matches
107,108,Ulises Cardona,mx MEX,"FW,MF",Mazatlán,22,1998,0.2,9,0,2,5,3,0,9,2,2,100.0,2,0,6,1,Matches
108,109,Rafael Carioca,br BRA,MF,UANL,32,1989,27.7,1763,38,297,1201,290,3,1763,31,39,79.5,32,23,1228,28,Matches
109,110,Miguel Carreón,mx MEX,FW,UNAM,17,2004,0.1,6,0,1,2,3,0,6,0,0,,1,0,2,1,Matches
110,111,Jordan Carrillo,mx MEX,"FW,MF",Santos,19,2001,10.2,471,2,50,243,191,20,471,33,63,52.4,42,27,331,36,Matches
111,112,Kevin Castañeda,mx MEX,"MF,FW",Toluca,21,1999,17.7,1033,4,106,602,339,25,1033,15,22,68.2,21,21,777,69,Matches
112,113,César Castillo,mx MEX,MF,Tijuana,20,2000,0.5,28,1,3,19,7,1,28,1,1,100.0,2,0,19,1,Matches
113,114,Christian Castillo,cl CHI,"FW,MF",Tijuana,24,1996,1.8,91,0,9,44,38,7,91,2,3,66.7,4,0,67,8,Matches
114,115,Erick Castillo,ec ECU,"FW,MF",Tijuana,26,1995,6.6,233,9,39,86,117,18,233,15,30,50.0,18,19,148,34,Matches
115,116,Fabián Castillo,co COL,"MF,FW",FC Juárez,29,1992,17.2,684,4,51,280,374,59,684,58,104,55.8,66,37,508,105,Matches
116,117,Nicolás Castillo,cl CHI,FW,Necaxa,28,1993,0.6,11,0,0,8,3,0,11,0,0,,0,0,8,2,Matches
117,118,José Castillo Pérez,mx MEX,"DF,MF",Pachuca,19,2001,0.2,12,2,5,6,1,0,12,0,0,,1,0,3,0,Matches
118,119,Raúl Castillo,mx MEX,"DF,MF",Puebla,19,2001,0.3,20,1,2,12,6,0,20,1,3,33.3,1,0,16,2,Matches
119,120,Matías Catalán,ar ARG,"DF,FW",Pachuca,28,1992,7.9,407,35,133,177,99,19,407,2,5,40.0,10,2,189,13,Matches
120,121,Alan Cervantes,mx MEX,MF,Santos,23,1998,23.1,1146,43,263,718,184,8,1146,22,34,64.7,36,21,621,18,Matches
121,122,Daniel Cervantes,mx MEX,DF,Querétaro,31,1990,12.7,531,74,290,234,14,11,531,4,4,100.0,5,0,254,1,Matches
122,123,Pablo César Aguilar,py PAR,DF,Cruz Azul,34,1987,28.1,1552,206,837,662,66,36,1552,2,3,66.7,9,0,868,7,Matches
123,124,Pablo César López,mx MEX,"MF,DF",Pachuca,23,1998,0.8,49,2,13,23,13,0,49,0,1,0.0,0,0,27,3,Matches
124,125,Aníbal Chalá,ec ECU,"DF,MF",Atlas,25,1996,4.5,212,5,30,91,95,13,212,3,18,16.7,20,1,133,23,Matches
125,126,Diego Chávez Collins,mx MEX,"FW,MF",Toluca,26,1995,4.5,138,2,28,70,42,15,138,2,7,28.6,9,5,79,15,Matches
126,127,Luis Chávez,mx MEX,MF,Pachuca,25,1996,25.0,1448,47,252,938,279,15,1447,20,33,60.6,30,9,849,17,Matches
127,128,Ricardo Chávez Soto,mx MEX,DF,Atlético,26,1994,28.2,1504,79,431,639,450,34,1504,13,29,44.8,26,14,683,54,Matches
128,129,Jesús Chiquete,mx MEX,DF,Guadalajara,19,2002,5.4,250,28,148,96,7,3,250,1,2,50.0,4,1,128,1,Matches
129,130,Ronaldo Cisneros,mx MEX,FW,Guadalajara,24,1997,0.3,10,0,1,2,7,2,10,0,0,,2,0,7,2,Matches
130,131,Léo Coelho,br BRA,DF,Atlético,28,1993,7.1,270,41,136,119,18,7,270,0,2,0.0,4,3,100,1,Matches
131,132,Santiago Colombatto,ar ARG,MF,León,24,1997,21.6,1126,29,173,724,241,28,1126,14,31,45.2,29,13,813,50,Matches
132,133,Bryan Colula,mx MEX,"DF,FW",Mazatlán,25,1996,19.1,852,50,252,388,223,17,852,5,12,41.7,26,8,424,34,Matches
133,134,Francisco Contreras,mx MEX,"DF,MF",FC Juárez,22,1999,5.8,317,11,77,137,107,5,317,3,7,42.9,12,5,200,24,Matches
134,135,José Corona,mx MEX,GK,Cruz Azul,40,1981,17.0,556,493,556,0,0,0,556,0,0,,0,0,188,0,Matches
135,136,Washington Corozo,ec ECU,"FW,MF",UNAM,23,1998,13.9,520,16,77,240,215,49,520,20,42,47.6,34,18,358,74,Matches
136,137,George Corral,mx MEX,"MF,DF",Puebla,31,1990,18.9,1115,42,302,619,204,10,1113,11,22,50.0,21,13,681,16,Matches
137,138,Jordi Cortizo,mx MEX,"MF,FW",Puebla,25,1996,8.1,368,8,52,174,147,19,368,29,44,65.9,28,19,262,37,Matches
138,139,Jordi Cortizo,mx MEX,"FW,MF",Tijuana,25,1996,4.3,240,4,28,113,105,10,240,18,32,56.3,16,5,155,22,Matches
139,140,Rodolfo Cota,mx MEX,GK,León,34,1987,31.0,1030,940,1027,3,0,0,1030,3,4,75.0,4,0,312,0,Matches
140,141,Aldo Cruz,mx MEX,"DF,MF",UANL,23,1997,1.9,104,5,21,45,39,4,104,0,5,0.0,7,2,54,7,Matches
141,142,Alessio da Cruz,cv CPV,"FW,MF",Santos,24,1997,6.3,259,0,14,116,131,23,259,16,24,66.7,20,14,194,31,Matches
142,143,Jorge Daniel Hernández,mx MEX,MF,Pachuca,32,1989,8.6,484,18,96,359,34,0,484,2,5,40.0,6,2,288,8,Matches
143,144,Jorge Daniel Hernández,mx MEX,MF,Querétaro,32,1989,14.3,749,26,139,565,48,4,749,2,8,25.0,6,2,482,8,Matches
144,145,Juan David Castro,mx MEX,"MF,DF",Atlético,29,1991,7.4,309,7,58,157,100,4,309,6,10,60.0,16,8,180,16,Matches
145,146,José David Ramírez,mx MEX,DF,León,25,1995,19.5,1132,38,300,600,249,24,1132,28,42,66.7,31,12,709,49,Matches
146,147,Víctor Dávila,cl CHI,"FW,MF",León,23,1997,25.1,940,24,63,480,413,91,939,18,40,45.0,49,20,747,122,Matches
147,148,Diego De Buen,mx MEX,"DF,MF",Puebla,30,1991,22.8,1298,182,634,544,130,23,1296,14,19,73.7,17,9,649,8,Matches
148,149,Everardo Del Villar,,,Toluca,16,2005,0.6,,,,,,,,,,,,,,,Matches
149,150,Benny Díaz,mx MEX,GK,Tijuana,22,1998,2.0,63,50,62,1,0,0,63,0,0,,0,0,22,0,Matches
150,151,Nicolás Díaz Huincales,cl CHI,DF,Mazatlán,22,1999,24.6,1275,99,494,599,192,14,1275,10,17,58.8,33,15,639,20,Matches
151,152,Jair Díaz,mx MEX,DF,Atlético,22,1998,21.6,943,82,410,433,112,9,943,6,15,40.0,8,13,421,10,Matches
152,153,Jonathan Díaz,mx MEX,DF,Santos,22,1999,1.6,104,2,23,61,21,0,104,0,0,,1,1,50,0,Matches
153,154,Ricardo Díaz,mx MEX,GK,Querétaro,25,1995,1.1,40,35,40,0,0,0,40,0,0,,0,0,14,0,Matches
154,155,Diego,br BRA,"DF,MF",Toluca,33,1988,11.3,652,38,206,340,113,9,652,5,9,55.6,8,4,374,12,Matches
155,156,Diogo,br BRA,"FW,MF",UNAM,24,1996,13.2,435,11,45,179,220,54,435,15,25,60.0,47,13,310,86,Matches
156,157,José Doldán,py PAR,DF,Querétaro,24,1997,7.5,392,40,216,171,7,2,392,4,6,66.7,6,3,221,1,Matches
157,158,Idekel Domínguez,mx MEX,DF,Necaxa,21,2000,14.7,837,51,256,438,153,10,837,5,11,45.5,14,9,396,15,Matches
158,159,Julio Domínguez,mx MEX,DF,Cruz Azul,33,1987,27.8,1550,139,754,739,68,11,1550,7,9,77.8,9,8,1012,5,Matches
159,160,Misael Domínguez,mx MEX,"MF,FW",Tijuana,21,1999,6.8,309,3,33,146,142,9,309,16,35,45.7,19,12,236,32,Matches
160,161,Dória,br BRA,DF,Santos,26,1994,31.0,1359,187,706,599,63,18,1359,3,4,75.0,10,3,664,3,Matches
161,162,Jonathan dos Santos,mx MEX,MF,América,31,1990,2.3,158,2,28,103,29,1,158,0,1,0.0,2,1,100,3,Matches
162,163,Jesús Dueñas,mx MEX,"DF,MF",UANL,32,1989,14.3,857,23,183,450,231,20,857,4,12,33.3,11,1,545,43,Matches
163,164,Jhon Duque Arias,co COL,"MF,FW",Atlético,29,1992,2.8,108,4,22,59,30,5,108,0,0,,5,5,49,7,Matches
164,165,Jonathan David dos Santos Duré,uy URU,FW,Querétaro,29,1992,11.1,315,17,30,126,161,59,314,3,6,50.0,23,10,215,47,Matches
165,166,Jorge Eduardo Sánchez,mx MEX,DF,América,23,1997,21.6,1353,50,381,628,363,28,1353,31,61,50.8,36,21,796,39,Matches
166,167,Francisco Eduardo Venegas,mx MEX,DF,UANL,23,1998,1.9,129,6,40,55,35,3,129,0,1,0.0,5,0,77,5,Matches
167,168,Jesús Eduardo Zavala,mx MEX,"DF,MF",Mazatlán,34,1987,5.0,202,41,121,79,4,3,202,0,0,,2,0,98,0,Matches
168,169,Alfonso Emilio Sánchez,mx MEX,MF,Mazatlán,27,1994,12.4,555,12,123,327,116,7,555,7,23,30.4,26,8,340,25,Matches
169,170,José Enrique Angulo,ec ECU,FW,Querétaro,26,1995,10.6,209,9,11,77,125,35,209,9,15,60.0,37,13,157,46,Matches
170,171,Luis Enrique Quiñones,co COL,"MF,FW",UANL,30,1991,24.2,1445,8,96,660,707,81,1445,52,93,55.9,72,42,1099,174,Matches
171,172,Carlos Ernesto Cisneros,mx MEX,"DF,MF",Guadalajara,27,1993,16.4,878,43,222,381,286,24,878,20,39,51.3,30,20,477,61,Matches
172,173,Kevin Escamilla,mx MEX,MF,Querétaro,27,1994,22.7,952,47,203,578,180,17,952,10,16,62.5,22,21,553,31,Matches
173,174,Juan Escobar,py PAR,DF,Cruz Azul,26,1995,23.7,1265,87,411,556,311,50,1264,12,22,54.5,39,20,716,58,Matches
174,175,Alonso Escoboza,mx MEX,"MF,DF",Necaxa,28,1993,18.9,891,22,151,383,367,35,891,14,27,51.9,26,5,517,69,Matches
175,176,Amaury Escoto,mx MEX,"FW,MF",Puebla,28,1992,4.3,152,5,28,65,63,16,152,3,5,60.0,12,1,83,11,Matches
176,177,José Espino,mx MEX,"MF,FW",Querétaro,20,2000,1.0,24,0,1,10,13,5,24,0,1,0.0,6,1,17,6,Matches
177,178,Michael Estrada,ec ECU,FW,Toluca,25,1996,5.6,166,3,6,73,94,25,166,9,22,40.9,21,6,118,28,Matches
178,179,Marco Fabián,mx MEX,"MF,FW",Mazatlán,32,1989,8.1,424,11,51,228,151,15,423,7,13,53.8,23,4,248,25,Matches
179,180,Carlos Felipe Rodríguez,mx MEX,GK,FC Juárez,32,1989,4.8,190,175,189,1,0,0,190,0,0,,1,0,71,0,Matches
180,181,Omar Fernández Frasica,co COL,"MF,FW",León,28,1993,19.0,999,7,112,472,419,58,999,10,31,32.3,38,26,774,112,Matches
181,182,Gabriel Fernández,uy URU,FW,FC Juárez,27,1994,12.6,386,18,23,222,149,42,384,22,41,53.7,51,11,272,43,Matches
182,183,Leonardo Fernández,uy URU,"MF,FW",Toluca,22,1998,12.8,758,1,56,462,253,21,756,20,45,44.4,37,22,577,52,Matches
183,184,Leonardo Fernández,uy URU,"MF,FW",UANL,22,1998,4.1,244,1,25,138,89,10,244,7,13,53.8,14,6,162,20,Matches
184,185,Fernandinho,br BRA,"MF,DF",FC Juárez,24,1997,1.3,72,0,7,25,43,9,72,3,7,42.9,3,3,57,5,Matches
185,186,Luis Fernando Fuentes,mx MEX,DF,América,34,1986,21.6,1323,46,418,660,257,9,1323,7,11,63.6,16,7,787,27,Matches
186,187,Luis Fernando León,ec ECU,DF,Atlético,28,1993,9.2,415,93,264,141,10,6,415,0,3,0.0,2,1,249,2,Matches
187,188,Iván Fernando Ochoa,mx MEX,MF,FC Juárez,24,1996,4.6,257,9,58,172,30,3,257,2,4,50.0,3,5,168,6,Matches
188,189,Luis Fernando Quintana,mx MEX,DF,Necaxa,29,1992,7.8,466,46,224,220,27,5,466,4,6,66.7,8,0,278,0,Matches
189,190,Juan Ferney Otero,co COL,"FW,MF",Santos,26,1995,15.8,698,11,65,296,350,59,698,21,52,40.4,54,39,506,79,Matches
190,191,Juan Ferney Otero,co COL,"FW,MF",América,26,1995,3.2,153,1,14,61,82,10,153,9,15,60.0,11,7,111,21,Matches
191,192,Gustavo Ferrareis,br BRA,"DF,MF",Puebla,25,1996,25.0,1176,62,233,490,472,51,1176,27,57,47.4,57,13,660,72,Matches
192,193,Facundo Ferreyra,ar ARG,"FW,MF",Tijuana,30,1991,7.2,214,14,26,76,115,26,213,3,6,50.0,25,11,142,50,Matches
193,194,Álvaro Fidalgo,es ESP,MF,América,24,1997,27.2,1537,11,200,950,411,24,1536,51,84,60.7,58,33,1161,52,Matches
194,195,Carlos Fierro,mx MEX,"FW,MF",FC Juárez,27,1994,1.0,34,0,2,9,23,4,34,0,1,0.0,4,0,25,3,Matches
195,196,Leonardo Flores,mx MEX,FW,UANL,18,2003,0.3,6,0,0,1,5,1,6,0,0,,1,0,6,4,Matches
196,197,Fabricio Formiliano,uy URU,DF,Necaxa,28,1993,27.0,1307,144,662,645,21,11,1307,6,7,85.7,15,5,690,1,Matches
197,198,Alexis Francisco Peña,mx MEX,DF,Cruz Azul,25,1996,5.9,319,33,176,137,8,2,319,0,0,,2,2,207,2,Matches
198,199,Alexis Francisco Peña,mx MEX,DF,Necaxa,25,1996,12.7,635,75,325,297,16,8,635,0,0,,4,0,338,1,Matches
199,200,Nicolás Freire,ar ARG,DF,UNAM,27,1994,25.8,1346,171,717,607,25,20,1346,1,1,100.0,5,1,798,1,Matches
200,201,Gonzalo Freitas,uy URU,MF,Mazatlán,29,1991,15.3,688,53,239,393,66,13,688,8,11,72.7,21,11,337,2,Matches
201,202,Raymundo Fulgencio,mx MEX,"MF,FW",UANL,21,2000,6.1,316,4,41,143,142,12,316,14,21,66.7,20,14,236,36,Matches
202,203,Rogelio Funes Mori,mx MEX,FW,Monterrey,30,1991,18.2,548,13,26,223,302,110,546,9,24,37.5,61,13,434,131,Matches
203,204,Julio Furch,ar ARG,FW,Atlas,32,1989,27.7,905,25,34,383,494,160,901,12,20,60.0,84,32,685,166,Matches
204,205,José Galindo,mx MEX,DF,UNAM,23,1998,13.7,688,81,337,332,29,3,688,3,4,75.0,7,5,367,1,Matches
205,206,Jesús Gallardo,mx MEX,"DF,FW",Monterrey,26,1994,23.3,1231,44,298,515,438,56,1231,11,22,50.0,44,12,681,107,Matches
206,207,Martín Galván,mx MEX,"MF,FW",FC Juárez,28,1993,7.6,387,2,47,234,114,9,387,16,23,69.6,15,11,269,25,Matches
207,208,Juan Gamboa,mx MEX,FW,Toluca,20,2001,0.0,1,0,0,1,0,0,1,0,1,0.0,0,0,1,0,Matches
208,209,Luis Gamíz,mx MEX,MF,Tijuana,21,2000,0.3,3,0,2,1,0,0,3,0,0,,1,0,0,0,Matches
209,210,Amaury García,mx MEX,"MF,FW",UNAM,19,2001,1.3,44,2,7,31,8,1,44,1,2,50.0,6,1,26,3,Matches
210,211,Ángel García,mx MEX,"FW,DF",UNAM,20,2000,0.5,24,1,7,14,4,0,24,0,0,,0,2,14,1,Matches
211,212,Aristeo García,mx MEX,FW,Querétaro,22,1999,0.0,1,1,1,0,0,0,1,0,0,,0,0,0,0,Matches
212,213,Brian García,mx MEX,DF,Necaxa,23,1997,27.1,1588,77,527,752,348,11,1588,21,44,47.7,35,15,733,27,Matches
213,214,Denzell García,mx MEX,MF,FC Juárez,17,2003,0.2,10,0,2,8,0,0,10,0,0,,1,1,9,0,Matches
214,215,Emmanuel García,mx MEX,"DF,FW",Atlético,31,1989,8.2,447,19,129,217,109,4,447,2,6,33.3,15,3,225,13,Matches
215,216,José García,mx MEX,DF,FC Juárez,25,1996,21.0,1073,179,681,384,15,9,1073,0,2,0.0,1,1,651,1,Matches
216,217,Luis García,mx MEX,FW,Necaxa,29,1992,11.5,,,,,,,,,,,,,,,Matches
217,218,Marco García,mx MEX,MF,UNAM,21,2000,7.2,377,4,40,201,136,4,377,5,13,38.5,19,5,236,27,Matches
218,219,Matías García,ar ARG,MF,FC Juárez,29,1991,26.3,1466,21,220,845,431,31,1465,30,52,57.7,51,29,968,64,Matches
219,220,Pol García,es ESP,DF,FC Juárez,26,1995,5.0,263,32,136,122,11,3,263,1,2,50.0,3,1,153,0,Matches
220,221,Bryan Garnica,mx MEX,"DF,MF",Atlas,25,1996,1.4,84,0,5,26,54,6,84,4,10,40.0,2,1,51,9,Matches
221,222,Adrián Garza,mx MEX,FW,UANL,20,2000,0.2,7,0,0,3,4,0,7,1,2,50.0,0,2,6,0,Matches
222,223,Jesús Garza,mx MEX,DF,UANL,21,2000,1.5,81,2,30,38,15,2,81,3,5,60.0,3,1,36,1,Matches
223,224,Emmanuel Gigliotti,ar ARG,"FW,MF",León,34,1987,4.7,120,8,11,59,51,14,119,3,4,75.0,12,1,76,18,Matches
224,225,André-Pierre Gignac,fr FRA,FW,UANL,35,1985,23.3,677,18,34,266,385,119,674,21,45,46.7,43,18,503,131,Matches
225,226,Milton Giménez,ar ARG,FW,Necaxa,24,1996,9.4,275,14,20,118,138,40,275,5,10,50.0,36,22,197,35,Matches
226,227,Santiago Giménez,mx MEX,FW,Cruz Azul,20,2001,15.9,514,19,39,209,272,67,513,15,40,37.5,39,16,333,78,Matches
227,228,Diego Gómez,mx MEX,DF,Necaxa,17,2003,0.5,29,0,8,15,6,0,29,1,1,100.0,0,1,24,0,Matches
228,229,Pablo Gómez,mx MEX,"MF,FW",Querétaro,24,1997,1.0,54,1,8,18,28,4,54,2,2,100.0,3,0,30,6,Matches
229,230,Jaime Gómez Valencia,mx MEX,"DF,MF",FC Juárez,28,1993,10.8,541,22,151,233,163,16,541,13,21,61.9,14,17,313,31,Matches
230,231,Alfonso González,mx MEX,"MF,FW",Monterrey,26,1994,22.6,1101,16,122,539,463,73,1101,23,50,46.0,45,30,675,109,Matches
231,232,Bryan González,mx MEX,"MF,FW",Pachuca,18,2003,8.9,358,1,37,156,171,25,358,13,29,44.8,29,22,248,52,Matches
232,233,Pablo González Díaz,mx MEX,"MF,FW",Toluca,29,1992,0.4,36,1,5,27,4,0,36,0,0,,1,1,25,0,Matches
233,234,Hugo González Durán,mx MEX,GK,FC Juárez,30,1990,29.2,994,813,992,2,0,0,994,1,1,100.0,1,0,378,0,Matches
234,235,Carlos González Espínola,py PAR,"FW,MF",UANL,28,1993,14.8,470,18,40,224,211,97,470,7,13,53.8,42,14,349,61,Matches
235,236,Ramiro González Hernández,ar ARG,DF,León,30,1990,4.2,259,35,168,88,5,4,259,0,0,,3,1,169,0,Matches
236,237,Jonathan González,mx MEX,MF,Necaxa,22,1999,2.0,102,2,17,75,10,0,102,1,1,100.0,1,0,75,1,Matches
237,238,Jonathan González,mx MEX,MF,Querétaro,22,1999,1.4,48,0,6,32,10,2,48,0,1,0.0,4,0,28,3,Matches
238,239,Ian Gonzalez Nieto,es ESP,FW,Toluca,28,1993,16.8,638,9,23,342,277,68,637,11,17,64.7,37,25,505,103,Matches
239,240,Ronaldo González,mx MEX,MF,Querétaro,21,1999,0.4,23,1,8,13,4,1,23,1,2,50.0,0,1,14,1,Matches
240,241,Fernando Gorriarán,uy URU,MF,Santos,26,1994,29.0,1873,33,304,1084,512,49,1868,28,57,49.1,66,27,1178,92,Matches
241,242,Ismael Govea,mx MEX,DF,Santos,24,1997,7.5,354,34,119,163,73,2,354,1,9,11.1,5,4,142,7,Matches
242,243,Axel Grijalva,mx MEX,DF,Monterrey,21,2000,0.8,28,2,12,15,1,0,28,0,0,,0,1,11,0,Matches
243,244,Andrés Gudiño,mx MEX,GK,Cruz Azul,24,1997,6.0,173,161,173,0,0,0,173,0,0,,0,0,61,0,Matches
244,245,Raúl Gudiño,mx MEX,GK,Guadalajara,25,1996,21.0,752,637,751,3,0,0,752,0,0,,1,0,330,0,Matches
245,246,Javier Güemez,mx MEX,MF,Atlético,29,1991,30.8,1482,66,349,988,166,8,1482,12,20,60.0,36,20,858,24,Matches
246,247,Emanuel Gularte,uy URU,DF,Puebla,23,1997,25.0,1217,101,553,601,77,14,1217,12,17,70.6,19,10,589,9,Matches
247,248,Alexis Gutiérrez,mx MEX,"MF,FW",Cruz Azul,21,2000,0.8,56,2,9,42,6,0,56,0,0,,0,1,36,1,Matches
248,249,Edgar Gutiérrez,mx MEX,FW,Cruz Azul,19,2002,0.2,4,0,0,1,3,1,4,0,0,,4,1,4,0,Matches
249,250,Edson Gutiérrez,mx MEX,DF,Monterrey,25,1996,3.1,152,3,41,62,50,4,152,1,4,25.0,1,2,69,7,Matches
250,251,Gustavo Gutiérrez,mx MEX,GK,Toluca,24,1996,10.6,432,390,431,1,0,0,432,0,0,,0,0,169,0,Matches
251,252,Marcos Mauro López Gutiérrez,ar ARG,DF,FC Juárez,30,1991,6.9,285,44,176,95,15,4,285,0,0,,0,0,163,0,Matches
252,253,Carlos Guzmán,mx MEX,DF,Toluca,27,1994,7.8,479,23,147,240,96,8,479,5,11,45.5,6,2,288,19,Matches
253,254,Nahuel Guzmán,ar ARG,GK,UANL,35,1986,34.0,1220,1006,1214,7,0,0,1220,2,2,100.0,1,1,511,0,Matches
254,255,Víctor Guzmán,mx MEX,"MF,FW",Pachuca,26,1995,24.5,1249,28,129,568,569,68,1249,20,33,60.6,76,41,858,141,Matches
255,256,Víctor Guzmán,mx MEX,DF,Tijuana,19,2002,21.0,902,129,508,380,16,2,902,6,10,60.0,11,5,501,0,Matches
256,257,Abel Hernández,uy URU,FW,Atlético,30,1990,6.5,157,6,9,65,84,28,157,2,7,28.6,17,4,110,25,Matches
257,258,Arelibetsiel Hernández,mx MEX,DF,Querétaro,26,1994,9.3,513,30,169,246,102,3,513,4,5,80.0,9,9,268,14,Matches
258,259,Édgar Hernández,mx MEX,GK,Necaxa,38,1982,7.6,252,206,251,1,0,0,252,0,0,,0,0,80,0,Matches
259,260,Elías Hernández,mx MEX,"FW,MF",León,33,1988,16.2,826,8,103,338,398,44,826,25,57,43.9,42,21,590,97,Matches
260,261,Illian Hernandez,mx MEX,FW,Pachuca,21,2000,0.5,25,0,1,5,19,2,25,0,1,0.0,2,1,21,7,Matches
261,262,Jesús Hernández,mx MEX,"FW,MF",Pachuca,19,2001,0.3,19,0,1,11,7,2,19,0,3,0.0,2,0,17,2,Matches
262,263,Jesús Hernández,mx MEX,"FW,MF",Querétaro,17,2004,1.3,42,1,6,19,17,5,42,1,3,33.3,7,3,26,6,Matches
263,264,José Hernández,mx MEX,"DF,MF",Atlético,22,1999,5.1,253,5,61,101,97,9,253,0,3,0.0,6,10,140,14,Matches
264,265,Kaleth Hernández,mx MEX,"FW,MF",Monterrey,20,2001,1.0,69,2,10,22,38,3,69,2,6,33.3,3,2,44,8,Matches
265,266,Pedro Hernández,mx MEX,DF,León,20,2000,0.4,20,2,9,6,5,0,20,0,1,0.0,0,0,7,1,Matches
266,267,Alberto Herrera,mx MEX,"MF,DF",Puebla,20,2001,4.2,224,10,52,111,63,2,224,1,4,25.0,9,2,129,15,Matches
267,268,Jonathan Herrera,mx MEX,"FW,MF",Atlas,20,2001,9.4,400,7,50,139,216,41,400,15,39,38.5,34,15,268,44,Matches
268,269,Higor,br BRA,MF,UNAM,27,1994,24.5,1226,46,276,785,181,30,1226,17,36,47.2,45,21,745,45,Matches
269,270,César Huerta,mx MEX,"FW,MF",Guadalajara,20,2000,7.3,334,4,50,146,143,16,334,10,23,43.5,33,19,245,48,Matches
270,271,Valber Huerta,cl CHI,DF,Toluca,27,1993,9.3,517,87,322,188,10,8,517,2,3,66.7,4,0,320,0,Matches
271,272,Rodrigo Huescas,mx MEX,"FW,MF",Cruz Azul,17,2003,2.4,109,2,16,55,38,9,109,1,2,50.0,8,1,65,14,Matches
272,273,Avilés Hurtado,co COL,"FW,MF",Pachuca,34,1987,23.7,1156,11,114,495,575,86,1156,77,141,54.6,85,35,795,132,Matches
273,274,Nicolás Ibáñez,ar ARG,FW,Pachuca,26,1994,27.3,761,25,56,348,367,137,758,15,28,53.6,58,13,490,127,Matches
274,275,Andrés Ibargüen,co COL,"FW,MF",Santos,29,1992,2.4,131,0,12,56,65,9,131,10,16,62.5,7,8,89,14,Matches
275,276,Renato Ibarra,ec ECU,FW,América,30,1991,0.2,13,0,1,5,8,1,13,0,0,,1,0,10,0,Matches
276,277,Renato Ibarra,ec ECU,"FW,MF",Tijuana,30,1991,8.3,370,6,51,177,148,13,370,7,22,31.8,19,14,255,21,Matches
277,278,Romario Ibarra,ec ECU,"FW,MF",Pachuca,26,1994,18.1,661,1,71,297,317,42,661,42,81,51.9,58,32,489,89,Matches
278,279,Juan Ignacio Dinenno,ar ARG,FW,UNAM,26,1994,24.4,745,24,48,337,364,106,742,18,43,41.9,55,37,567,135,Matches
279,280,Andrés Iniestra,mx MEX,MF,FC Juárez,25,1996,2.9,116,4,40,72,4,0,116,0,0,,2,0,78,1,Matches
280,281,Andrés Iniestra,mx MEX,MF,Atlético,25,1996,10.4,390,21,87,228,75,7,390,3,3,100.0,8,2,230,11,Matches
281,282,Jefferson Intriago,ec ECU,MF,FC Juárez,25,1996,12.0,712,15,152,467,101,7,712,9,10,90.0,16,7,507,20,Matches
282,283,Jefferson Intriago,ec ECU,MF,Mazatlán,25,1996,17.0,862,35,205,582,88,3,862,16,21,76.2,27,9,509,10,Matches
283,284,Hugo Isaác Rodríguez,mx MEX,DF,Santos,31,1990,9.3,393,47,206,167,21,9,393,1,1,100.0,2,1,181,3,Matches
284,285,Mauricio Isais,us USA,DF,Pachuca,20,2001,0.9,58,1,16,32,11,0,58,3,3,100.0,2,1,25,2,Matches
285,286,Jesús Isijara,mx MEX,"DF,MF",Santos,31,1989,3.4,157,9,36,68,53,1,157,2,3,66.7,7,2,76,3,Matches
286,287,Omar Islas,mx MEX,"MF,FW",UNAM,25,1996,3.3,113,3,15,48,53,8,113,0,3,0.0,7,4,82,16,Matches
287,288,Omar Israel Mendoza,mx MEX,DF,Querétaro,32,1988,25.2,1315,75,391,691,255,12,1315,13,23,56.5,27,12,630,28,Matches
288,289,Edgar Iván López,mx MEX,FW,Tijuana,22,1999,3.2,,,,,,,,,,,,,,,Matches
289,290,José Iván Rodríguez,mx MEX,MF,León,25,1996,24.5,1546,59,406,1030,126,5,1546,25,37,67.6,32,26,1032,19,Matches
290,291,Vincent Janssen,nl NED,"FW,MF",Monterrey,27,1994,14.4,476,6,16,170,294,83,475,13,27,48.1,47,21,404,131,Matches
291,292,Ignacio Jeraldino,cl CHI,FW,Santos,25,1995,4.7,121,4,16,41,64,10,121,1,4,25.0,13,4,81,18,Matches
292,293,José de Jesús Godínez,mx MEX,"FW,MF",Guadalajara,24,1997,2.7,86,5,5,33,48,12,86,2,4,50.0,5,8,69,14,Matches
293,294,José de Jesús Godínez,mx MEX,"FW,MF",Querétaro,24,1997,0.7,46,0,0,25,22,6,46,1,2,50.0,1,4,39,8,Matches
294,295,Antonio de Jesús López,gt GUA,MF,América,24,1997,2.2,75,1,12,47,18,1,75,4,7,57.1,7,1,40,2,Matches
295,296,Antonio de Jesús López,gt GUA,MF,Necaxa,24,1997,1.4,60,3,16,25,19,0,60,0,2,0.0,2,1,31,3,Matches
296,297,Cristian Jiménez,mx MEX,MF,Cruz Azul,19,2002,0.0,0,0,0,0,0,0,0,0,0,,0,0,0,0,Matches
297,298,Jaiber Jiménez,mx MEX,"DF,MF",Cruz Azul,26,1995,1.5,55,4,14,28,14,1,55,0,0,,3,2,28,2,Matches
298,299,Oscar Jiménez,mx MEX,GK,América,32,1988,3.0,117,104,117,0,0,0,117,0,0,,1,0,41,0,Matches
299,300,Miguel Jiménez Ponce,mx MEX,GK,Guadalajara,31,1990,8.0,278,240,278,0,0,0,278,0,0,,0,0,113,0,Matches
300,301,José Joaquín Esquivel,mx MEX,"MF,DF",FC Juárez,23,1998,25.7,1363,72,357,793,231,12,1363,14,36,38.9,35,15,774,27,Matches
301,302,José Joaquín Martínez,mx MEX,"DF,MF",Cruz Azul,34,1987,8.7,371,20,107,169,102,10,371,6,12,50.0,8,2,207,20,Matches
302,303,Julio José González,mx MEX,GK,UNAM,30,1991,9.0,319,266,319,0,0,0,319,0,0,,1,0,83,0,Matches
303,304,Juan José Sánchez,co COL,DF,UANL,23,1998,3.3,212,20,102,111,3,1,212,1,1,100.0,0,0,137,0,Matches
304,305,Alberto Joshimar Acosta,mx MEX,DF,FC Juárez,33,1988,13.5,800,36,268,423,124,4,800,9,20,45.0,19,16,452,12,Matches
305,306,José Juan Macías,mx MEX,"FW,MF",Guadalajara,21,1999,2.9,108,1,5,49,55,14,108,5,12,41.7,18,6,87,16,Matches
306,307,José Juan Vázquez,mx MEX,MF,Toluca,33,1988,15.7,728,20,164,476,90,3,728,1,2,50.0,13,9,476,20,Matches
307,308,José Juan Vázquez,mx MEX,MF,Tijuana,33,1988,13.5,748,26,204,472,76,3,748,3,5,60.0,11,7,461,12,Matches
308,309,Ramón Juárez,mx MEX,DF,Atlético,20,2001,8.7,410,58,199,205,9,5,410,2,2,100.0,3,1,213,2,Matches
309,310,Ramón Juárez,mx MEX,MF,Puebla,20,2001,0.0,0,0,0,0,0,0,0,0,0,,0,0,0,0,Matches
310,311,Heriberto Jurado,mx MEX,"FW,MF",Necaxa,16,2005,8.7,380,6,56,157,176,9,380,20,41,48.8,29,11,249,35,Matches
311,312,Sebastián Jurado,mx MEX,GK,Cruz Azul,23,1997,11.0,373,329,371,2,0,0,373,2,2,100.0,0,0,133,0,Matches
312,313,Gary Kagelmacher,uy URU,DF,León,33,1988,5.6,346,39,195,146,6,2,346,1,1,100.0,3,1,220,2,Matches
313,314,Matías Kranevitter,ar ARG,"MF,DF",Monterrey,28,1993,17.0,807,25,196,562,59,2,807,3,3,100.0,10,5,472,9,Matches
314,315,Roberto de la Rosa,mx MEX,"FW,MF",Pachuca,21,2000,10.5,307,1,11,146,155,40,307,4,9,44.4,21,18,219,53,Matches
315,316,Mauro Laínez,mx MEX,"FW,MF",América,25,1996,12.2,567,10,91,230,252,23,567,13,26,50.0,21,14,397,46,Matches
316,317,Gibran Lajud,mx MEX,GK,Santos,27,1993,8.0,197,181,196,1,0,0,197,0,0,,0,0,43,0,Matches
317,318,Emilio Lara,mx MEX,DF,América,19,2002,1.0,55,10,37,18,0,0,55,0,0,,0,0,37,0,Matches
318,319,Miguel Layún,mx MEX,"DF,MF",América,33,1988,18.1,1103,41,261,537,318,15,1103,7,9,77.8,18,13,674,32,Matches
319,320,Anderson Leite,br BRA,MF,FC Juárez,28,1993,6.4,302,5,70,179,59,8,301,3,3,100.0,10,1,189,11,Matches
320,321,Armando León,mx MEX,FW,León,21,2000,0.5,14,0,1,12,2,0,14,0,0,,4,0,11,3,Matches
321,322,Dario Lezcano,py PAR,"FW,MF",FC Juárez,31,1990,4.3,135,2,4,67,66,8,134,6,10,60.0,21,10,108,22,Matches
322,323,Igor Lichnovsky,cl CHI,DF,UANL,27,1994,4.1,241,20,111,108,22,5,241,2,2,100.0,2,0,162,2,Matches
323,324,Erik Lira,mx MEX,MF,Cruz Azul,21,2000,14.4,726,33,225,444,65,1,726,11,16,68.8,15,19,450,6,Matches
324,325,Erik Lira,mx MEX,"MF,DF",UNAM,21,2000,11.7,644,43,177,421,49,3,644,6,7,85.7,9,8,395,4,Matches
325,326,Alan López,mx MEX,MF,Mazatlán,19,2001,0.1,8,0,2,6,0,0,8,0,0,,1,0,7,0,Matches
326,327,Raúl López Gómez,mx MEX,DF,Toluca,28,1993,26.6,1409,69,378,648,394,12,1409,14,47,29.8,32,5,814,27,Matches
327,328,José López,mx MEX,"MF,FW",FC Juárez,21,1999,0.5,14,1,1,8,5,3,14,0,1,0.0,1,1,5,2,Matches
328,329,Leonel López,mx MEX,MF,UNAM,27,1994,21.8,1487,22,200,996,305,6,1487,26,36,72.2,38,19,1005,46,Matches
329,330,Lisandro López,ar ARG,DF,Tijuana,31,1989,12.8,694,96,383,295,26,17,692,2,2,100.0,8,3,325,2,Matches
330,331,Nicolás López,uy URU,"FW,MF",UANL,27,1993,16.6,675,1,26,305,358,62,672,47,78,60.3,40,27,520,96,Matches
331,332,Vladimir Loroña,mx MEX,DF,Tijuana,22,1998,26.2,1320,84,390,585,367,44,1320,27,57,47.4,40,17,639,56,Matches
332,333,Brian Lozano,uy URU,"MF,FW",Santos,27,1994,17.8,889,4,71,402,429,38,886,19,50,38.0,70,26,598,90,Matches
333,334,José Lozano,mx MEX,"MF,FW",Atlético,22,1998,7.2,204,5,31,71,104,18,204,8,15,53.3,24,11,135,23,Matches
334,335,Luis Lozoya,mx MEX,FW,Tijuana,28,1993,0.2,4,0,4,0,0,0,4,0,1,0.0,0,0,0,0,Matches
335,336,Lucao,br BRA,"DF,MF",Puebla,28,1993,18.6,903,101,387,385,139,33,903,11,15,73.3,19,3,427,14,Matches
336,337,Oscar Macías,mx MEX,MF,FC Juárez,23,1998,0.0,3,0,1,1,1,0,3,0,0,,0,0,2,0,Matches
337,338,Fernando Madrigal,mx MEX,MF,América,29,1991,6.7,271,6,54,166,55,5,271,1,2,50.0,9,7,158,8,Matches
338,339,Fernando Madrigal,mx MEX,MF,Necaxa,29,1991,12.1,509,15,73,293,152,11,509,15,25,60.0,22,10,319,42,Matches
339,340,Luis Madrigal,mx MEX,FW,Querétaro,28,1993,2.7,75,2,2,38,35,11,75,0,0,,10,6,56,7,Matches
340,341,José Madueña,mx MEX,DF,FC Juárez,31,1990,0.9,46,5,12,23,12,1,46,0,1,0.0,5,1,24,2,Matches
341,342,Deivoon Magaña,mx MEX,MF,Guadalajara,21,2000,0.3,18,0,1,11,6,1,18,1,3,33.3,1,0,13,4,Matches
342,343,Luis Malagón,mx MEX,GK,Necaxa,24,1997,26.4,865,754,865,0,0,0,865,0,0,,0,0,327,0,Matches
343,344,Federico Mancuello,ar ARG,MF,Puebla,32,1989,10.8,684,12,103,428,166,8,684,6,10,60.0,12,9,410,10,Matches
344,345,Mauro Manotas,co COL,FW,Tijuana,26,1995,22.6,702,22,39,313,367,102,702,21,52,40.4,96,43,535,142,Matches
345,346,Luis Manuel García,mx MEX,GK,Toluca,28,1992,21.5,792,682,790,2,0,0,792,0,0,,1,0,249,0,Matches
346,347,Jahaziel Marchand,mx MEX,MF,Pachuca,19,2001,3.0,162,2,22,106,35,1,162,3,4,75.0,4,3,105,7,Matches
347,348,Gonzalo Maroni,ar ARG,"MF,FW",Atlas,22,1999,1.9,118,1,9,64,47,6,118,2,6,33.3,10,5,98,8,Matches
348,349,Ángel Márquez,mx MEX,MF,Atlas,21,2000,22.7,1121,21,164,711,254,25,1121,21,31,67.7,31,19,702,37,Matches
349,350,Henry Martín,mx MEX,FW,América,28,1992,15.9,455,11,21,191,245,80,455,8,14,57.1,50,30,365,73,Matches
350,351,Guillermo Martínez Ayala,mx MEX,FW,Puebla,26,1995,14.1,426,16,24,220,184,65,426,9,16,56.3,50,25,335,60,Matches
351,352,Enzo Martínez,uy URU,DF,Querétaro,23,1998,15.0,780,82,367,395,23,17,780,1,3,33.3,6,2,449,0,Matches
352,353,Federico Martínez,uy URU,"FW,MF",León,25,1996,6.1,190,3,25,86,86,20,190,7,14,50.0,29,20,125,28,Matches
353,354,Fidel Martínez,ec ECU,"FW,MF",Tijuana,31,1990,5.8,293,1,12,124,160,19,292,3,8,37.5,22,5,184,48,Matches
354,355,Fidel Martínez,ec ECU,"FW,MF",Querétaro,31,1990,1.2,43,0,1,20,23,2,43,1,4,25.0,3,0,32,7,Matches
355,356,Emilio Martínez González,mx MEX,"DF,MF",Puebla,18,2003,0.3,25,0,4,10,11,1,25,0,0,,1,0,15,2,Matches
356,357,Jaziel Martínez,mx MEX,MF,Monterrey,20,2000,0.0,10,0,1,9,0,0,10,0,0,,0,0,9,0,Matches
357,358,Osvaldo Martínez,py PAR,MF,Querétaro,35,1986,2.8,168,2,25,101,43,3,168,1,1,100.0,4,5,126,3,Matches
358,359,Roger Martínez,co COL,FW,América,27,1994,18.0,728,3,49,284,408,89,726,50,94,53.2,78,46,609,104,Matches
359,360,Sebastián Martínez,mx MEX,DF,Guadalajara,20,2001,0.0,6,0,0,1,5,2,6,0,0,,1,0,3,2,Matches
360,361,Héctor Mascorro,mx MEX,DF,Atlético,24,1997,0.0,2,0,0,1,2,0,2,0,0,,0,0,1,0,Matches
361,362,Guillermo Matías Fernández,ar ARG,MF,Cruz Azul,29,1991,11.6,664,27,124,424,126,17,663,6,8,75.0,15,2,433,39,Matches
362,363,Alejandro Mayorga,mx MEX,DF,Cruz Azul,24,1997,7.6,393,21,121,187,91,3,393,9,17,52.9,18,7,190,8,Matches
363,364,Alejandro Mayorga,mx MEX,"DF,MF",Guadalajara,24,1997,8.9,632,21,195,285,160,12,632,11,27,40.7,21,5,331,21,Matches
364,365,Alan Medina,mx MEX,"MF,FW",Necaxa,23,1997,18.6,936,19,143,452,369,41,936,38,76,50.0,69,35,605,78,Matches
365,366,Diego Medina,mx MEX,"MF,FW",Santos,20,2001,3.6,134,2,10,59,70,15,134,5,11,45.5,11,10,72,10,Matches
366,367,Stefan Medina,co COL,DF,Monterrey,29,1992,27.0,1465,83,471,680,330,18,1465,14,26,53.8,19,16,803,25,Matches
367,368,Ángel Mena,ec ECU,"FW,MF",León,33,1988,25.9,1183,14,85,532,580,110,1177,29,43,67.4,66,34,941,170,Matches
368,369,Jean Meneses,cl CHI,"FW,MF",León,28,1993,21.4,946,6,101,417,447,73,946,34,68,50.0,69,39,679,127,Matches
369,370,Roberto Meraz,mx MEX,MF,Mazatlán,21,1999,24.4,952,44,308,547,99,14,952,11,16,68.8,21,10,545,26,Matches
370,371,Jorge Meré,es ESP,DF,América,24,1997,7.0,264,27,142,115,8,5,264,1,2,50.0,1,0,132,1,Matches
371,372,Fernando Meza,ar ARG,"MF,DF",Necaxa,31,1990,6.9,371,31,118,230,27,6,371,2,5,40.0,8,0,221,5,Matches
372,373,Maximiliano Meza,ar ARG,"FW,MF",Monterrey,28,1992,29.5,1516,20,148,640,763,103,1515,54,111,48.6,96,53,1076,168,Matches
373,374,Hiram Mier,mx MEX,DF,Guadalajara,31,1989,15.8,774,89,428,327,23,10,774,1,2,50.0,6,0,467,2,Matches
374,375,Juan Miguel,mx MEX,MF,UNAM,24,1997,0.2,8,0,2,7,0,0,8,0,0,,0,0,6,0,Matches
375,376,Jesús Molina,mx MEX,MF,Guadalajara,33,1988,9.7,441,24,87,298,61,16,441,1,1,100.0,10,3,268,12,Matches
376,377,Andres Montaño,mx MEX,"MF,FW",Mazatlán,19,2002,3.5,161,2,16,98,48,6,161,1,3,33.3,7,4,109,12,Matches
377,378,Joaquín Montecinos,cl CHI,FW,Tijuana,25,1995,8.6,306,5,38,104,169,34,305,16,39,41.0,30,8,214,41,Matches
378,379,Emanuel Montejano Arroyo,mx MEX,"MF,FW",UNAM,20,2001,1.9,48,1,2,20,26,6,48,1,2,50.0,8,0,33,12,Matches
379,380,Jefferson Montero,ec ECU,"MF,FW",Querétaro,31,1989,5.3,257,1,13,97,149,11,257,18,36,50.0,8,18,178,23,Matches
380,381,Alán Montes,mx MEX,DF,Monterrey,20,2000,3.7,193,17,102,88,4,4,193,0,1,0.0,2,1,105,0,Matches
381,382,César Montes,mx MEX,DF,Monterrey,24,1997,25.2,1329,154,649,633,54,25,1329,2,4,50.0,6,3,821,4,Matches
382,383,Luis Montes,mx MEX,MF,León,35,1986,13.4,972,9,139,586,262,19,972,20,32,62.5,23,29,723,61,Matches
383,384,Walter Montoya,ar ARG,"MF,FW",Cruz Azul,28,1993,5.7,242,4,24,124,99,7,242,8,14,57.1,16,3,159,22,Matches
384,385,Adrián Mora,mx MEX,"DF,MF",FC Juárez,23,1997,8.2,404,50,217,166,24,5,404,3,5,60.0,3,5,221,3,Matches
385,386,Iván Morales Bravo,cl CHI,"FW,MF",Cruz Azul,22,1999,3.8,85,0,3,37,45,7,85,5,10,50.0,14,4,64,15,Matches
386,387,Carlos Moreno,mx MEX,GK,Pachuca,23,1998,2.0,62,50,62,0,0,0,62,0,0,,0,0,22,0,Matches
387,388,Gerardo Moreno,mx MEX,DF,UNAM,27,1993,1.0,61,8,30,31,0,0,61,0,0,,0,1,34,0,Matches
388,389,Héctor Moreno,mx MEX,DF,Monterrey,33,1988,15.8,854,109,369,455,34,15,854,3,3,100.0,2,1,554,6,Matches
389,390,Iker Moreno,mx MEX,MF,América,17,2003,0.0,4,0,0,4,0,0,4,0,0,,0,0,2,0,Matches
390,391,Iván Moreno,mx MEX,"MF,FW",Mazatlán,23,1998,17.8,701,24,147,296,270,40,701,25,47,53.2,51,27,393,57,Matches
391,392,Yairo Moreno,co COL,"DF,MF",Pachuca,26,1995,16.3,1226,53,298,716,244,12,1226,61,77,79.2,38,28,753,35,Matches
392,393,Andrés Mosquera Guardia,co COL,DF,León,31,1990,25.7,1513,100,561,724,240,40,1513,5,13,38.5,27,7,965,54,Matches
393,394,Alan Mozo,mx MEX,DF,UNAM,24,1997,27.3,1639,48,400,852,408,28,1639,32,56,57.1,70,41,894,88,Matches
394,395,Isaác Muniz,mx MEX,MF,León,18,2002,0.0,3,0,2,0,1,0,3,0,0,,0,1,1,0,Matches
395,396,Zahid Muñoz,mx MEX,"MF,FW",Atlético,20,2001,3.8,184,2,18,97,71,8,184,7,16,43.8,6,6,126,14,Matches
396,397,Jhon Murillo,ve VEN,"FW,MF",Atlético,26,1995,12.2,,,,,,,,,,,,,,,Matches
397,398,Óscar Murillo,co COL,DF,Pachuca,33,1988,15.8,857,77,441,399,24,16,857,0,0,,10,1,422,2,Matches
398,399,Ariel Nahuelpán,ar ARG,FW,Querétaro,33,1987,1.7,44,2,3,17,26,7,43,1,3,33.3,6,6,37,9,Matches
399,400,Fernando Navarro Morán,mx MEX,"FW,MF",Pachuca,32,1989,2.7,125,0,13,60,53,7,125,3,6,50.0,9,8,99,12,Matches
400,401,Fernando Navarro Morán,mx MEX,"MF,FW",León,32,1989,1.2,63,2,6,44,13,4,63,1,3,33.3,6,2,44,5,Matches
401,402,Santiago Naveda,mx MEX,MF,América,20,2001,4.8,164,5,40,112,13,1,164,0,0,,6,1,86,1,Matches
402,403,Hugo Nervo,ar ARG,DF,Atlas,30,1991,34.0,1716,163,939,737,47,33,1716,0,0,,5,4,981,1,Matches
403,404,Francisco Nevarez,mx MEX,"DF,FW",FC Juárez,20,2000,0.7,29,4,16,9,4,0,29,0,0,,0,2,10,1,Matches
404,405,Ygor Nogueira,br BRA,DF,Mazatlán,26,1995,8.1,386,69,228,145,18,6,386,3,4,75.0,6,1,168,1,Matches
405,406,Alberto Ocejo,mx MEX,"FW,MF",Santos,23,1998,9.0,266,11,20,99,152,39,266,9,29,31.0,27,24,197,61,Matches
406,407,Guillermo Ochoa,mx MEX,GK,América,36,1985,31.0,1056,803,1049,7,0,0,1056,0,0,,0,0,421,0,Matches
407,408,Luis Olivas,mx MEX,DF,Guadalajara,21,2000,19.5,1184,136,656,515,25,10,1184,11,12,91.7,7,4,781,3,Matches
408,409,Araujo de Oliveira Henrique,mx MEX,"MF,DF",Santos,22,1998,1.4,65,6,24,31,10,0,65,0,1,0.0,1,0,36,0,Matches
409,410,Bryan Olivera,uy URU,MF,Querétaro,27,1994,11.0,507,3,57,304,159,17,506,15,23,65.2,26,17,338,32,Matches
410,411,Maximiliano Olivera,uy URU,DF,FC Juárez,29,1992,28.3,1793,115,733,866,209,14,1793,15,24,62.5,31,5,1087,24,Matches
411,412,Agustín Oliveros,uy URU,DF,Necaxa,22,1998,20.7,1072,97,413,561,104,18,1072,6,8,75.0,13,6,615,8,Matches
412,413,Alejandro Organista,mx MEX,MF,Guadalajara,21,2000,0.3,20,0,3,13,4,0,20,0,0,,0,1,18,0,Matches
413,414,Santiago Ormeño,pe PER,"FW,MF",León,27,1994,8.5,258,8,16,134,115,43,258,9,12,75.0,32,12,186,47,Matches
414,415,Efraín Orona,mx MEX,DF,Atlético,22,1999,6.6,300,26,137,137,27,2,300,4,7,57.1,3,0,131,1,Matches
415,416,Jonathan Orozco,mx MEX,GK,Tijuana,35,1986,26.0,889,738,888,1,0,0,889,0,0,,1,0,368,0,Matches
416,417,Carlos Orrantía,mx MEX,DF,Santos,30,1991,21.6,1117,24,281,558,287,7,1117,8,20,40.0,24,13,555,36,Matches
417,418,Edyairth Ortega,mx MEX,"MF,FW",Atlas,24,1997,1.9,126,1,20,88,18,0,126,0,0,,3,2,84,2,Matches
418,419,Haret Ortega,mx MEX,DF,Toluca,21,2000,26.3,1321,198,819,482,30,22,1321,2,2,100.0,15,1,709,3,Matches
419,420,Arturo Ortiz,mx MEX,DF,UNAM,28,1992,29.1,1721,173,803,882,48,30,1721,8,8,100.0,15,5,1055,2,Matches
420,421,Celso Ortiz,py PAR,MF,Monterrey,32,1989,19.3,947,34,262,605,89,5,947,5,10,50.0,15,13,520,7,Matches
421,422,Christian Ortiz,ar ARG,"MF,FW",Tijuana,28,1992,8.8,435,6,45,190,206,25,435,8,17,47.1,36,10,268,42,Matches
422,423,Mario Osuna,mx MEX,MF,América,32,1988,1.9,109,4,33,74,4,0,109,1,1,100.0,0,1,55,0,Matches
423,424,Rómulo Otero,ve VEN,"MF,FW",Cruz Azul,28,1992,1.9,134,2,10,73,52,4,134,2,3,66.7,7,2,93,9,Matches
424,425,Juan Pablo Meza,mx MEX,DF,Querétaro,27,1993,3.5,162,8,55,82,27,1,162,3,4,75.0,9,1,78,4,Matches
425,426,Juan Pablo Segovia,ar ARG,DF,Puebla,32,1989,25.8,1322,131,610,585,140,27,1322,2,4,50.0,11,2,658,9,Matches
426,427,Juan Pablo Vigón,mx MEX,MF,UANL,30,1991,25.6,1101,16,131,660,326,69,1101,11,29,37.9,51,22,761,71,Matches
427,428,Arturo Palma,mx MEX,"FW,MF",Necaxa,19,2002,0.9,48,0,6,21,25,10,48,3,9,33.3,4,3,35,12,Matches
428,429,Felipe Pardo,co COL,"FW,MF",Toluca,30,1990,1.0,33,0,1,10,23,0,33,1,3,33.3,0,3,28,4,Matches
429,430,Pablo Parra,cl CHI,"MF,FW",Puebla,27,1994,17.4,781,12,89,371,340,36,778,38,71,53.5,35,26,517,51,Matches
430,431,Lucas Passerini,ar ARG,FW,Cruz Azul,27,1994,3.1,109,3,10,38,62,18,108,2,6,33.3,10,11,87,21,Matches
431,432,Esteban Pavez,cl CHI,MF,Tijuana,31,1990,15.3,798,31,168,537,100,10,798,2,4,50.0,9,6,456,8,Matches
432,433,Luis Pavez Muñoz,cl CHI,DF,FC Juárez,25,1995,1.5,87,5,17,45,25,0,87,0,0,,0,1,49,0,Matches
433,434,Miguel Pedroza,mx MEX,"FW,MF",Necaxa,18,2003,0.3,9,0,0,5,4,0,9,0,0,,2,0,8,1,Matches
434,435,Oribe Peralta,mx MEX,"FW,MF",Guadalajara,37,1984,1.0,33,0,2,14,17,5,33,1,2,50.0,6,4,32,7,Matches
435,436,Geisson Perea,co COL,DF,Pachuca,29,1991,1.2,44,5,27,17,0,0,44,0,0,,1,0,21,0,Matches
436,437,Sebastián Pérez Bouquet,mx MEX,MF,Guadalajara,18,2003,4.1,206,2,28,94,87,12,206,7,9,77.8,10,2,143,17,Matches
437,438,Oliver Pérez,mx MEX,DF,UNAM,19,2002,2.0,114,6,32,63,19,1,114,2,3,66.7,2,2,60,2,Matches
438,439,Pavel Pérez,mx MEX,"FW,MF",Guadalajara,23,1998,2.0,89,1,15,57,17,3,89,3,5,60.0,5,6,56,6,Matches
439,440,Maximiliano Perg,uy URU,DF,Querétaro,29,1991,27.4,1186,147,672,493,36,25,1186,3,5,60.0,10,6,616,3,Matches
440,441,Orbelín Pineda,mx MEX,"FW,MF",Cruz Azul,25,1996,11.1,614,6,55,332,238,16,614,15,31,48.4,29,18,459,63,Matches
441,442,Jesús Piñuelas,mx MEX,DF,Atlético,23,1998,14.7,660,66,313,318,35,17,660,7,7,100.0,7,6,355,6,Matches
442,443,Guido Pizarro,ar ARG,"DF,MF",UANL,31,1990,26.7,1630,165,693,844,116,23,1630,12,19,63.2,25,8,1093,21,Matches
443,444,Rodolfo Pizarro,mx MEX,"FW,MF",Monterrey,27,1994,5.4,258,0,22,130,107,18,258,4,9,44.4,16,10,193,29,Matches
444,445,Franco Pizzichillo,uy URU,DF,Santos,25,1996,0.3,25,1,7,14,4,0,25,0,0,,2,0,7,1,Matches
445,446,Vicente Poggi,uy URU,MF,Necaxa,19,2002,1.7,83,6,30,46,10,1,83,1,2,50.0,1,1,43,0,Matches
446,447,Osvaldo Rodríguez del Portal,mx MEX,DF,León,24,1996,21.1,1284,58,409,629,257,27,1284,9,15,60.0,14,10,745,48,Matches
447,448,Ayrton Preciado,ec ECU,FW,Santos,27,1994,5.3,246,3,17,119,113,18,246,5,13,38.5,14,3,164,18,Matches
448,449,Harold Preciado,co COL,FW,Santos,27,1994,12.9,367,12,20,145,205,60,367,14,23,60.9,37,14,280,70,Matches
449,450,Ronaldo Prieto,mx MEX,"MF,DF",Santos,24,1997,11.4,649,33,161,379,113,7,649,1,5,20.0,8,8,321,7,Matches
450,451,Julián Quiñones,co COL,"FW,MF",Atlas,24,1997,28.7,1195,4,57,552,617,130,1195,42,93,45.2,109,90,926,204,Matches
451,452,Mauro Quiroga,ar ARG,FW,Necaxa,31,1989,6.5,207,13,25,97,87,39,207,4,4,100.0,14,2,137,26,Matches
452,453,Yonatthan Rak,uy URU,DF,Tijuana,27,1993,21.2,1129,135,601,487,57,15,1129,9,10,90.0,15,8,620,6,Matches
453,454,Cándido Ramírez,mx MEX,"MF,DF",FC Juárez,28,1993,3.4,133,5,29,55,51,7,133,5,8,62.5,10,3,88,12,Matches
454,455,Kevin Ramírez,uy URU,MF,Puebla,27,1994,1.6,60,1,10,19,31,10,60,1,4,25.0,2,1,46,8,Matches
455,456,Kevin Ramírez,uy URU,"MF,FW",Querétaro,27,1994,12.9,429,5,54,170,215,50,429,18,36,50.0,40,16,305,58,Matches
456,457,Juan Rangel,mx MEX,DF,León,21,2000,0.0,1,0,0,0,1,1,1,0,0,,1,0,1,1,Matches
457,458,Michael Rangel,co COL,"FW,MF",Mazatlán,30,1991,1.3,61,2,4,35,22,7,61,0,2,0.0,3,1,50,12,Matches
458,459,Pedro Raul,br BRA,FW,FC Juárez,24,1996,6.5,215,7,11,104,101,34,215,4,11,36.4,25,8,164,46,Matches
459,460,Salvador Reyes Chávez,mx MEX,"DF,FW",América,23,1998,24.2,1002,31,230,432,347,67,1002,12,27,44.4,37,29,599,71,Matches
460,461,Diego Reyes,mx MEX,DF,UANL,28,1992,22.7,1338,129,634,682,31,8,1338,6,8,75.0,9,5,831,3,Matches
461,462,Israel Reyes,mx MEX,"DF,MF",Puebla,21,2000,26.9,1347,158,677,628,58,9,1347,10,13,76.9,19,4,722,4,Matches
462,463,Jacobo Reyes,us USA,FW,Monterrey,20,2000,0.7,26,0,4,10,12,4,26,0,0,,1,1,17,5,Matches
463,464,Josué Reyes,mx MEX,"DF,FW",Cruz Azul,23,1997,0.2,6,2,3,3,0,0,6,0,0,,0,0,1,0,Matches
464,465,Luis Ricardo Reyes,mx MEX,"DF,MF",Atlas,30,1991,28.9,1423,40,268,628,546,43,1423,17,34,50.0,36,20,762,52,Matches
465,466,Antonio Ríos,mx MEX,MF,Toluca,32,1988,0.7,43,3,8,27,8,0,43,0,0,,1,0,25,0,Matches
466,467,Richard Rios Montoya,co COL,MF,Mazatlán,21,2000,1.4,53,2,9,34,13,3,53,2,5,40.0,5,1,32,2,Matches
467,468,Jesús Rivas,mx MEX,DF,UNAM,18,2002,0.3,17,2,4,11,2,0,17,0,0,,1,0,3,0,Matches
468,469,Ulises Rivas,mx MEX,MF,Santos,25,1996,7.0,259,19,63,153,45,7,259,0,1,0.0,5,0,107,7,Matches
469,470,Christian Rivera,co COL,MF,Tijuana,25,1996,29.0,1621,64,409,1078,166,12,1621,35,52,67.3,39,33,887,24,Matches
470,471,Alejandro Rivero,mx MEX,MF,Querétaro,21,2000,0.1,11,0,2,4,5,1,11,2,3,66.7,1,0,7,0,Matches
471,472,Ignacio Rivero,uy URU,"MF,DF",Cruz Azul,29,1992,29.4,1432,47,327,669,446,50,1432,11,36,30.6,44,15,807,73,Matches
472,473,Jorge Roberto Díaz,mx MEX,"MF,FW",León,23,1998,0.5,34,3,10,14,11,1,34,1,4,25.0,3,0,24,2,Matches
473,474,Ángel Robles,mx MEX,"FW,MF",Puebla,19,2001,2.5,72,3,8,35,31,5,72,1,8,12.5,3,3,49,3,Matches
474,475,Aldo Rocha,mx MEX,MF,Atlas,28,1992,29.9,1637,44,342,1102,218,20,1635,17,21,81.0,26,22,1011,23,Matches
475,476,Alan Rodríguez,mx MEX,"MF,FW",Toluca,25,1996,5.0,262,8,62,173,31,5,262,0,2,0.0,5,1,169,8,Matches
476,477,Charly Rodríguez,mx MEX,"MF,FW",Cruz Azul,24,1997,9.2,490,5,57,252,186,15,490,8,15,53.3,14,11,306,25,Matches
477,478,Charly Rodríguez,mx MEX,MF,Monterrey,24,1997,11.9,582,10,81,367,145,12,582,10,16,62.5,16,5,409,24,Matches
478,479,David Rodriguez,us USA,"MF,FW",Atlético,19,2002,1.4,42,1,16,12,18,4,42,2,6,33.3,6,4,27,4,Matches
479,480,Jerónimo Rodríguez,mx MEX,"DF,MF",UNAM,22,1999,14.6,681,43,216,304,164,13,681,5,9,55.6,21,6,312,34,Matches
480,481,Jesús Rodríguez,mx MEX,GK,Puebla,28,1993,4.0,136,106,135,1,0,0,136,0,0,,0,0,66,0,Matches
481,482,Jonathan Rodríguez,uy URU,"FW,MF",Cruz Azul,28,1993,7.6,233,6,22,79,135,25,230,4,11,36.4,18,10,176,52,Matches
482,483,Jorge Rodríguez,mx MEX,DF,Toluca,19,2001,19.9,1070,50,381,500,194,10,1070,8,18,44.4,19,10,576,26,Matches
483,484,Lucas Rodríguez,uy URU,"MF,DF",Atlas,24,1997,0.1,11,0,1,6,4,0,11,0,0,,0,0,9,1,Matches
484,485,Lucas Rodríguez,ar ARG,"FW,MF",Tijuana,24,1997,25.3,1215,11,153,663,423,63,1215,66,121,54.5,58,32,841,119,Matches
485,486,Michell Rodríguez,mx MEX,"FW,MF",Monterrey,20,2000,0.2,9,0,1,5,3,0,9,0,0,,0,0,7,1,Matches
486,487,Salvador Rodríguez,mx MEX,"DF,FW",Mazatlán,19,2001,6.5,224,15,63,109,55,6,224,2,6,33.3,4,7,124,9,Matches
487,488,Rogério,br BRA,"FW,MF",UNAM,30,1990,18.2,503,14,29,226,249,60,503,9,25,36.0,59,26,344,86,Matches
488,489,Diego Rolán,uy URU,FW,FC Juárez,28,1993,13.4,488,3,30,267,197,39,487,13,30,43.3,43,19,378,80,Matches
489,490,Juan Romagnoli,ar ARG,MF,Querétaro,25,1996,4.4,163,8,26,81,61,13,163,5,15,33.3,10,6,99,16,Matches
490,491,Ángel Romero,py PAR,"MF,FW",Cruz Azul,29,1992,7.7,363,3,36,168,166,15,363,18,25,72.0,19,11,264,36,Matches
491,492,Luis Romo,mx MEX,"MF,DF",Cruz Azul,26,1995,7.7,498,29,135,238,127,19,498,4,9,44.4,19,7,342,20,Matches
492,493,Luis Romo,mx MEX,MF,Monterrey,26,1995,12.8,648,19,127,347,181,30,647,7,13,53.8,29,8,418,43,Matches
493,494,Carlos Rosel,mx MEX,"MF,FW",FC Juárez,25,1995,4.8,169,4,21,71,85,6,169,8,17,47.1,13,9,118,16,Matches
494,495,Fernando Rubén González,mx MEX,MF,Necaxa,27,1994,30.0,1638,53,339,1088,231,10,1638,17,30,56.7,51,18,942,34,Matches
495,496,Brian Rubio,mx MEX,FW,Mazatlán,24,1996,14.0,604,15,39,310,256,44,604,10,18,55.6,73,20,456,77,Matches
496,497,Marcel Ruiz,mx MEX,MF,Tijuana,20,2000,18.2,1011,37,181,615,225,20,1011,15,28,53.6,37,20,670,66,Matches
497,498,Jorge Ruvalcaba,us USA,"MF,FW",UNAM,20,2001,3.2,121,1,15,52,57,20,121,6,13,46.2,4,4,84,23,Matches
498,499,Javier Salas,mx MEX,MF,Puebla,27,1993,25.9,1205,40,264,853,101,9,1205,10,19,52.6,23,11,771,26,Matches
499,500,Maximiliano Salas,ar ARG,"FW,MF",Necaxa,23,1997,9.6,401,4,32,166,210,35,400,17,30,56.7,37,15,271,58,Matches
500,501,Carlos Salcedo,mx MEX,DF,UANL,27,1993,12.2,865,62,382,434,57,13,865,6,7,85.7,4,5,572,3,Matches
501,502,Alfredo Saldívar,mx MEX,GK,Toluca,31,1990,1.9,43,36,43,0,0,0,43,0,0,,0,0,20,0,Matches
502,503,Rodrigo Salinas,mx MEX,DF,Toluca,33,1988,0.3,21,0,3,10,9,1,21,0,0,,0,0,12,1,Matches
503,504,Rubens Sambueza,ar ARG,"FW,MF",Toluca,37,1984,15.3,961,6,82,448,444,26,958,23,40,57.5,31,31,690,79,Matches
504,505,Rubens Sambueza,ar ARG,"MF,FW",Atlético,37,1984,10.3,523,4,58,237,238,11,522,9,21,42.9,28,24,387,51,Matches
505,506,Braian Samudio,py PAR,"FW,MF",Toluca,25,1995,10.3,541,11,70,275,210,29,541,14,21,66.7,34,11,414,48,Matches
506,507,Juan Sanabria,uy URU,"MF,FW",Atlético,21,2000,26.3,1070,37,215,570,296,28,1070,15,26,57.7,45,11,590,58,Matches
507,508,Andrés Sánchez,mx MEX,GK,Atlético,23,1997,4.0,104,89,101,3,0,0,104,0,0,,0,0,24,0,Matches
508,509,Erick Sánchez,mx MEX,MF,Pachuca,21,1999,27.6,1339,31,238,837,277,29,1339,28,44,63.6,36,21,861,55,Matches
509,510,Jesús Sánchez García,mx MEX,DF,Guadalajara,31,1989,9.0,566,25,176,302,90,4,566,0,3,0.0,8,4,304,18,Matches
510,511,Luis Sánchez,mx MEX,DF,Monterrey,21,2000,0.5,21,1,10,10,1,0,21,0,0,,0,0,12,0,Matches
511,512,Richard Sánchez,py PAR,MF,América,25,1996,22.2,1277,20,150,785,353,10,1277,14,22,63.6,24,14,805,33,Matches
512,513,Gael Sandoval,mx MEX,"MF,DF",Mazatlán,25,1995,0.6,22,1,2,12,8,2,22,1,1,100.0,1,0,16,2,Matches
513,514,Raúl Sandoval,mx MEX,"DF,FW",Necaxa,21,2000,2.2,128,7,23,58,49,4,128,3,4,75.0,10,4,76,5,Matches
514,515,Raúl Sandoval,mx MEX,"FW,DF",Mazatlán,21,2000,0.7,27,1,6,12,10,0,27,0,5,0.0,1,2,17,1,Matches
515,516,Miguel Sansores,mx MEX,"FW,MF",Tijuana,30,1991,2.8,105,2,5,44,57,12,104,2,3,66.7,15,4,84,18,Matches
516,517,Miguel Sansores,mx MEX,"FW,MF",Mazatlán,30,1991,5.7,199,7,18,98,84,27,199,1,3,33.3,16,4,136,25,Matches
517,518,Anderson Santamaría,pe PER,DF,Atlas,29,1992,29.2,1362,145,657,655,67,12,1362,9,12,75.0,14,6,785,4,Matches
518,519,Harold Santiago Mosquera,co COL,"MF,FW",Pachuca,26,1995,3.1,189,0,12,78,108,9,189,12,20,60.0,9,9,130,19,Matches
519,520,Flavio Santos,mx MEX,"MF,FW",FC Juárez,34,1987,15.4,602,29,92,307,209,38,602,11,24,45.8,42,14,397,76,Matches
520,521,Camilo Sanvezzo,br BRA,"FW,MF",Toluca,33,1988,11.8,364,10,20,188,159,36,364,7,17,41.2,31,12,269,68,Matches
521,522,Camilo Sanvezzo,br BRA,FW,Mazatlán,33,1988,10.9,294,1,15,145,135,31,291,1,12,8.3,35,12,189,45,Matches
522,523,Brandon Sartiaguin,mx MEX,DF,Toluca,21,2000,3.1,156,16,84,62,10,3,156,1,2,50.0,5,0,73,0,Matches
523,524,Sebastián Saucedo,us USA,"MF,FW",UNAM,24,1997,16.2,705,9,76,335,315,60,705,27,48,56.3,44,24,496,74,Matches
524,525,Francisco Sebastián Córdova,mx MEX,"FW,MF",América,24,1997,9.1,376,6,31,204,146,26,375,7,23,30.4,34,20,264,46,Matches
525,526,Francisco Sebastián Córdova,mx MEX,MF,UANL,24,1997,5.0,311,4,37,162,116,14,311,7,15,46.7,20,11,218,19,Matches
526,527,Ángel Sepúlveda,mx MEX,"FW,MF",Necaxa,30,1991,6.4,257,11,35,109,119,24,257,2,10,20.0,17,5,172,38,Matches
527,528,Ángel Sepúlveda,mx MEX,FW,Querétaro,30,1991,14.5,405,18,41,191,181,66,403,5,11,45.5,52,17,304,75,Matches
528,529,Gilberto Sepúlveda,mx MEX,DF,Guadalajara,22,1999,17.4,1054,104,577,443,41,14,1054,6,10,60.0,10,2,650,8,Matches
529,530,Leonardo Sequeira,ar ARG,"MF,FW",Querétaro,26,1995,13.4,488,11,76,206,219,47,488,19,47,40.4,44,18,291,69,Matches
530,531,Jordan Sierra,ec ECU,MF,Toluca,24,1997,14.5,737,22,161,497,92,12,737,10,14,71.4,29,14,497,28,Matches
531,532,Antony Silva,py PAR,GK,Puebla,37,1984,30.0,898,827,892,6,0,0,898,0,0,,2,0,242,0,Matches
532,533,Jordan Silva,mx MEX,DF,América,27,1994,12.4,637,115,408,212,21,14,637,2,2,100.0,5,1,330,1,Matches
533,534,Maximiliano Silvera,uy URU,FW,FC Juárez,23,1997,11.3,357,1,33,186,144,25,357,13,34,38.2,29,27,247,61,Matches
534,535,Gonzalo Sosa,ar ARG,FW,Mazatlán,32,1989,10.2,285,11,13,148,124,41,285,2,5,40.0,41,6,210,43,Matches
535,536,Ismael Sosa,ar ARG,"FW,MF",Pachuca,34,1987,3.7,197,2,10,86,102,9,197,5,7,71.4,9,9,150,29,Matches
536,537,Nicolás Sosa,uy URU,"FW,MF",Querétaro,25,1996,9.2,215,12,21,92,102,22,215,3,11,27.3,25,6,141,35,Matches
537,538,Yeferson Soteldo,ve VEN,"MF,FW",UANL,24,1997,4.1,248,2,14,92,146,20,248,16,40,40.0,11,11,205,31,Matches
538,539,Jonathan Suárez,mx MEX,MF,Tijuana,24,1997,0.0,3,1,1,2,0,0,3,0,0,,0,0,2,0,Matches
539,540,Leonardo Suárez,ar ARG,MF,Santos,25,1996,9.0,424,7,39,209,182,16,424,12,25,48.0,15,13,252,40,Matches
540,541,Leonardo Suárez,ar ARG,"MF,FW",América,25,1996,1.8,72,0,7,36,29,2,72,2,4,50.0,5,2,54,7,Matches
541,542,Christian Tabó,uy URU,"FW,MF",Cruz Azul,27,1993,4.6,156,2,17,59,81,19,156,0,9,0.0,5,2,102,17,Matches
542,543,Christian Tabó,uy URU,"FW,MF",Puebla,27,1993,15.8,574,14,77,217,289,52,572,21,49,42.9,43,26,407,72,Matches
543,544,Alfredo Talavera,mx MEX,GK,UNAM,38,1982,25.0,865,735,864,1,1,0,865,0,0,,0,0,242,0,Matches
544,545,Miguel Tapias,mx MEX,DF,Pachuca,24,1997,17.1,828,80,443,358,31,6,828,1,2,50.0,7,2,417,3,Matches
545,546,Eduardo Tercero,mx MEX,DF,Tijuana,25,1996,22.2,1018,153,537,415,76,10,1018,2,6,33.3,8,6,461,14,Matches
546,547,William Tesillo,co COL,DF,León,31,1990,29.9,2101,241,1055,913,157,36,2101,16,28,57.1,19,24,1342,23,Matches
547,548,Florian Thauvin,fr FRA,"MF,FW",UANL,28,1993,16.3,921,4,42,398,495,72,921,37,85,43.5,44,31,708,110,Matches
548,549,Alan Torres,mx MEX,MF,Guadalajara,21,2000,16.3,1082,23,227,708,157,4,1082,7,11,63.6,14,8,768,20,Matches
549,550,Félix Torres Caicedo,ec ECU,DF,Santos,24,1997,29.8,1424,182,734,665,43,34,1424,4,8,50.0,18,4,606,3,Matches
550,551,Gabriel Torres,pa PAN,"FW,MF",UNAM,32,1988,3.5,119,0,19,42,60,8,119,4,8,50.0,5,5,88,17,Matches
551,552,Jairo Torres,mx MEX,"MF,FW",Atlas,21,2000,26.2,1080,19,108,460,532,60,1080,33,83,39.8,50,54,696,91,Matches
552,553,Jorge Torres Nilo,mx MEX,DF,Toluca,33,1988,10.7,586,38,248,259,82,3,586,4,5,80.0,10,0,323,4,Matches
553,554,Raúl Torres Rodríguez,mx MEX,"MF,DF",Querétaro,24,1996,10.2,548,18,121,328,106,9,548,1,9,11.1,27,8,354,20,Matches
554,555,Christopher Trejo,mx MEX,"FW,MF",Atlas,21,1999,5.4,230,7,25,101,109,17,230,5,12,41.7,24,13,150,28,Matches
555,556,Santiago Trigos,mx MEX,MF,UNAM,19,2002,5.3,301,7,72,212,19,2,301,5,10,50.0,11,3,186,3,Matches
556,557,Jesús Trindade,uy URU,MF,Pachuca,28,1993,3.3,225,6,44,150,33,2,225,3,5,60.0,4,1,135,1,Matches
557,558,Julio César González Trinidad,py PAR,DF,Necaxa,29,1992,12.7,591,49,285,259,49,3,591,4,5,80.0,13,2,296,4,Matches
558,559,Franco Troyansky,ar ARG,"FW,MF",Atlas,24,1997,5.7,188,7,23,76,91,26,188,5,15,33.3,21,10,123,27,Matches
559,560,Óscar Ustari,ar ARG,GK,Pachuca,35,1986,32.0,996,846,989,8,0,0,996,1,1,100.0,1,0,328,0,Matches
560,561,Diego Valdés,cl CHI,"MF,FW",Santos,27,1994,13.0,738,13,84,394,274,42,737,21,31,67.7,37,24,507,47,Matches
561,562,Diego Valdés,cl CHI,"MF,FW",América,27,1994,13.1,678,11,55,367,264,40,678,16,28,57.1,30,11,475,50,Matches
562,563,Bruno Valdez,py PAR,DF,América,28,1992,22.1,1183,99,610,532,48,33,1182,2,3,66.7,5,2,703,4,Matches
563,564,Jorge Valdivia,cl CHI,MF,Necaxa,37,1983,1.8,121,0,2,78,42,1,121,5,6,83.3,4,6,107,17,Matches
564,565,Oscar Vanegas,co COL,DF,Toluca,25,1996,21.7,1100,152,662,412,32,22,1100,5,7,71.4,9,1,674,0,Matches
565,566,Camilo Vargas,co COL,GK,Atlas,32,1989,34.0,1091,866,1077,15,1,1,1091,2,2,100.0,1,0,390,0,Matches
566,567,Gerson Vázquez,mx MEX,"FW,MF",Tijuana,19,2001,0.4,29,0,0,7,23,3,29,0,5,0.0,3,1,19,2,Matches
567,568,Iván Vázquez,mx MEX,GK,León,38,1982,2.0,73,61,72,1,0,0,73,0,0,,0,0,26,0,Matches
568,569,Ivo Vázquez,mx MEX,"DF,MF",Puebla,20,2000,7.8,369,19,112,189,74,2,369,4,11,36.4,13,9,202,6,Matches
569,570,Alexis Vega,mx MEX,"FW,MF",Guadalajara,23,1997,20.0,1037,8,77,512,475,41,1037,44,87,50.6,90,39,742,94,Matches
570,571,Sebastián Vegas,cl CHI,DF,Monterrey,24,1996,25.5,1228,96,561,555,128,16,1228,14,24,58.3,25,7,719,14,Matches
571,572,Efraín Velarde,mx MEX,DF,UNAM,35,1986,20.3,1129,32,331,658,151,14,1129,2,13,15.4,18,9,638,15,Matches
572,573,Gustavo Velásquez,py PAR,DF,FC Juárez,30,1991,15.8,851,77,419,389,53,11,851,6,13,46.2,13,4,450,5,Matches
573,574,Érik Vera,mx MEX,DF,Querétaro,29,1992,23.7,1075,58,316,536,231,6,1075,5,7,71.4,18,2,438,24,Matches
574,575,Duván Vergara,co COL,"FW,MF",Monterrey,24,1996,10.8,451,2,37,180,248,43,451,20,38,52.6,27,20,322,49,Matches
575,576,Néstor Vidrio,mx MEX,DF,Mazatlán,32,1989,32.2,1676,249,979,660,42,19,1676,1,2,50.0,10,2,918,1,Matches
576,577,Nicolás Vikonis,uy URU,GK,Mazatlán,37,1984,34.0,1234,1070,1230,3,1,1,1234,0,0,,2,0,465,0,Matches
577,578,Oscar Villa,mx MEX,DF,León,20,2001,3.0,194,9,64,100,31,3,194,1,1,100.0,5,2,110,5,Matches
578,579,Dieter Villalpando,mx MEX,MF,Puebla,29,1991,0.8,44,2,5,28,11,2,44,2,2,100.0,2,1,25,6,Matches
579,580,Dieter Villalpando,mx MEX,MF,Necaxa,29,1991,12.4,610,6,67,324,227,17,610,23,35,65.7,29,17,425,67,Matches
580,581,Sergio Villarreal,mx MEX,DF,Monterrey,21,2000,3.9,194,8,65,94,36,1,194,1,2,50.0,5,1,90,6,Matches
581,582,Federico Viñas,uy URU,FW,América,23,1998,13.7,390,14,21,180,192,58,390,13,20,65.0,49,21,276,52,Matches
582,583,Manuel Viniegra,mx MEX,MF,Querétaro,33,1988,0.1,14,0,4,6,4,0,14,0,0,,0,0,12,0,Matches
583,584,Isaías Violante,mx MEX,"MF,FW",Toluca,17,2003,1.7,85,2,8,36,41,9,85,4,6,66.7,3,2,70,15,Matches
584,585,Andrés Vombergar,si SVN,FW,Atlético,26,1994,11.6,372,8,16,187,173,46,372,5,10,50.0,46,15,270,62,Matches
585,586,Facundo Waller,uy URU,"MF,DF",Atlético,24,1997,23.8,1196,40,262,580,372,27,1196,38,78,48.7,47,33,615,53,Matches
586,587,Hugo Weckmann,mx MEX,FW,Tijuana,17,2004,0.0,7,1,2,3,2,2,7,0,0,,0,0,4,0,Matches
587,588,Sebastián Yanez,mx MEX,DF,Tijuana,18,2003,3.7,235,9,52,111,77,3,235,1,11,9.1,10,3,107,4,Matches
588,589,Yoshimar Yotún,pe PER,MF,Cruz Azul,31,1990,7.7,533,5,72,370,96,5,533,0,2,0.0,10,6,355,13,Matches
589,590,Paolo Yrizar,mx MEX,"FW,DF",Guadalajara,23,1997,0.5,26,0,2,10,14,5,26,0,1,0.0,5,0,16,2,Matches
590,591,Diego Zago,mx MEX,MF,Puebla,19,2002,1.4,62,3,16,41,7,1,62,0,0,,2,2,35,1,Matches
591,592,Ángel Zaldívar,mx MEX,FW,Guadalajara,27,1994,17.7,525,15,34,265,228,64,520,16,29,55.2,48,18,366,76,Matches
592,593,Edgar Zaldívar,mx MEX,MF,Atlas,24,1996,16.9,785,24,111,498,188,16,785,5,9,55.6,30,9,499,27,Matches
593,594,Mauro Zaleta,mx MEX,MF,Cruz Azul,19,2002,0.0,1,0,1,0,0,0,1,0,0,,0,0,0,0,Matches
594,595,Carlos Zamora,mx MEX,DF,Querétaro,25,1996,0.2,5,0,3,1,1,0,5,0,1,0.0,2,0,1,0,Matches
595,596,Jesse Zamudio,mx MEX,"MF,FW",León,22,1999,0.4,23,0,2,13,9,4,23,1,1,100.0,0,1,19,2,Matches
596,597,Ángel Zapata,mx MEX,"MF,FW",Monterrey,20,2001,1.5,78,1,18,44,17,0,78,1,4,25.0,8,1,43,1,Matches
597,598,José Zapata,mx MEX,FW,FC Juárez,18,2003,0.5,9,1,1,5,3,1,9,0,0,,1,0,6,1,Matches
598,599,Jorge Zárate,mx MEX,"MF,DF",Mazatlán,29,1992,4.3,172,2,42,75,59,13,172,4,8,50.0,13,6,103,7,Matches
599,600,Alejandro Zendejas,mx MEX,"FW,MF",América,23,1998,9.2,448,5,43,215,193,26,448,11,22,50.0,19,15,300,42,Matches
600,601,Alejandro Zendejas,mx MEX,MF,Necaxa,23,1998,18.0,1041,29,171,581,312,36,1038,24,50,48.0,24,23,629,63,Matches
